task,logdir,ckpt,episode,window_start,window_end,boundary_rate,read_prob_mean,abs_l2_mean,obs_l2_mean,abs_stoch_l2_mean,obs_stoch_l2_mean,abs_l2_read_mean,obs_l2_read_mean,abs_stoch_l2_read_mean,obs_stoch_l2_read_mean
atari_krull,/home/haselab/projects/stable-deep-world-model/logs/models/from_scratch_atari_krull_vta_3seed_to_400000_20260208_112207/atari_krull_seed2,/home/haselab/projects/stable-deep-world-model/logs/models/from_scratch_atari_krull_vta_3seed_to_400000_20260208_112207/atari_krull_seed2/checkpoints/step-000006250.pt,/home/haselab/projects/stable-deep-world-model/logs/models/from_scratch_atari_krull_vta_3seed_to_400000_20260208_112207/atari_krull_seed2/eval_eps/20260209T072618-38c91e477aab458aa8a3a03a8920e78e-721.npz,0,20,0.05,0.0509246364235878,0.06300090253353119,0.12334249913692474,0.07190515100955963,2.194658041000366,1.1092132329940796,0.5448397397994995,1.4381029605865479,2.192359209060669
atari_krull,/home/haselab/projects/stable-deep-world-model/logs/models/from_scratch_atari_krull_vta_3seed_to_400000_20260208_112207/atari_krull_seed2,/home/haselab/projects/stable-deep-world-model/logs/models/from_scratch_atari_krull_vta_3seed_to_400000_20260208_112207/atari_krull_seed2/checkpoints/step-000006250.pt,/home/haselab/projects/stable-deep-world-model/logs/models/from_scratch_atari_krull_vta_3seed_to_400000_20260208_112207/atari_krull_seed2/eval_eps/20260209T072618-38c91e477aab458aa8a3a03a8920e78e-721.npz,5,25,0.0,0.0009229955030605197,0.0075402394868433475,0.09431452304124832,0.0,2.2272791862487793,nan,nan,nan,nan
atari_krull,/home/haselab/projects/stable-deep-world-model/logs/models/from_scratch_atari_krull_vta_3seed_to_400000_20260208_112207/atari_krull_seed2,/home/haselab/projects/stable-deep-world-model/logs/models/from_scratch_atari_krull_vta_3seed_to_400000_20260208_112207/atari_krull_seed2/checkpoints/step-000006250.pt,/home/haselab/projects/stable-deep-world-model/logs/models/from_scratch_atari_krull_vta_3seed_to_400000_20260208_112207/atari_krull_seed2/eval_eps/20260209T072618-38c91e477aab458aa8a3a03a8920e78e-721.npz,10,30,0.0,0.0006876041879877448,0.1980702131986618,0.5911600589752197,0.0,2.6090188026428223,nan,nan,nan,nan
atari_krull,/home/haselab/projects/stable-deep-world-model/logs/models/from_scratch_atari_krull_vta_3seed_to_400000_20260208_112207/atari_krull_seed2,/home/haselab/projects/stable-deep-world-model/logs/models/from_scratch_atari_krull_vta_3seed_to_400000_20260208_112207/atari_krull_seed2/checkpoints/step-000006250.pt,/home/haselab/projects/stable-deep-world-model/logs/models/from_scratch_atari_krull_vta_3seed_to_400000_20260208_112207/atari_krull_seed2/eval_eps/20260209T072618-38c91e477aab458aa8a3a03a8920e78e-721.npz,15,35,0.0,0.0004380838363431394,0.25964003801345825,0.6935361623764038,0.0,2.568474054336548,nan,nan,nan,nan
atari_krull,/home/haselab/projects/stable-deep-world-model/logs/models/from_scratch_atari_krull_vta_3seed_to_400000_20260208_112207/atari_krull_seed2,/home/haselab/projects/stable-deep-world-model/logs/models/from_scratch_atari_krull_vta_3seed_to_400000_20260208_112207/atari_krull_seed2/checkpoints/step-000006250.pt,/home/haselab/projects/stable-deep-world-model/logs/models/from_scratch_atari_krull_vta_3seed_to_400000_20260208_112207/atari_krull_seed2/eval_eps/20260209T072618-38c91e477aab458aa8a3a03a8920e78e-721.npz,20,40,0.0,0.00019820283341687173,0.3048485219478607,0.7982222437858582,0.0,2.602156639099121,nan,nan,nan,nan
atari_krull,/home/haselab/projects/stable-deep-world-model/logs/models/from_scratch_atari_krull_vta_3seed_to_400000_20260208_112207/atari_krull_seed2,/home/haselab/projects/stable-deep-world-model/logs/models/from_scratch_atari_krull_vta_3seed_to_400000_20260208_112207/atari_krull_seed2/checkpoints/step-000006250.pt,/home/haselab/projects/stable-deep-world-model/logs/models/from_scratch_atari_krull_vta_3seed_to_400000_20260208_112207/atari_krull_seed2/eval_eps/20260209T072618-38c91e477aab458aa8a3a03a8920e78e-721.npz,25,45,0.0,8.44195528770797e-06,0.39320170879364014,0.9679698944091797,0.0,2.6618807315826416,nan,nan,nan,nan
atari_krull,/home/haselab/projects/stable-deep-world-model/logs/models/from_scratch_atari_krull_vta_3seed_to_400000_20260208_112207/atari_krull_seed2,/home/haselab/projects/stable-deep-world-model/logs/models/from_scratch_atari_krull_vta_3seed_to_400000_20260208_112207/atari_krull_seed2/checkpoints/step-000006250.pt,/home/haselab/projects/stable-deep-world-model/logs/models/from_scratch_atari_krull_vta_3seed_to_400000_20260208_112207/atari_krull_seed2/eval_eps/20260209T072618-38c91e477aab458aa8a3a03a8920e78e-721.npz,30,50,0.0,4.502724095800659e-06,0.25822752714157104,0.5788123607635498,0.0,2.3624656200408936,nan,nan,nan,nan
atari_krull,/home/haselab/projects/stable-deep-world-model/logs/models/from_scratch_atari_krull_vta_3seed_to_400000_20260208_112207/atari_krull_seed2,/home/haselab/projects/stable-deep-world-model/logs/models/from_scratch_atari_krull_vta_3seed_to_400000_20260208_112207/atari_krull_seed2/checkpoints/step-000006250.pt,/home/haselab/projects/stable-deep-world-model/logs/models/from_scratch_atari_krull_vta_3seed_to_400000_20260208_112207/atari_krull_seed2/eval_eps/20260209T072618-38c91e477aab458aa8a3a03a8920e78e-721.npz,35,55,0.05,0.050002001225948334,0.251481294631958,0.665009617805481,0.2442215234041214,2.5472006797790527,0.3973214626312256,1.4756983518600464,4.884430408477783,2.984025478363037
atari_krull,/home/haselab/projects/stable-deep-world-model/logs/models/from_scratch_atari_krull_vta_3seed_to_400000_20260208_112207/atari_krull_seed2,/home/haselab/projects/stable-deep-world-model/logs/models/from_scratch_atari_krull_vta_3seed_to_400000_20260208_112207/atari_krull_seed2/checkpoints/step-000006250.pt,/home/haselab/projects/stable-deep-world-model/logs/models/from_scratch_atari_krull_vta_3seed_to_400000_20260208_112207/atari_krull_seed2/eval_eps/20260209T072618-38c91e477aab458aa8a3a03a8920e78e-721.npz,40,60,0.05,0.050001125782728195,0.2885836362838745,0.7582666277885437,0.2442215234041214,2.633596181869507,0.3973214626312256,1.4756983518600464,4.884430408477783,2.984025478363037
atari_krull,/home/haselab/projects/stable-deep-world-model/logs/models/from_scratch_atari_krull_vta_3seed_to_400000_20260208_112207/atari_krull_seed2,/home/haselab/projects/stable-deep-world-model/logs/models/from_scratch_atari_krull_vta_3seed_to_400000_20260208_112207/atari_krull_seed2/checkpoints/step-000006250.pt,/home/haselab/projects/stable-deep-world-model/logs/models/from_scratch_atari_krull_vta_3seed_to_400000_20260208_112207/atari_krull_seed2/eval_eps/20260209T072618-38c91e477aab458aa8a3a03a8920e78e-721.npz,45,65,0.05,0.05000043660402298,0.26442068815231323,0.6735192537307739,0.2442215234041214,2.628066062927246,0.3973214626312256,1.4756983518600464,4.884430408477783,2.984025478363037
atari_krull,/home/haselab/projects/stable-deep-world-model/logs/models/from_scratch_atari_krull_vta_3seed_to_400000_20260208_112207/atari_krull_seed2,/home/haselab/projects/stable-deep-world-model/logs/models/from_scratch_atari_krull_vta_3seed_to_400000_20260208_112207/atari_krull_seed2/checkpoints/step-000006250.pt,/home/haselab/projects/stable-deep-world-model/logs/models/from_scratch_atari_krull_vta_3seed_to_400000_20260208_112207/atari_krull_seed2/eval_eps/20260209T072618-38c91e477aab458aa8a3a03a8920e78e-721.npz,50,70,0.05,0.05000033229589462,0.28560513257980347,0.6791933178901672,0.2442215234041214,2.704582929611206,0.3973214626312256,1.4756983518600464,4.884430408477783,2.984025478363037
atari_krull,/home/haselab/projects/stable-deep-world-model/logs/models/from_scratch_atari_krull_vta_3seed_to_400000_20260208_112207/atari_krull_seed2,/home/haselab/projects/stable-deep-world-model/logs/models/from_scratch_atari_krull_vta_3seed_to_400000_20260208_112207/atari_krull_seed2/checkpoints/step-000006250.pt,/home/haselab/projects/stable-deep-world-model/logs/models/from_scratch_atari_krull_vta_3seed_to_400000_20260208_112207/atari_krull_seed2/eval_eps/20260209T072618-38c91e477aab458aa8a3a03a8920e78e-721.npz,55,75,0.0,1.8971291865454987e-05,0.3382776379585266,0.7317219972610474,0.0,2.7484209537506104,nan,nan,nan,nan
atari_krull,/home/haselab/projects/stable-deep-world-model/logs/models/from_scratch_atari_krull_vta_3seed_to_400000_20260208_112207/atari_krull_seed2,/home/haselab/projects/stable-deep-world-model/logs/models/from_scratch_atari_krull_vta_3seed_to_400000_20260208_112207/atari_krull_seed2/checkpoints/step-000006250.pt,/home/haselab/projects/stable-deep-world-model/logs/models/from_scratch_atari_krull_vta_3seed_to_400000_20260208_112207/atari_krull_seed2/eval_eps/20260209T072618-38c91e477aab458aa8a3a03a8920e78e-721.npz,60,80,0.0,5.1538110710680485e-05,0.3312695026397705,0.652670681476593,0.0,2.680272102355957,nan,nan,nan,nan
atari_krull,/home/haselab/projects/stable-deep-world-model/logs/models/from_scratch_atari_krull_vta_3seed_to_400000_20260208_112207/atari_krull_seed2,/home/haselab/projects/stable-deep-world-model/logs/models/from_scratch_atari_krull_vta_3seed_to_400000_20260208_112207/atari_krull_seed2/checkpoints/step-000006250.pt,/home/haselab/projects/stable-deep-world-model/logs/models/from_scratch_atari_krull_vta_3seed_to_400000_20260208_112207/atari_krull_seed2/eval_eps/20260209T072618-38c91e477aab458aa8a3a03a8920e78e-721.npz,65,85,0.0,8.143980812747031e-05,0.35974985361099243,0.7006217241287231,0.0,2.682857036590576,nan,nan,nan,nan
atari_krull,/home/haselab/projects/stable-deep-world-model/logs/models/from_scratch_atari_krull_vta_3seed_to_400000_20260208_112207/atari_krull_seed2,/home/haselab/projects/stable-deep-world-model/logs/models/from_scratch_atari_krull_vta_3seed_to_400000_20260208_112207/atari_krull_seed2/checkpoints/step-000006250.pt,/home/haselab/projects/stable-deep-world-model/logs/models/from_scratch_atari_krull_vta_3seed_to_400000_20260208_112207/atari_krull_seed2/eval_eps/20260209T072618-38c91e477aab458aa8a3a03a8920e78e-721.npz,70,90,0.05,0.036478132009506226,0.4542882442474365,0.8495644330978394,0.21824748814105988,2.7418603897094727,2.032762289047241,3.178314447402954,4.364949703216553,3.8381052017211914
atari_krull,/home/haselab/projects/stable-deep-world-model/logs/models/from_scratch_atari_krull_vta_3seed_to_400000_20260208_112207/atari_krull_seed2,/home/haselab/projects/stable-deep-world-model/logs/models/from_scratch_atari_krull_vta_3seed_to_400000_20260208_112207/atari_krull_seed2/checkpoints/step-000006250.pt,/home/haselab/projects/stable-deep-world-model/logs/models/from_scratch_atari_krull_vta_3seed_to_400000_20260208_112207/atari_krull_seed2/eval_eps/20260209T072618-38c91e477aab458aa8a3a03a8920e78e-721.npz,75,95,0.05,0.04417981579899788,0.4443875849246979,0.7522733807563782,0.21824748814105988,2.72094464302063,2.032762289047241,3.178314447402954,4.364949703216553,3.8381052017211914
atari_krull,/home/haselab/projects/stable-deep-world-model/logs/models/from_scratch_atari_krull_vta_3seed_to_400000_20260208_112207/atari_krull_seed2,/home/haselab/projects/stable-deep-world-model/logs/models/from_scratch_atari_krull_vta_3seed_to_400000_20260208_112207/atari_krull_seed2/checkpoints/step-000006250.pt,/home/haselab/projects/stable-deep-world-model/logs/models/from_scratch_atari_krull_vta_3seed_to_400000_20260208_112207/atari_krull_seed2/eval_eps/20260209T072618-38c91e477aab458aa8a3a03a8920e78e-721.npz,80,100,0.05,0.044180046766996384,0.45595598220825195,0.7571393251419067,0.21824748814105988,2.742628574371338,2.032762289047241,3.178314447402954,4.364949703216553,3.8381052017211914
atari_krull,/home/haselab/projects/stable-deep-world-model/logs/models/from_scratch_atari_krull_vta_3seed_to_400000_20260208_112207/atari_krull_seed2,/home/haselab/projects/stable-deep-world-model/logs/models/from_scratch_atari_krull_vta_3seed_to_400000_20260208_112207/atari_krull_seed2/checkpoints/step-000006250.pt,/home/haselab/projects/stable-deep-world-model/logs/models/from_scratch_atari_krull_vta_3seed_to_400000_20260208_112207/atari_krull_seed2/eval_eps/20260209T072618-38c91e477aab458aa8a3a03a8920e78e-721.npz,85,105,0.05,0.04415930062532425,0.41200000047683716,0.6838809251785278,0.21824748814105988,2.716806173324585,2.032762289047241,3.178314447402954,4.364949703216553,3.8381052017211914
atari_krull,/home/haselab/projects/stable-deep-world-model/logs/models/from_scratch_atari_krull_vta_3seed_to_400000_20260208_112207/atari_krull_seed2,/home/haselab/projects/stable-deep-world-model/logs/models/from_scratch_atari_krull_vta_3seed_to_400000_20260208_112207/atari_krull_seed2/checkpoints/step-000006250.pt,/home/haselab/projects/stable-deep-world-model/logs/models/from_scratch_atari_krull_vta_3seed_to_400000_20260208_112207/atari_krull_seed2/eval_eps/20260209T072618-38c91e477aab458aa8a3a03a8920e78e-721.npz,90,110,0.0,0.0077659874223172665,0.32921287417411804,0.616806149482727,0.0,2.5982470512390137,nan,nan,nan,nan
atari_krull,/home/haselab/projects/stable-deep-world-model/logs/models/from_scratch_atari_krull_vta_3seed_to_400000_20260208_112207/atari_krull_seed2,/home/haselab/projects/stable-deep-world-model/logs/models/from_scratch_atari_krull_vta_3seed_to_400000_20260208_112207/atari_krull_seed2/checkpoints/step-000006250.pt,/home/haselab/projects/stable-deep-world-model/logs/models/from_scratch_atari_krull_vta_3seed_to_400000_20260208_112207/atari_krull_seed2/eval_eps/20260209T072618-38c91e477aab458aa8a3a03a8920e78e-721.npz,95,115,0.0,4.761889067594893e-05,0.28609171509742737,0.5421863794326782,0.0,2.4222989082336426,nan,nan,nan,nan
atari_krull,/home/haselab/projects/stable-deep-world-model/logs/models/from_scratch_atari_krull_vta_3seed_to_400000_20260208_112207/atari_krull_seed2,/home/haselab/projects/stable-deep-world-model/logs/models/from_scratch_atari_krull_vta_3seed_to_400000_20260208_112207/atari_krull_seed2/checkpoints/step-000006250.pt,/home/haselab/projects/stable-deep-world-model/logs/models/from_scratch_atari_krull_vta_3seed_to_400000_20260208_112207/atari_krull_seed2/eval_eps/20260209T072618-38c91e477aab458aa8a3a03a8920e78e-721.npz,100,120,0.0,1.617443558643572e-05,0.2596482038497925,0.48537129163742065,0.0,2.316737413406372,nan,nan,nan,nan
atari_krull,/home/haselab/projects/stable-deep-world-model/logs/models/from_scratch_atari_krull_vta_3seed_to_400000_20260208_112207/atari_krull_seed2,/home/haselab/projects/stable-deep-world-model/logs/models/from_scratch_atari_krull_vta_3seed_to_400000_20260208_112207/atari_krull_seed2/checkpoints/step-000006250.pt,/home/haselab/projects/stable-deep-world-model/logs/models/from_scratch_atari_krull_vta_3seed_to_400000_20260208_112207/atari_krull_seed2/eval_eps/20260209T072618-38c91e477aab458aa8a3a03a8920e78e-721.npz,105,125,0.0,7.429684046655893e-06,0.3022625744342804,0.5679173469543457,0.0,2.3294312953948975,nan,nan,nan,nan
atari_krull,/home/haselab/projects/stable-deep-world-model/logs/models/from_scratch_atari_krull_vta_3seed_to_400000_20260208_112207/atari_krull_seed2,/home/haselab/projects/stable-deep-world-model/logs/models/from_scratch_atari_krull_vta_3seed_to_400000_20260208_112207/atari_krull_seed2/checkpoints/step-000006250.pt,/home/haselab/projects/stable-deep-world-model/logs/models/from_scratch_atari_krull_vta_3seed_to_400000_20260208_112207/atari_krull_seed2/eval_eps/20260209T072618-38c91e477aab458aa8a3a03a8920e78e-721.npz,110,130,0.0,4.442851604835596e-06,0.2874103784561157,0.47294893860816956,0.0,2.2848944664001465,nan,nan,nan,nan
atari_krull,/home/haselab/projects/stable-deep-world-model/logs/models/from_scratch_atari_krull_vta_3seed_to_400000_20260208_112207/atari_krull_seed2,/home/haselab/projects/stable-deep-world-model/logs/models/from_scratch_atari_krull_vta_3seed_to_400000_20260208_112207/atari_krull_seed2/checkpoints/step-000006250.pt,/home/haselab/projects/stable-deep-world-model/logs/models/from_scratch_atari_krull_vta_3seed_to_400000_20260208_112207/atari_krull_seed2/eval_eps/20260209T072618-38c91e477aab458aa8a3a03a8920e78e-721.npz,115,135,0.0,2.844591335815494e-06,0.22539587318897247,0.39467790722846985,0.0,2.32357120513916,nan,nan,nan,nan
atari_krull,/home/haselab/projects/stable-deep-world-model/logs/models/from_scratch_atari_krull_vta_3seed_to_400000_20260208_112207/atari_krull_seed2,/home/haselab/projects/stable-deep-world-model/logs/models/from_scratch_atari_krull_vta_3seed_to_400000_20260208_112207/atari_krull_seed2/checkpoints/step-000006250.pt,/home/haselab/projects/stable-deep-world-model/logs/models/from_scratch_atari_krull_vta_3seed_to_400000_20260208_112207/atari_krull_seed2/eval_eps/20260209T072618-38c91e477aab458aa8a3a03a8920e78e-721.npz,120,140,0.05,0.05000215768814087,0.27407440543174744,0.6660981774330139,0.19965003430843353,2.74527645111084,0.5094299912452698,0.9955624938011169,3.9930007457733154,3.6057534217834473
atari_krull,/home/haselab/projects/stable-deep-world-model/logs/models/from_scratch_atari_krull_vta_3seed_to_400000_20260208_112207/atari_krull_seed2,/home/haselab/projects/stable-deep-world-model/logs/models/from_scratch_atari_krull_vta_3seed_to_400000_20260208_112207/atari_krull_seed2/checkpoints/step-000006250.pt,/home/haselab/projects/stable-deep-world-model/logs/models/from_scratch_atari_krull_vta_3seed_to_400000_20260208_112207/atari_krull_seed2/eval_eps/20260209T072618-38c91e477aab458aa8a3a03a8920e78e-721.npz,125,145,0.05,0.0500028133392334,0.18274538218975067,0.55376797914505,0.19965003430843353,2.748387575149536,0.5094299912452698,0.9955624938011169,3.9930007457733154,3.6057534217834473
atari_krull,/home/haselab/projects/stable-deep-world-model/logs/models/from_scratch_atari_krull_vta_3seed_to_400000_20260208_112207/atari_krull_seed2,/home/haselab/projects/stable-deep-world-model/logs/models/from_scratch_atari_krull_vta_3seed_to_400000_20260208_112207/atari_krull_seed2/checkpoints/step-000006250.pt,/home/haselab/projects/stable-deep-world-model/logs/models/from_scratch_atari_krull_vta_3seed_to_400000_20260208_112207/atari_krull_seed2/eval_eps/20260209T072618-38c91e477aab458aa8a3a03a8920e78e-721.npz,130,150,0.05,0.050003547221422195,0.1500893235206604,0.4928736090660095,0.19965003430843353,2.8539774417877197,0.5094299912452698,0.9955624938011169,3.9930007457733154,3.6057534217834473
atari_krull,/home/haselab/projects/stable-deep-world-model/logs/models/from_scratch_atari_krull_vta_3seed_to_400000_20260208_112207/atari_krull_seed2,/home/haselab/projects/stable-deep-world-model/logs/models/from_scratch_atari_krull_vta_3seed_to_400000_20260208_112207/atari_krull_seed2/checkpoints/step-000006250.pt,/home/haselab/projects/stable-deep-world-model/logs/models/from_scratch_atari_krull_vta_3seed_to_400000_20260208_112207/atari_krull_seed2/eval_eps/20260209T072618-38c91e477aab458aa8a3a03a8920e78e-721.npz,135,155,0.05,0.0500037781894207,0.23341841995716095,0.7265909910202026,0.19965003430843353,2.9554147720336914,0.5094299912452698,0.9955624938011169,3.9930007457733154,3.6057534217834473
atari_krull,/home/haselab/projects/stable-deep-world-model/logs/models/from_scratch_atari_krull_vta_3seed_to_400000_20260208_112207/atari_krull_seed2,/home/haselab/projects/stable-deep-world-model/logs/models/from_scratch_atari_krull_vta_3seed_to_400000_20260208_112207/atari_krull_seed2/checkpoints/step-000006250.pt,/home/haselab/projects/stable-deep-world-model/logs/models/from_scratch_atari_krull_vta_3seed_to_400000_20260208_112207/atari_krull_seed2/eval_eps/20260209T072618-38c91e477aab458aa8a3a03a8920e78e-721.npz,140,160,0.0,3.248716893722303e-06,0.20081587135791779,0.4918842911720276,0.0,2.6526553630828857,nan,nan,nan,nan
atari_krull,/home/haselab/projects/stable-deep-world-model/logs/models/from_scratch_atari_krull_vta_3seed_to_400000_20260208_112207/atari_krull_seed2,/home/haselab/projects/stable-deep-world-model/logs/models/from_scratch_atari_krull_vta_3seed_to_400000_20260208_112207/atari_krull_seed2/checkpoints/step-000006250.pt,/home/haselab/projects/stable-deep-world-model/logs/models/from_scratch_atari_krull_vta_3seed_to_400000_20260208_112207/atari_krull_seed2/eval_eps/20260209T072618-38c91e477aab458aa8a3a03a8920e78e-721.npz,145,165,0.0,2.3464849618903827e-06,0.28214356303215027,0.5312853455543518,0.0,2.667724609375,nan,nan,nan,nan
atari_krull,/home/haselab/projects/stable-deep-world-model/logs/models/from_scratch_atari_krull_vta_3seed_to_400000_20260208_112207/atari_krull_seed2,/home/haselab/projects/stable-deep-world-model/logs/models/from_scratch_atari_krull_vta_3seed_to_400000_20260208_112207/atari_krull_seed2/checkpoints/step-000006250.pt,/home/haselab/projects/stable-deep-world-model/logs/models/from_scratch_atari_krull_vta_3seed_to_400000_20260208_112207/atari_krull_seed2/eval_eps/20260209T072618-38c91e477aab458aa8a3a03a8920e78e-721.npz,150,170,0.0,1.2479189308578498e-06,0.24116043746471405,0.49598512053489685,0.0,2.5684587955474854,nan,nan,nan,nan
atari_krull,/home/haselab/projects/stable-deep-world-model/logs/models/from_scratch_atari_krull_vta_3seed_to_400000_20260208_112207/atari_krull_seed2,/home/haselab/projects/stable-deep-world-model/logs/models/from_scratch_atari_krull_vta_3seed_to_400000_20260208_112207/atari_krull_seed2/checkpoints/step-000006250.pt,/home/haselab/projects/stable-deep-world-model/logs/models/from_scratch_atari_krull_vta_3seed_to_400000_20260208_112207/atari_krull_seed2/eval_eps/20260209T072618-38c91e477aab458aa8a3a03a8920e78e-721.npz,155,175,0.0,6.964423846511636e-07,0.1578313410282135,0.2632334232330322,0.0,2.62019681930542,nan,nan,nan,nan
atari_krull,/home/haselab/projects/stable-deep-world-model/logs/models/from_scratch_atari_krull_vta_3seed_to_400000_20260208_112207/atari_krull_seed2,/home/haselab/projects/stable-deep-world-model/logs/models/from_scratch_atari_krull_vta_3seed_to_400000_20260208_112207/atari_krull_seed2/checkpoints/step-000006250.pt,/home/haselab/projects/stable-deep-world-model/logs/models/from_scratch_atari_krull_vta_3seed_to_400000_20260208_112207/atari_krull_seed2/eval_eps/20260209T072618-38c91e477aab458aa8a3a03a8920e78e-721.npz,160,180,0.0,6.443563052016543e-07,0.08132773637771606,0.16106322407722473,0.0,2.5537710189819336,nan,nan,nan,nan
atari_krull,/home/haselab/projects/stable-deep-world-model/logs/models/from_scratch_atari_krull_vta_3seed_to_400000_20260208_112207/atari_krull_seed2,/home/haselab/projects/stable-deep-world-model/logs/models/from_scratch_atari_krull_vta_3seed_to_400000_20260208_112207/atari_krull_seed2/checkpoints/step-000006250.pt,/home/haselab/projects/stable-deep-world-model/logs/models/from_scratch_atari_krull_vta_3seed_to_400000_20260208_112207/atari_krull_seed2/eval_eps/20260209T072618-38c91e477aab458aa8a3a03a8920e78e-721.npz,165,185,0.0,5.647162879540701e-07,0.039720676839351654,0.1102442517876625,0.0,2.4913904666900635,nan,nan,nan,nan
atari_krull,/home/haselab/projects/stable-deep-world-model/logs/models/from_scratch_atari_krull_vta_3seed_to_400000_20260208_112207/atari_krull_seed2,/home/haselab/projects/stable-deep-world-model/logs/models/from_scratch_atari_krull_vta_3seed_to_400000_20260208_112207/atari_krull_seed2/checkpoints/step-000006250.pt,/home/haselab/projects/stable-deep-world-model/logs/models/from_scratch_atari_krull_vta_3seed_to_400000_20260208_112207/atari_krull_seed2/eval_eps/20260209T072618-38c91e477aab458aa8a3a03a8920e78e-721.npz,170,190,0.05,0.050000570714473724,0.11458573490381241,0.22410789132118225,0.07811079174280167,2.587831974029541,0.49219003319740295,0.721469521522522,1.562215805053711,2.9043140411376953
atari_krull,/home/haselab/projects/stable-deep-world-model/logs/models/from_scratch_atari_krull_vta_3seed_to_400000_20260208_112207/atari_krull_seed2,/home/haselab/projects/stable-deep-world-model/logs/models/from_scratch_atari_krull_vta_3seed_to_400000_20260208_112207/atari_krull_seed2/checkpoints/step-000006250.pt,/home/haselab/projects/stable-deep-world-model/logs/models/from_scratch_atari_krull_vta_3seed_to_400000_20260208_112207/atari_krull_seed2/eval_eps/20260209T072618-38c91e477aab458aa8a3a03a8920e78e-721.npz,175,195,0.05,0.05000060051679611,0.2333558052778244,0.3286859691143036,0.07811079174280167,2.4590485095977783,0.49219003319740295,0.721469521522522,1.562215805053711,2.9043140411376953
atari_krull,/home/haselab/projects/stable-deep-world-model/logs/models/from_scratch_atari_krull_vta_3seed_to_400000_20260208_112207/atari_krull_seed2,/home/haselab/projects/stable-deep-world-model/logs/models/from_scratch_atari_krull_vta_3seed_to_400000_20260208_112207/atari_krull_seed2/checkpoints/step-000006250.pt,/home/haselab/projects/stable-deep-world-model/logs/models/from_scratch_atari_krull_vta_3seed_to_400000_20260208_112207/atari_krull_seed2/eval_eps/20260209T072618-38c91e477aab458aa8a3a03a8920e78e-721.npz,180,200,0.05,0.05000113695859909,0.33847591280937195,0.4593574106693268,0.07811079174280167,2.462679386138916,0.49219003319740295,0.721469521522522,1.562215805053711,2.9043140411376953
atari_krull,/home/haselab/projects/stable-deep-world-model/logs/models/from_scratch_atari_krull_vta_3seed_to_400000_20260208_112207/atari_krull_seed2,/home/haselab/projects/stable-deep-world-model/logs/models/from_scratch_atari_krull_vta_3seed_to_400000_20260208_112207/atari_krull_seed2/checkpoints/step-000006250.pt,/home/haselab/projects/stable-deep-world-model/logs/models/from_scratch_atari_krull_vta_3seed_to_400000_20260208_112207/atari_krull_seed2/eval_eps/20260209T072618-38c91e477aab458aa8a3a03a8920e78e-721.npz,185,205,0.05,0.05000143498182297,0.4309753477573395,0.5812276601791382,0.07811079174280167,2.540576219558716,0.49219003319740295,0.721469521522522,1.562215805053711,2.9043140411376953
atari_krull,/home/haselab/projects/stable-deep-world-model/logs/models/from_scratch_atari_krull_vta_3seed_to_400000_20260208_112207/atari_krull_seed2,/home/haselab/projects/stable-deep-world-model/logs/models/from_scratch_atari_krull_vta_3seed_to_400000_20260208_112207/atari_krull_seed2/checkpoints/step-000006250.pt,/home/haselab/projects/stable-deep-world-model/logs/models/from_scratch_atari_krull_vta_3seed_to_400000_20260208_112207/atari_krull_seed2/eval_eps/20260209T072618-38c91e477aab458aa8a3a03a8920e78e-721.npz,190,210,0.0,2.1754456156486413e-06,0.4381508231163025,0.5762264132499695,0.0,2.4421753883361816,nan,nan,nan,nan
atari_krull,/home/haselab/projects/stable-deep-world-model/logs/models/from_scratch_atari_krull_vta_3seed_to_400000_20260208_112207/atari_krull_seed2,/home/haselab/projects/stable-deep-world-model/logs/models/from_scratch_atari_krull_vta_3seed_to_400000_20260208_112207/atari_krull_seed2/checkpoints/step-000006250.pt,/home/haselab/projects/stable-deep-world-model/logs/models/from_scratch_atari_krull_vta_3seed_to_400000_20260208_112207/atari_krull_seed2/eval_eps/20260209T072618-38c91e477aab458aa8a3a03a8920e78e-721.npz,195,215,0.0,2.2848619209980825e-06,0.4601539671421051,0.6510499715805054,0.0,2.4843058586120605,nan,nan,nan,nan
atari_krull,/home/haselab/projects/stable-deep-world-model/logs/models/from_scratch_atari_krull_vta_3seed_to_400000_20260208_112207/atari_krull_seed2,/home/haselab/projects/stable-deep-world-model/logs/models/from_scratch_atari_krull_vta_3seed_to_400000_20260208_112207/atari_krull_seed2/checkpoints/step-000006250.pt,/home/haselab/projects/stable-deep-world-model/logs/models/from_scratch_atari_krull_vta_3seed_to_400000_20260208_112207/atari_krull_seed2/eval_eps/20260209T072618-38c91e477aab458aa8a3a03a8920e78e-721.npz,200,220,0.0,1.919745045597665e-06,0.4608919620513916,0.6560726165771484,0.0,2.542647123336792,nan,nan,nan,nan
atari_krull,/home/haselab/projects/stable-deep-world-model/logs/models/from_scratch_atari_krull_vta_3seed_to_400000_20260208_112207/atari_krull_seed2,/home/haselab/projects/stable-deep-world-model/logs/models/from_scratch_atari_krull_vta_3seed_to_400000_20260208_112207/atari_krull_seed2/checkpoints/step-000006250.pt,/home/haselab/projects/stable-deep-world-model/logs/models/from_scratch_atari_krull_vta_3seed_to_400000_20260208_112207/atari_krull_seed2/eval_eps/20260209T072618-38c91e477aab458aa8a3a03a8920e78e-721.npz,205,225,0.0,1.688135625954601e-06,0.41179075837135315,0.6078855395317078,0.0,2.4545671939849854,nan,nan,nan,nan
atari_krull,/home/haselab/projects/stable-deep-world-model/logs/models/from_scratch_atari_krull_vta_3seed_to_400000_20260208_112207/atari_krull_seed2,/home/haselab/projects/stable-deep-world-model/logs/models/from_scratch_atari_krull_vta_3seed_to_400000_20260208_112207/atari_krull_seed2/checkpoints/step-000006250.pt,/home/haselab/projects/stable-deep-world-model/logs/models/from_scratch_atari_krull_vta_3seed_to_400000_20260208_112207/atari_krull_seed2/eval_eps/20260209T072618-38c91e477aab458aa8a3a03a8920e78e-721.npz,210,230,0.0,9.83767108664324e-07,0.38024118542671204,0.5606171488761902,0.0,2.5835328102111816,nan,nan,nan,nan
atari_krull,/home/haselab/projects/stable-deep-world-model/logs/models/from_scratch_atari_krull_vta_3seed_to_400000_20260208_112207/atari_krull_seed2,/home/haselab/projects/stable-deep-world-model/logs/models/from_scratch_atari_krull_vta_3seed_to_400000_20260208_112207/atari_krull_seed2/checkpoints/step-000006250.pt,/home/haselab/projects/stable-deep-world-model/logs/models/from_scratch_atari_krull_vta_3seed_to_400000_20260208_112207/atari_krull_seed2/eval_eps/20260209T072618-38c91e477aab458aa8a3a03a8920e78e-721.npz,215,235,0.0,8.275186473838403e-07,0.2848646938800812,0.44855254888534546,0.0,2.5829524993896484,nan,nan,nan,nan
atari_krull,/home/haselab/projects/stable-deep-world-model/logs/models/from_scratch_atari_krull_vta_3seed_to_400000_20260208_112207/atari_krull_seed2,/home/haselab/projects/stable-deep-world-model/logs/models/from_scratch_atari_krull_vta_3seed_to_400000_20260208_112207/atari_krull_seed2/checkpoints/step-000006250.pt,/home/haselab/projects/stable-deep-world-model/logs/models/from_scratch_atari_krull_vta_3seed_to_400000_20260208_112207/atari_krull_seed2/eval_eps/20260209T072618-38c91e477aab458aa8a3a03a8920e78e-721.npz,220,240,0.05,0.05000057816505432,0.23273594677448273,0.38152068853378296,0.09124238789081573,2.5557100772857666,0.3142080307006836,0.5214369297027588,1.82484769821167,2.919769763946533
atari_krull,/home/haselab/projects/stable-deep-world-model/logs/models/from_scratch_atari_krull_vta_3seed_to_400000_20260208_112207/atari_krull_seed2,/home/haselab/projects/stable-deep-world-model/logs/models/from_scratch_atari_krull_vta_3seed_to_400000_20260208_112207/atari_krull_seed2/checkpoints/step-000006250.pt,/home/haselab/projects/stable-deep-world-model/logs/models/from_scratch_atari_krull_vta_3seed_to_400000_20260208_112207/atari_krull_seed2/eval_eps/20260209T072618-38c91e477aab458aa8a3a03a8920e78e-721.npz,225,245,0.25,0.24999776482582092,0.8857759237289429,0.6459983587265015,0.9551582336425781,2.898162603378296,2.979053258895874,1.5848236083984375,3.8206329345703125,3.7007503509521484
atari_krull,/home/haselab/projects/stable-deep-world-model/logs/models/from_scratch_atari_krull_vta_3seed_to_400000_20260208_112207/atari_krull_seed2,/home/haselab/projects/stable-deep-world-model/logs/models/from_scratch_atari_krull_vta_3seed_to_400000_20260208_112207/atari_krull_seed2/checkpoints/step-000006250.pt,/home/haselab/projects/stable-deep-world-model/logs/models/from_scratch_atari_krull_vta_3seed_to_400000_20260208_112207/atari_krull_seed2/eval_eps/20260209T072618-38c91e477aab458aa8a3a03a8920e78e-721.npz,230,250,0.5,0.499997615814209,0.9814397096633911,0.6740445494651794,1.3746531009674072,2.8149213790893555,1.7818361520767212,1.0054768323898315,2.7493062019348145,3.057178497314453
atari_krull,/home/haselab/projects/stable-deep-world-model/logs/models/from_scratch_atari_krull_vta_3seed_to_400000_20260208_112207/atari_krull_seed2,/home/haselab/projects/stable-deep-world-model/logs/models/from_scratch_atari_krull_vta_3seed_to_400000_20260208_112207/atari_krull_seed2/checkpoints/step-000006250.pt,/home/haselab/projects/stable-deep-world-model/logs/models/from_scratch_atari_krull_vta_3seed_to_400000_20260208_112207/atari_krull_seed2/eval_eps/20260209T072618-38c91e477aab458aa8a3a03a8920e78e-721.npz,235,255,0.75,0.7499973773956299,1.1129604578018188,0.6833123564720154,1.7938292026519775,2.8073763847351074,1.4237805604934692,0.8027715682983398,2.3917722702026367,2.902522563934326
atari_krull,/home/haselab/projects/stable-deep-world-model/logs/models/from_scratch_atari_krull_vta_3seed_to_400000_20260208_112207/atari_krull_seed2,/home/haselab/projects/stable-deep-world-model/logs/models/from_scratch_atari_krull_vta_3seed_to_400000_20260208_112207/atari_krull_seed2/checkpoints/step-000006250.pt,/home/haselab/projects/stable-deep-world-model/logs/models/from_scratch_atari_krull_vta_3seed_to_400000_20260208_112207/atari_krull_seed2/eval_eps/20260209T072618-38c91e477aab458aa8a3a03a8920e78e-721.npz,240,260,0.95,0.949996829032898,1.2243242263793945,0.6950448751449585,2.1072018146514893,2.7879087924957275,1.2812823057174683,0.7150232195854187,2.218107223510742,2.779588460922241
atari_krull,/home/haselab/projects/stable-deep-world-model/logs/models/from_scratch_atari_krull_vta_3seed_to_400000_20260208_112207/atari_krull_seed2,/home/haselab/projects/stable-deep-world-model/logs/models/from_scratch_atari_krull_vta_3seed_to_400000_20260208_112207/atari_krull_seed2/checkpoints/step-000006250.pt,/home/haselab/projects/stable-deep-world-model/logs/models/from_scratch_atari_krull_vta_3seed_to_400000_20260208_112207/atari_krull_seed2/eval_eps/20260209T072618-38c91e477aab458aa8a3a03a8920e78e-721.npz,245,265,1.0,0.9999992251396179,0.7213759422302246,0.4316636919975281,1.6377604007720947,2.4934771060943604,0.7213759422302246,0.4316636919975281,1.6377604007720947,2.4934771060943604
atari_krull,/home/haselab/projects/stable-deep-world-model/logs/models/from_scratch_atari_krull_vta_3seed_to_400000_20260208_112207/atari_krull_seed2,/home/haselab/projects/stable-deep-world-model/logs/models/from_scratch_atari_krull_vta_3seed_to_400000_20260208_112207/atari_krull_seed2/checkpoints/step-000006250.pt,/home/haselab/projects/stable-deep-world-model/logs/models/from_scratch_atari_krull_vta_3seed_to_400000_20260208_112207/atari_krull_seed2/eval_eps/20260209T072618-38c91e477aab458aa8a3a03a8920e78e-721.npz,250,270,1.0,0.9999990463256836,0.7501636147499084,0.4307691156864166,1.620336890220642,2.5506839752197266,0.7501636147499084,0.4307691156864166,1.620336890220642,2.5506839752197266
atari_krull,/home/haselab/projects/stable-deep-world-model/logs/models/from_scratch_atari_krull_vta_3seed_to_400000_20260208_112207/atari_krull_seed2,/home/haselab/projects/stable-deep-world-model/logs/models/from_scratch_atari_krull_vta_3seed_to_400000_20260208_112207/atari_krull_seed2/checkpoints/step-000006250.pt,/home/haselab/projects/stable-deep-world-model/logs/models/from_scratch_atari_krull_vta_3seed_to_400000_20260208_112207/atari_krull_seed2/eval_eps/20260209T072618-38c91e477aab458aa8a3a03a8920e78e-721.npz,255,275,1.0,0.9999991655349731,0.7469717264175415,0.4329601228237152,1.6639667749404907,2.498525619506836,0.7469717264175415,0.4329601228237152,1.6639667749404907,2.498525619506836
atari_krull,/home/haselab/projects/stable-deep-world-model/logs/models/from_scratch_atari_krull_vta_3seed_to_400000_20260208_112207/atari_krull_seed2,/home/haselab/projects/stable-deep-world-model/logs/models/from_scratch_atari_krull_vta_3seed_to_400000_20260208_112207/atari_krull_seed2/checkpoints/step-000006250.pt,/home/haselab/projects/stable-deep-world-model/logs/models/from_scratch_atari_krull_vta_3seed_to_400000_20260208_112207/atari_krull_seed2/eval_eps/20260209T072618-38c91e477aab458aa8a3a03a8920e78e-721.npz,260,280,1.0,0.999998927116394,0.7602081894874573,0.4490872919559479,1.6614803075790405,2.562229633331299,0.7602081894874573,0.4490872919559479,1.6614803075790405,2.562229633331299
atari_krull,/home/haselab/projects/stable-deep-world-model/logs/models/from_scratch_atari_krull_vta_3seed_to_400000_20260208_112207/atari_krull_seed2,/home/haselab/projects/stable-deep-world-model/logs/models/from_scratch_atari_krull_vta_3seed_to_400000_20260208_112207/atari_krull_seed2/checkpoints/step-000006250.pt,/home/haselab/projects/stable-deep-world-model/logs/models/from_scratch_atari_krull_vta_3seed_to_400000_20260208_112207/atari_krull_seed2/eval_eps/20260209T072618-38c91e477aab458aa8a3a03a8920e78e-721.npz,265,285,1.0,0.9999992251396179,0.7516635656356812,0.4828970432281494,1.697387456893921,2.6413516998291016,0.7516635656356812,0.4828970432281494,1.697387456893921,2.6413516998291016
atari_krull,/home/haselab/projects/stable-deep-world-model/logs/models/from_scratch_atari_krull_vta_3seed_to_400000_20260208_112207/atari_krull_seed2,/home/haselab/projects/stable-deep-world-model/logs/models/from_scratch_atari_krull_vta_3seed_to_400000_20260208_112207/atari_krull_seed2/checkpoints/step-000006250.pt,/home/haselab/projects/stable-deep-world-model/logs/models/from_scratch_atari_krull_vta_3seed_to_400000_20260208_112207/atari_krull_seed2/eval_eps/20260209T072618-38c91e477aab458aa8a3a03a8920e78e-721.npz,270,290,1.0,0.9999986886978149,0.7148488163948059,0.48411473631858826,1.6167595386505127,2.6769168376922607,0.7148488163948059,0.48411473631858826,1.6167595386505127,2.6769168376922607
atari_krull,/home/haselab/projects/stable-deep-world-model/logs/models/from_scratch_atari_krull_vta_3seed_to_400000_20260208_112207/atari_krull_seed2,/home/haselab/projects/stable-deep-world-model/logs/models/from_scratch_atari_krull_vta_3seed_to_400000_20260208_112207/atari_krull_seed2/checkpoints/step-000006250.pt,/home/haselab/projects/stable-deep-world-model/logs/models/from_scratch_atari_krull_vta_3seed_to_400000_20260208_112207/atari_krull_seed2/eval_eps/20260209T072618-38c91e477aab458aa8a3a03a8920e78e-721.npz,275,295,1.0,0.9999986886978149,0.7316821813583374,0.5170199871063232,1.5219298601150513,2.8374977111816406,0.7316821813583374,0.5170199871063232,1.5219298601150513,2.8374977111816406
atari_krull,/home/haselab/projects/stable-deep-world-model/logs/models/from_scratch_atari_krull_vta_3seed_to_400000_20260208_112207/atari_krull_seed2,/home/haselab/projects/stable-deep-world-model/logs/models/from_scratch_atari_krull_vta_3seed_to_400000_20260208_112207/atari_krull_seed2/checkpoints/step-000006250.pt,/home/haselab/projects/stable-deep-world-model/logs/models/from_scratch_atari_krull_vta_3seed_to_400000_20260208_112207/atari_krull_seed2/eval_eps/20260209T072618-38c91e477aab458aa8a3a03a8920e78e-721.npz,280,300,1.0,0.9999990463256836,0.7220920920372009,0.5236183404922485,1.5309983491897583,2.804591655731201,0.7220920920372009,0.5236183404922485,1.5309983491897583,2.804591655731201
atari_krull,/home/haselab/projects/stable-deep-world-model/logs/models/from_scratch_atari_krull_vta_3seed_to_400000_20260208_112207/atari_krull_seed2,/home/haselab/projects/stable-deep-world-model/logs/models/from_scratch_atari_krull_vta_3seed_to_400000_20260208_112207/atari_krull_seed2/checkpoints/step-000006250.pt,/home/haselab/projects/stable-deep-world-model/logs/models/from_scratch_atari_krull_vta_3seed_to_400000_20260208_112207/atari_krull_seed2/eval_eps/20260209T072618-38c91e477aab458aa8a3a03a8920e78e-721.npz,285,305,1.0,0.9999992251396179,0.7268120050430298,0.511010468006134,1.5948803424835205,2.8310694694519043,0.7268120050430298,0.511010468006134,1.5948803424835205,2.8310694694519043
atari_krull,/home/haselab/projects/stable-deep-world-model/logs/models/from_scratch_atari_krull_vta_3seed_to_400000_20260208_112207/atari_krull_seed2,/home/haselab/projects/stable-deep-world-model/logs/models/from_scratch_atari_krull_vta_3seed_to_400000_20260208_112207/atari_krull_seed2/checkpoints/step-000006250.pt,/home/haselab/projects/stable-deep-world-model/logs/models/from_scratch_atari_krull_vta_3seed_to_400000_20260208_112207/atari_krull_seed2/eval_eps/20260209T072618-38c91e477aab458aa8a3a03a8920e78e-721.npz,290,310,1.0,0.9999998807907104,0.7815144062042236,0.5230377912521362,1.7483818531036377,2.8107383251190186,0.7815144062042236,0.5230377912521362,1.7483818531036377,2.8107383251190186
atari_krull,/home/haselab/projects/stable-deep-world-model/logs/models/from_scratch_atari_krull_vta_3seed_to_400000_20260208_112207/atari_krull_seed2,/home/haselab/projects/stable-deep-world-model/logs/models/from_scratch_atari_krull_vta_3seed_to_400000_20260208_112207/atari_krull_seed2/checkpoints/step-000006250.pt,/home/haselab/projects/stable-deep-world-model/logs/models/from_scratch_atari_krull_vta_3seed_to_400000_20260208_112207/atari_krull_seed2/eval_eps/20260209T072618-38c91e477aab458aa8a3a03a8920e78e-721.npz,295,315,1.0,1.0,0.7792483568191528,0.49316588044166565,1.8553539514541626,2.6834986209869385,0.7792483568191528,0.49316588044166565,1.8553539514541626,2.6834986209869385
atari_krull,/home/haselab/projects/stable-deep-world-model/logs/models/from_scratch_atari_krull_vta_3seed_to_400000_20260208_112207/atari_krull_seed2,/home/haselab/projects/stable-deep-world-model/logs/models/from_scratch_atari_krull_vta_3seed_to_400000_20260208_112207/atari_krull_seed2/checkpoints/step-000006250.pt,/home/haselab/projects/stable-deep-world-model/logs/models/from_scratch_atari_krull_vta_3seed_to_400000_20260208_112207/atari_krull_seed2/eval_eps/20260209T072618-38c91e477aab458aa8a3a03a8920e78e-721.npz,300,320,1.0,1.0,0.7872135639190674,0.4841845631599426,1.8727461099624634,2.6939022541046143,0.7872135639190674,0.4841845631599426,1.8727461099624634,2.6939022541046143
atari_krull,/home/haselab/projects/stable-deep-world-model/logs/models/from_scratch_atari_krull_vta_3seed_to_400000_20260208_112207/atari_krull_seed2,/home/haselab/projects/stable-deep-world-model/logs/models/from_scratch_atari_krull_vta_3seed_to_400000_20260208_112207/atari_krull_seed2/checkpoints/step-000006250.pt,/home/haselab/projects/stable-deep-world-model/logs/models/from_scratch_atari_krull_vta_3seed_to_400000_20260208_112207/atari_krull_seed2/eval_eps/20260209T072618-38c91e477aab458aa8a3a03a8920e78e-721.npz,305,325,1.0,1.0,0.7816920876502991,0.45726045966148376,1.8126033544540405,2.618600845336914,0.7816920876502991,0.45726045966148376,1.8126033544540405,2.618600845336914
atari_krull,/home/haselab/projects/stable-deep-world-model/logs/models/from_scratch_atari_krull_vta_3seed_to_400000_20260208_112207/atari_krull_seed2,/home/haselab/projects/stable-deep-world-model/logs/models/from_scratch_atari_krull_vta_3seed_to_400000_20260208_112207/atari_krull_seed2/checkpoints/step-000006250.pt,/home/haselab/projects/stable-deep-world-model/logs/models/from_scratch_atari_krull_vta_3seed_to_400000_20260208_112207/atari_krull_seed2/eval_eps/20260209T072618-38c91e477aab458aa8a3a03a8920e78e-721.npz,310,330,1.0,1.0,0.7192360162734985,0.4326449930667877,1.7182201147079468,2.6077020168304443,0.7192360162734985,0.4326449930667877,1.7182201147079468,2.6077020168304443
atari_krull,/home/haselab/projects/stable-deep-world-model/logs/models/from_scratch_atari_krull_vta_3seed_to_400000_20260208_112207/atari_krull_seed2,/home/haselab/projects/stable-deep-world-model/logs/models/from_scratch_atari_krull_vta_3seed_to_400000_20260208_112207/atari_krull_seed2/checkpoints/step-000006250.pt,/home/haselab/projects/stable-deep-world-model/logs/models/from_scratch_atari_krull_vta_3seed_to_400000_20260208_112207/atari_krull_seed2/eval_eps/20260209T072618-38c91e477aab458aa8a3a03a8920e78e-721.npz,315,335,1.0,1.0,0.7258716821670532,0.44025421142578125,1.6038093566894531,2.54427170753479,0.7258716821670532,0.44025421142578125,1.6038093566894531,2.54427170753479
atari_krull,/home/haselab/projects/stable-deep-world-model/logs/models/from_scratch_atari_krull_vta_3seed_to_400000_20260208_112207/atari_krull_seed2,/home/haselab/projects/stable-deep-world-model/logs/models/from_scratch_atari_krull_vta_3seed_to_400000_20260208_112207/atari_krull_seed2/checkpoints/step-000006250.pt,/home/haselab/projects/stable-deep-world-model/logs/models/from_scratch_atari_krull_vta_3seed_to_400000_20260208_112207/atari_krull_seed2/eval_eps/20260209T072618-38c91e477aab458aa8a3a03a8920e78e-721.npz,320,340,1.0,1.0,0.7417942881584167,0.46900779008865356,1.5463999509811401,2.5146453380584717,0.7417942881584167,0.46900779008865356,1.5463999509811401,2.5146453380584717
atari_krull,/home/haselab/projects/stable-deep-world-model/logs/models/from_scratch_atari_krull_vta_3seed_to_400000_20260208_112207/atari_krull_seed2,/home/haselab/projects/stable-deep-world-model/logs/models/from_scratch_atari_krull_vta_3seed_to_400000_20260208_112207/atari_krull_seed2/checkpoints/step-000006250.pt,/home/haselab/projects/stable-deep-world-model/logs/models/from_scratch_atari_krull_vta_3seed_to_400000_20260208_112207/atari_krull_seed2/eval_eps/20260209T072618-38c91e477aab458aa8a3a03a8920e78e-721.npz,325,345,0.8,0.8000056147575378,0.8726442456245422,3.14597225189209,1.1780493259429932,4.837515354156494,0.7065738439559937,0.504259467124939,1.4725615978240967,2.499671459197998
atari_krull,/home/haselab/projects/stable-deep-world-model/logs/models/from_scratch_atari_krull_vta_3seed_to_400000_20260208_112207/atari_krull_seed2,/home/haselab/projects/stable-deep-world-model/logs/models/from_scratch_atari_krull_vta_3seed_to_400000_20260208_112207/atari_krull_seed2/checkpoints/step-000006250.pt,/home/haselab/projects/stable-deep-world-model/logs/models/from_scratch_atari_krull_vta_3seed_to_400000_20260208_112207/atari_krull_seed2/eval_eps/20260209T072618-38c91e477aab458aa8a3a03a8920e78e-721.npz,330,350,0.55,0.5500062108039856,0.9252198934555054,6.262472629547119,0.7974880337715149,7.433420658111572,0.7907005548477173,0.5620730519294739,1.449978232383728,2.426896095275879
atari_krull,/home/haselab/projects/stable-deep-world-model/logs/models/from_scratch_atari_krull_vta_3seed_to_400000_20260208_112207/atari_krull_seed2,/home/haselab/projects/stable-deep-world-model/logs/models/from_scratch_atari_krull_vta_3seed_to_400000_20260208_112207/atari_krull_seed2/checkpoints/step-000006250.pt,/home/haselab/projects/stable-deep-world-model/logs/models/from_scratch_atari_krull_vta_3seed_to_400000_20260208_112207/atari_krull_seed2/eval_eps/20260209T072618-38c91e477aab458aa8a3a03a8920e78e-721.npz,335,355,0.3,0.3000110983848572,0.9092733263969421,10.039917945861816,0.4369503855705261,10.808197975158691,0.7998568415641785,0.6565539836883545,1.4565013647079468,2.56246280670166
atari_krull,/home/haselab/projects/stable-deep-world-model/logs/models/from_scratch_atari_krull_vta_3seed_to_400000_20260208_112207/atari_krull_seed2,/home/haselab/projects/stable-deep-world-model/logs/models/from_scratch_atari_krull_vta_3seed_to_400000_20260208_112207/atari_krull_seed2/checkpoints/step-000006250.pt,/home/haselab/projects/stable-deep-world-model/logs/models/from_scratch_atari_krull_vta_3seed_to_400000_20260208_112207/atari_krull_seed2/eval_eps/20260209T072618-38c91e477aab458aa8a3a03a8920e78e-721.npz,340,360,0.05,0.05001142621040344,0.8975194096565247,13.078180313110352,0.06577061861753464,13.383079528808594,0.9465834498405457,1.024065613746643,1.3154124021530151,2.949162244796753
atari_krull,/home/haselab/projects/stable-deep-world-model/logs/models/from_scratch_atari_krull_vta_3seed_to_400000_20260208_112207/atari_krull_seed2,/home/haselab/projects/stable-deep-world-model/logs/models/from_scratch_atari_krull_vta_3seed_to_400000_20260208_112207/atari_krull_seed2/checkpoints/step-000006250.pt,/home/haselab/projects/stable-deep-world-model/logs/models/from_scratch_atari_krull_vta_3seed_to_400000_20260208_112207/atari_krull_seed2/eval_eps/20260209T072618-38c91e477aab458aa8a3a03a8920e78e-721.npz,345,365,0.0,4.9447240598965436e-05,0.7058749794960022,13.803500175476074,0.0,14.0515775680542,nan,nan,nan,nan
atari_krull,/home/haselab/projects/stable-deep-world-model/logs/models/from_scratch_atari_krull_vta_3seed_to_400000_20260208_112207/atari_krull_seed2,/home/haselab/projects/stable-deep-world-model/logs/models/from_scratch_atari_krull_vta_3seed_to_400000_20260208_112207/atari_krull_seed2/checkpoints/step-000006250.pt,/home/haselab/projects/stable-deep-world-model/logs/models/from_scratch_atari_krull_vta_3seed_to_400000_20260208_112207/atari_krull_seed2/eval_eps/20260209T072618-38c91e477aab458aa8a3a03a8920e78e-721.npz,350,370,0.0,4.9664049583952874e-05,0.7309301495552063,14.211172103881836,0.0,14.414459228515625,nan,nan,nan,nan
atari_krull,/home/haselab/projects/stable-deep-world-model/logs/models/from_scratch_atari_krull_vta_3seed_to_400000_20260208_112207/atari_krull_seed2,/home/haselab/projects/stable-deep-world-model/logs/models/from_scratch_atari_krull_vta_3seed_to_400000_20260208_112207/atari_krull_seed2/checkpoints/step-000006250.pt,/home/haselab/projects/stable-deep-world-model/logs/models/from_scratch_atari_krull_vta_3seed_to_400000_20260208_112207/atari_krull_seed2/eval_eps/20260209T072618-38c91e477aab458aa8a3a03a8920e78e-721.npz,355,375,0.0,4.528084537014365e-05,0.731002926826477,13.561622619628906,0.0,13.759424209594727,nan,nan,nan,nan
atari_krull,/home/haselab/projects/stable-deep-world-model/logs/models/from_scratch_atari_krull_vta_3seed_to_400000_20260208_112207/atari_krull_seed2,/home/haselab/projects/stable-deep-world-model/logs/models/from_scratch_atari_krull_vta_3seed_to_400000_20260208_112207/atari_krull_seed2/checkpoints/step-000006250.pt,/home/haselab/projects/stable-deep-world-model/logs/models/from_scratch_atari_krull_vta_3seed_to_400000_20260208_112207/atari_krull_seed2/eval_eps/20260209T072618-38c91e477aab458aa8a3a03a8920e78e-721.npz,360,380,0.0,4.92870676680468e-05,0.7230902910232544,13.964406967163086,0.0,14.19139575958252,nan,nan,nan,nan
atari_krull,/home/haselab/projects/stable-deep-world-model/logs/models/from_scratch_atari_krull_vta_3seed_to_400000_20260208_112207/atari_krull_seed2,/home/haselab/projects/stable-deep-world-model/logs/models/from_scratch_atari_krull_vta_3seed_to_400000_20260208_112207/atari_krull_seed2/checkpoints/step-000006250.pt,/home/haselab/projects/stable-deep-world-model/logs/models/from_scratch_atari_krull_vta_3seed_to_400000_20260208_112207/atari_krull_seed2/eval_eps/20260209T072618-38c91e477aab458aa8a3a03a8920e78e-721.npz,365,385,0.0,6.485559424618259e-06,0.7639419436454773,13.321271896362305,0.0,13.467791557312012,nan,nan,nan,nan
atari_krull,/home/haselab/projects/stable-deep-world-model/logs/models/from_scratch_atari_krull_vta_3seed_to_400000_20260208_112207/atari_krull_seed2,/home/haselab/projects/stable-deep-world-model/logs/models/from_scratch_atari_krull_vta_3seed_to_400000_20260208_112207/atari_krull_seed2/checkpoints/step-000006250.pt,/home/haselab/projects/stable-deep-world-model/logs/models/from_scratch_atari_krull_vta_3seed_to_400000_20260208_112207/atari_krull_seed2/eval_eps/20260209T072618-38c91e477aab458aa8a3a03a8920e78e-721.npz,370,390,0.0,7.589995948364958e-05,0.7420974969863892,13.50432300567627,0.0,13.735551834106445,nan,nan,nan,nan
atari_krull,/home/haselab/projects/stable-deep-world-model/logs/models/from_scratch_atari_krull_vta_3seed_to_400000_20260208_112207/atari_krull_seed2,/home/haselab/projects/stable-deep-world-model/logs/models/from_scratch_atari_krull_vta_3seed_to_400000_20260208_112207/atari_krull_seed2/checkpoints/step-000006250.pt,/home/haselab/projects/stable-deep-world-model/logs/models/from_scratch_atari_krull_vta_3seed_to_400000_20260208_112207/atari_krull_seed2/eval_eps/20260209T072618-38c91e477aab458aa8a3a03a8920e78e-721.npz,375,395,0.05,0.0500759556889534,0.7591429948806763,13.952217102050781,0.22046658396720886,14.150373458862305,0.7157764434814453,14.871814727783203,4.409331798553467,15.312385559082031
atari_krull,/home/haselab/projects/stable-deep-world-model/logs/models/from_scratch_atari_krull_vta_3seed_to_400000_20260208_112207/atari_krull_seed2,/home/haselab/projects/stable-deep-world-model/logs/models/from_scratch_atari_krull_vta_3seed_to_400000_20260208_112207/atari_krull_seed2/checkpoints/step-000006250.pt,/home/haselab/projects/stable-deep-world-model/logs/models/from_scratch_atari_krull_vta_3seed_to_400000_20260208_112207/atari_krull_seed2/eval_eps/20260209T072618-38c91e477aab458aa8a3a03a8920e78e-721.npz,380,400,0.05,0.05007440596818924,0.7775436043739319,13.757367134094238,0.22046658396720886,13.981783866882324,0.7157764434814453,14.871814727783203,4.409331798553467,15.312385559082031
atari_krull,/home/haselab/projects/stable-deep-world-model/logs/models/from_scratch_atari_krull_vta_3seed_to_400000_20260208_112207/atari_krull_seed2,/home/haselab/projects/stable-deep-world-model/logs/models/from_scratch_atari_krull_vta_3seed_to_400000_20260208_112207/atari_krull_seed2/checkpoints/step-000006250.pt,/home/haselab/projects/stable-deep-world-model/logs/models/from_scratch_atari_krull_vta_3seed_to_400000_20260208_112207/atari_krull_seed2/eval_eps/20260209T072618-38c91e477aab458aa8a3a03a8920e78e-721.npz,385,405,0.05,0.05008085444569588,0.7438169121742249,14.30986213684082,0.22046658396720886,14.55657958984375,0.7157764434814453,14.871814727783203,4.409331798553467,15.312385559082031
atari_krull,/home/haselab/projects/stable-deep-world-model/logs/models/from_scratch_atari_krull_vta_3seed_to_400000_20260208_112207/atari_krull_seed2,/home/haselab/projects/stable-deep-world-model/logs/models/from_scratch_atari_krull_vta_3seed_to_400000_20260208_112207/atari_krull_seed2/checkpoints/step-000006250.pt,/home/haselab/projects/stable-deep-world-model/logs/models/from_scratch_atari_krull_vta_3seed_to_400000_20260208_112207/atari_krull_seed2/eval_eps/20260209T072618-38c91e477aab458aa8a3a03a8920e78e-721.npz,390,410,0.05,0.050011374056339264,0.7505591511726379,13.600804328918457,0.22046658396720886,13.843174934387207,0.7157764434814453,14.871814727783203,4.409331798553467,15.312385559082031
atari_krull,/home/haselab/projects/stable-deep-world-model/logs/models/from_scratch_atari_krull_vta_3seed_to_400000_20260208_112207/atari_krull_seed2,/home/haselab/projects/stable-deep-world-model/logs/models/from_scratch_atari_krull_vta_3seed_to_400000_20260208_112207/atari_krull_seed2/checkpoints/step-000006250.pt,/home/haselab/projects/stable-deep-world-model/logs/models/from_scratch_atari_krull_vta_3seed_to_400000_20260208_112207/atari_krull_seed2/eval_eps/20260209T072618-38c91e477aab458aa8a3a03a8920e78e-721.npz,395,415,0.0,0.00026931261527352035,0.735436737537384,13.657938957214355,0.0,13.933404922485352,nan,nan,nan,nan
atari_krull,/home/haselab/projects/stable-deep-world-model/logs/models/from_scratch_atari_krull_vta_3seed_to_400000_20260208_112207/atari_krull_seed2,/home/haselab/projects/stable-deep-world-model/logs/models/from_scratch_atari_krull_vta_3seed_to_400000_20260208_112207/atari_krull_seed2/checkpoints/step-000006250.pt,/home/haselab/projects/stable-deep-world-model/logs/models/from_scratch_atari_krull_vta_3seed_to_400000_20260208_112207/atari_krull_seed2/eval_eps/20260209T072618-38c91e477aab458aa8a3a03a8920e78e-721.npz,400,420,0.0,0.0002679506433196366,0.7457728385925293,13.65418815612793,0.0,13.80958366394043,nan,nan,nan,nan
atari_krull,/home/haselab/projects/stable-deep-world-model/logs/models/from_scratch_atari_krull_vta_3seed_to_400000_20260208_112207/atari_krull_seed2,/home/haselab/projects/stable-deep-world-model/logs/models/from_scratch_atari_krull_vta_3seed_to_400000_20260208_112207/atari_krull_seed2/checkpoints/step-000006250.pt,/home/haselab/projects/stable-deep-world-model/logs/models/from_scratch_atari_krull_vta_3seed_to_400000_20260208_112207/atari_krull_seed2/eval_eps/20260209T072618-38c91e477aab458aa8a3a03a8920e78e-721.npz,405,425,0.0,0.00027846082230098546,0.7771320939064026,13.667585372924805,0.0,13.67176342010498,nan,nan,nan,nan
atari_krull,/home/haselab/projects/stable-deep-world-model/logs/models/from_scratch_atari_krull_vta_3seed_to_400000_20260208_112207/atari_krull_seed2,/home/haselab/projects/stable-deep-world-model/logs/models/from_scratch_atari_krull_vta_3seed_to_400000_20260208_112207/atari_krull_seed2/checkpoints/step-000006250.pt,/home/haselab/projects/stable-deep-world-model/logs/models/from_scratch_atari_krull_vta_3seed_to_400000_20260208_112207/atari_krull_seed2/eval_eps/20260209T072618-38c91e477aab458aa8a3a03a8920e78e-721.npz,410,430,0.0,0.00028677895897999406,0.7911312580108643,13.815328598022461,0.0,13.772089004516602,nan,nan,nan,nan
atari_krull,/home/haselab/projects/stable-deep-world-model/logs/models/from_scratch_atari_krull_vta_3seed_to_400000_20260208_112207/atari_krull_seed2,/home/haselab/projects/stable-deep-world-model/logs/models/from_scratch_atari_krull_vta_3seed_to_400000_20260208_112207/atari_krull_seed2/checkpoints/step-000006250.pt,/home/haselab/projects/stable-deep-world-model/logs/models/from_scratch_atari_krull_vta_3seed_to_400000_20260208_112207/atari_krull_seed2/eval_eps/20260209T072618-38c91e477aab458aa8a3a03a8920e78e-721.npz,415,435,0.0,0.00011136299144709483,0.7973487377166748,13.155322074890137,0.0,13.12109088897705,nan,nan,nan,nan
atari_krull,/home/haselab/projects/stable-deep-world-model/logs/models/from_scratch_atari_krull_vta_3seed_to_400000_20260208_112207/atari_krull_seed2,/home/haselab/projects/stable-deep-world-model/logs/models/from_scratch_atari_krull_vta_3seed_to_400000_20260208_112207/atari_krull_seed2/checkpoints/step-000006250.pt,/home/haselab/projects/stable-deep-world-model/logs/models/from_scratch_atari_krull_vta_3seed_to_400000_20260208_112207/atari_krull_seed2/eval_eps/20260209T072618-38c91e477aab458aa8a3a03a8920e78e-721.npz,420,440,0.0,0.000127453327877447,0.7668183445930481,13.462823867797852,0.0,13.57963752746582,nan,nan,nan,nan
atari_krull,/home/haselab/projects/stable-deep-world-model/logs/models/from_scratch_atari_krull_vta_3seed_to_400000_20260208_112207/atari_krull_seed2,/home/haselab/projects/stable-deep-world-model/logs/models/from_scratch_atari_krull_vta_3seed_to_400000_20260208_112207/atari_krull_seed2/checkpoints/step-000006250.pt,/home/haselab/projects/stable-deep-world-model/logs/models/from_scratch_atari_krull_vta_3seed_to_400000_20260208_112207/atari_krull_seed2/eval_eps/20260209T072618-38c91e477aab458aa8a3a03a8920e78e-721.npz,425,445,0.05,0.05011172220110893,0.7587785124778748,13.558796882629395,0.10258414596319199,13.728915214538574,1.0046473741531372,15.338676452636719,2.051682949066162,15.227901458740234
atari_krull,/home/haselab/projects/stable-deep-world-model/logs/models/from_scratch_atari_krull_vta_3seed_to_400000_20260208_112207/atari_krull_seed2,/home/haselab/projects/stable-deep-world-model/logs/models/from_scratch_atari_krull_vta_3seed_to_400000_20260208_112207/atari_krull_seed2/checkpoints/step-000006250.pt,/home/haselab/projects/stable-deep-world-model/logs/models/from_scratch_atari_krull_vta_3seed_to_400000_20260208_112207/atari_krull_seed2/eval_eps/20260209T072618-38c91e477aab458aa8a3a03a8920e78e-721.npz,430,450,0.05,0.050148267298936844,0.7409305572509766,14.025812149047852,0.10258414596319199,14.151121139526367,1.0046473741531372,15.338676452636719,2.051682949066162,15.227901458740234
atari_krull,/home/haselab/projects/stable-deep-world-model/logs/models/from_scratch_atari_krull_vta_3seed_to_400000_20260208_112207/atari_krull_seed2,/home/haselab/projects/stable-deep-world-model/logs/models/from_scratch_atari_krull_vta_3seed_to_400000_20260208_112207/atari_krull_seed2/checkpoints/step-000006250.pt,/home/haselab/projects/stable-deep-world-model/logs/models/from_scratch_atari_krull_vta_3seed_to_400000_20260208_112207/atari_krull_seed2/eval_eps/20260209T072618-38c91e477aab458aa8a3a03a8920e78e-721.npz,435,455,0.05,0.05008936673402786,0.7609386444091797,13.986808776855469,0.10258414596319199,14.167226791381836,1.0046473741531372,15.338676452636719,2.051682949066162,15.227901458740234
atari_krull,/home/haselab/projects/stable-deep-world-model/logs/models/from_scratch_atari_krull_vta_3seed_to_400000_20260208_112207/atari_krull_seed2,/home/haselab/projects/stable-deep-world-model/logs/models/from_scratch_atari_krull_vta_3seed_to_400000_20260208_112207/atari_krull_seed2/checkpoints/step-000006250.pt,/home/haselab/projects/stable-deep-world-model/logs/models/from_scratch_atari_krull_vta_3seed_to_400000_20260208_112207/atari_krull_seed2/eval_eps/20260209T072618-38c91e477aab458aa8a3a03a8920e78e-721.npz,440,460,0.05,0.0503777340054512,0.7665106654167175,13.370199203491211,0.10258414596319199,13.476613998413086,1.0046473741531372,15.338676452636719,2.051682949066162,15.227901458740234
atari_krull,/home/haselab/projects/stable-deep-world-model/logs/models/from_scratch_atari_krull_vta_3seed_to_400000_20260208_112207/atari_krull_seed2,/home/haselab/projects/stable-deep-world-model/logs/models/from_scratch_atari_krull_vta_3seed_to_400000_20260208_112207/atari_krull_seed2/checkpoints/step-000006250.pt,/home/haselab/projects/stable-deep-world-model/logs/models/from_scratch_atari_krull_vta_3seed_to_400000_20260208_112207/atari_krull_seed2/eval_eps/20260209T072618-38c91e477aab458aa8a3a03a8920e78e-721.npz,445,465,0.0,0.0004051856230944395,0.779669463634491,13.501497268676758,0.0,13.542698860168457,nan,nan,nan,nan
atari_krull,/home/haselab/projects/stable-deep-world-model/logs/models/from_scratch_atari_krull_vta_3seed_to_400000_20260208_112207/atari_krull_seed2,/home/haselab/projects/stable-deep-world-model/logs/models/from_scratch_atari_krull_vta_3seed_to_400000_20260208_112207/atari_krull_seed2/checkpoints/step-000006250.pt,/home/haselab/projects/stable-deep-world-model/logs/models/from_scratch_atari_krull_vta_3seed_to_400000_20260208_112207/atari_krull_seed2/eval_eps/20260209T072618-38c91e477aab458aa8a3a03a8920e78e-721.npz,450,470,0.0,0.0004025777452625334,0.7737697958946228,12.798149108886719,0.0,12.873529434204102,nan,nan,nan,nan
atari_krull,/home/haselab/projects/stable-deep-world-model/logs/models/from_scratch_atari_krull_vta_3seed_to_400000_20260208_112207/atari_krull_seed2,/home/haselab/projects/stable-deep-world-model/logs/models/from_scratch_atari_krull_vta_3seed_to_400000_20260208_112207/atari_krull_seed2/checkpoints/step-000006250.pt,/home/haselab/projects/stable-deep-world-model/logs/models/from_scratch_atari_krull_vta_3seed_to_400000_20260208_112207/atari_krull_seed2/eval_eps/20260209T072618-38c91e477aab458aa8a3a03a8920e78e-721.npz,455,475,0.0,0.0015038602286949754,0.7450657486915588,13.421305656433105,0.0,13.4327974319458,nan,nan,nan,nan
atari_krull,/home/haselab/projects/stable-deep-world-model/logs/models/from_scratch_atari_krull_vta_3seed_to_400000_20260208_112207/atari_krull_seed2,/home/haselab/projects/stable-deep-world-model/logs/models/from_scratch_atari_krull_vta_3seed_to_400000_20260208_112207/atari_krull_seed2/checkpoints/step-000006250.pt,/home/haselab/projects/stable-deep-world-model/logs/models/from_scratch_atari_krull_vta_3seed_to_400000_20260208_112207/atari_krull_seed2/eval_eps/20260209T072618-38c91e477aab458aa8a3a03a8920e78e-721.npz,460,480,0.0,0.0015229445416480303,0.761137843132019,13.338384628295898,0.0,13.385442733764648,nan,nan,nan,nan
atari_krull,/home/haselab/projects/stable-deep-world-model/logs/models/from_scratch_atari_krull_vta_3seed_to_400000_20260208_112207/atari_krull_seed2,/home/haselab/projects/stable-deep-world-model/logs/models/from_scratch_atari_krull_vta_3seed_to_400000_20260208_112207/atari_krull_seed2/checkpoints/step-000006250.pt,/home/haselab/projects/stable-deep-world-model/logs/models/from_scratch_atari_krull_vta_3seed_to_400000_20260208_112207/atari_krull_seed2/eval_eps/20260209T072618-38c91e477aab458aa8a3a03a8920e78e-721.npz,465,485,0.0,0.008931303396821022,0.7816794514656067,13.090227127075195,0.0,13.206133842468262,nan,nan,nan,nan
atari_krull,/home/haselab/projects/stable-deep-world-model/logs/models/from_scratch_atari_krull_vta_3seed_to_400000_20260208_112207/atari_krull_seed2,/home/haselab/projects/stable-deep-world-model/logs/models/from_scratch_atari_krull_vta_3seed_to_400000_20260208_112207/atari_krull_seed2/checkpoints/step-000006250.pt,/home/haselab/projects/stable-deep-world-model/logs/models/from_scratch_atari_krull_vta_3seed_to_400000_20260208_112207/atari_krull_seed2/eval_eps/20260209T072618-38c91e477aab458aa8a3a03a8920e78e-721.npz,470,490,0.0,0.010084501467645168,0.8344827890396118,13.587465286254883,0.0,13.687390327453613,nan,nan,nan,nan
atari_krull,/home/haselab/projects/stable-deep-world-model/logs/models/from_scratch_atari_krull_vta_3seed_to_400000_20260208_112207/atari_krull_seed2,/home/haselab/projects/stable-deep-world-model/logs/models/from_scratch_atari_krull_vta_3seed_to_400000_20260208_112207/atari_krull_seed2/checkpoints/step-000006250.pt,/home/haselab/projects/stable-deep-world-model/logs/models/from_scratch_atari_krull_vta_3seed_to_400000_20260208_112207/atari_krull_seed2/eval_eps/20260209T072618-38c91e477aab458aa8a3a03a8920e78e-721.npz,475,495,0.05,0.05906949192285538,0.8634285926818848,13.26514720916748,0.10750732570886612,13.342814445495605,0.8956741690635681,13.534904479980469,2.150146484375,13.117679595947266
atari_krull,/home/haselab/projects/stable-deep-world-model/logs/models/from_scratch_atari_krull_vta_3seed_to_400000_20260208_112207/atari_krull_seed2,/home/haselab/projects/stable-deep-world-model/logs/models/from_scratch_atari_krull_vta_3seed_to_400000_20260208_112207/atari_krull_seed2/checkpoints/step-000006250.pt,/home/haselab/projects/stable-deep-world-model/logs/models/from_scratch_atari_krull_vta_3seed_to_400000_20260208_112207/atari_krull_seed2/eval_eps/20260209T072618-38c91e477aab458aa8a3a03a8920e78e-721.npz,480,500,0.05,0.06548428535461426,0.8749315142631531,13.782452583312988,0.10750732570886612,13.880630493164062,0.8956741690635681,13.534904479980469,2.150146484375,13.117679595947266
atari_krull,/home/haselab/projects/stable-deep-world-model/logs/models/from_scratch_atari_krull_vta_3seed_to_400000_20260208_112207/atari_krull_seed2,/home/haselab/projects/stable-deep-world-model/logs/models/from_scratch_atari_krull_vta_3seed_to_400000_20260208_112207/atari_krull_seed2/checkpoints/step-000006250.pt,/home/haselab/projects/stable-deep-world-model/logs/models/from_scratch_atari_krull_vta_3seed_to_400000_20260208_112207/atari_krull_seed2/eval_eps/20260209T072618-38c91e477aab458aa8a3a03a8920e78e-721.npz,485,505,0.05,0.05809623748064041,0.8457355499267578,13.16852855682373,0.10750732570886612,13.388699531555176,0.8956741690635681,13.534904479980469,2.150146484375,13.117679595947266
atari_krull,/home/haselab/projects/stable-deep-world-model/logs/models/from_scratch_atari_krull_vta_3seed_to_400000_20260208_112207/atari_krull_seed2,/home/haselab/projects/stable-deep-world-model/logs/models/from_scratch_atari_krull_vta_3seed_to_400000_20260208_112207/atari_krull_seed2/checkpoints/step-000006250.pt,/home/haselab/projects/stable-deep-world-model/logs/models/from_scratch_atari_krull_vta_3seed_to_400000_20260208_112207/atari_krull_seed2/eval_eps/20260209T072618-38c91e477aab458aa8a3a03a8920e78e-721.npz,490,510,0.05,0.057183634489774704,0.8199499249458313,13.364137649536133,0.10750732570886612,13.595919609069824,0.8956741690635681,13.534904479980469,2.150146484375,13.117679595947266
atari_krull,/home/haselab/projects/stable-deep-world-model/logs/models/from_scratch_atari_krull_vta_3seed_to_400000_20260208_112207/atari_krull_seed2,/home/haselab/projects/stable-deep-world-model/logs/models/from_scratch_atari_krull_vta_3seed_to_400000_20260208_112207/atari_krull_seed2/checkpoints/step-000006250.pt,/home/haselab/projects/stable-deep-world-model/logs/models/from_scratch_atari_krull_vta_3seed_to_400000_20260208_112207/atari_krull_seed2/eval_eps/20260209T072618-38c91e477aab458aa8a3a03a8920e78e-721.npz,495,515,0.0,0.007085869554430246,0.8565192222595215,13.326652526855469,0.0,13.557266235351562,nan,nan,nan,nan
atari_krull,/home/haselab/projects/stable-deep-world-model/logs/models/from_scratch_atari_krull_vta_3seed_to_400000_20260208_112207/atari_krull_seed2,/home/haselab/projects/stable-deep-world-model/logs/models/from_scratch_atari_krull_vta_3seed_to_400000_20260208_112207/atari_krull_seed2/checkpoints/step-000006250.pt,/home/haselab/projects/stable-deep-world-model/logs/models/from_scratch_atari_krull_vta_3seed_to_400000_20260208_112207/atari_krull_seed2/eval_eps/20260209T072618-38c91e477aab458aa8a3a03a8920e78e-721.npz,500,520,0.0,0.000958253163844347,0.8489433526992798,13.046676635742188,0.0,13.207966804504395,nan,nan,nan,nan
atari_krull,/home/haselab/projects/stable-deep-world-model/logs/models/from_scratch_atari_krull_vta_3seed_to_400000_20260208_112207/atari_krull_seed2,/home/haselab/projects/stable-deep-world-model/logs/models/from_scratch_atari_krull_vta_3seed_to_400000_20260208_112207/atari_krull_seed2/checkpoints/step-000006250.pt,/home/haselab/projects/stable-deep-world-model/logs/models/from_scratch_atari_krull_vta_3seed_to_400000_20260208_112207/atari_krull_seed2/eval_eps/20260209T072618-38c91e477aab458aa8a3a03a8920e78e-721.npz,505,525,0.0,0.0009771290933713317,0.8463239669799805,13.563753128051758,0.0,13.74036693572998,nan,nan,nan,nan
atari_krull,/home/haselab/projects/stable-deep-world-model/logs/models/from_scratch_atari_krull_vta_3seed_to_400000_20260208_112207/atari_krull_seed2,/home/haselab/projects/stable-deep-world-model/logs/models/from_scratch_atari_krull_vta_3seed_to_400000_20260208_112207/atari_krull_seed2/checkpoints/step-000006250.pt,/home/haselab/projects/stable-deep-world-model/logs/models/from_scratch_atari_krull_vta_3seed_to_400000_20260208_112207/atari_krull_seed2/eval_eps/20260209T072618-38c91e477aab458aa8a3a03a8920e78e-721.npz,510,530,0.0,0.0009081034804694355,0.8479267954826355,12.887870788574219,0.0,13.221837997436523,nan,nan,nan,nan
atari_krull,/home/haselab/projects/stable-deep-world-model/logs/models/from_scratch_atari_krull_vta_3seed_to_400000_20260208_112207/atari_krull_seed2,/home/haselab/projects/stable-deep-world-model/logs/models/from_scratch_atari_krull_vta_3seed_to_400000_20260208_112207/atari_krull_seed2/checkpoints/step-000006250.pt,/home/haselab/projects/stable-deep-world-model/logs/models/from_scratch_atari_krull_vta_3seed_to_400000_20260208_112207/atari_krull_seed2/eval_eps/20260209T072618-38c91e477aab458aa8a3a03a8920e78e-721.npz,515,535,0.0,0.001205700682476163,0.8112494349479675,13.211529731750488,0.0,13.534482955932617,nan,nan,nan,nan
atari_krull,/home/haselab/projects/stable-deep-world-model/logs/models/from_scratch_atari_krull_vta_3seed_to_400000_20260208_112207/atari_krull_seed2,/home/haselab/projects/stable-deep-world-model/logs/models/from_scratch_atari_krull_vta_3seed_to_400000_20260208_112207/atari_krull_seed2/checkpoints/step-000006250.pt,/home/haselab/projects/stable-deep-world-model/logs/models/from_scratch_atari_krull_vta_3seed_to_400000_20260208_112207/atari_krull_seed2/eval_eps/20260209T072618-38c91e477aab458aa8a3a03a8920e78e-721.npz,520,540,0.0,0.0006045737536624074,0.8240334391593933,13.306849479675293,0.0,13.614835739135742,nan,nan,nan,nan
atari_krull,/home/haselab/projects/stable-deep-world-model/logs/models/from_scratch_atari_krull_vta_3seed_to_400000_20260208_112207/atari_krull_seed2,/home/haselab/projects/stable-deep-world-model/logs/models/from_scratch_atari_krull_vta_3seed_to_400000_20260208_112207/atari_krull_seed2/checkpoints/step-000006250.pt,/home/haselab/projects/stable-deep-world-model/logs/models/from_scratch_atari_krull_vta_3seed_to_400000_20260208_112207/atari_krull_seed2/eval_eps/20260209T072618-38c91e477aab458aa8a3a03a8920e78e-721.npz,525,545,0.05,0.05077291652560234,0.8245781064033508,13.601295471191406,0.09345386922359467,13.805325508117676,0.7199738621711731,11.314038276672363,1.869077444076538,11.353979110717773
atari_krull,/home/haselab/projects/stable-deep-world-model/logs/models/from_scratch_atari_krull_vta_3seed_to_400000_20260208_112207/atari_krull_seed2,/home/haselab/projects/stable-deep-world-model/logs/models/from_scratch_atari_krull_vta_3seed_to_400000_20260208_112207/atari_krull_seed2/checkpoints/step-000006250.pt,/home/haselab/projects/stable-deep-world-model/logs/models/from_scratch_atari_krull_vta_3seed_to_400000_20260208_112207/atari_krull_seed2/eval_eps/20260209T072618-38c91e477aab458aa8a3a03a8920e78e-721.npz,530,550,0.05,0.05059004947543144,0.9065784215927124,13.84911823272705,0.09345386922359467,13.84216594696045,0.7199738621711731,11.314038276672363,1.869077444076538,11.353979110717773
atari_krull,/home/haselab/projects/stable-deep-world-model/logs/models/from_scratch_atari_krull_vta_3seed_to_400000_20260208_112207/atari_krull_seed2,/home/haselab/projects/stable-deep-world-model/logs/models/from_scratch_atari_krull_vta_3seed_to_400000_20260208_112207/atari_krull_seed2/checkpoints/step-000006250.pt,/home/haselab/projects/stable-deep-world-model/logs/models/from_scratch_atari_krull_vta_3seed_to_400000_20260208_112207/atari_krull_seed2/eval_eps/20260209T072618-38c91e477aab458aa8a3a03a8920e78e-721.npz,535,555,0.05,0.0512002594769001,0.8833734393119812,13.283607482910156,0.09345386922359467,13.252103805541992,0.7199738621711731,11.314038276672363,1.869077444076538,11.353979110717773
atari_krull,/home/haselab/projects/stable-deep-world-model/logs/models/from_scratch_atari_krull_vta_3seed_to_400000_20260208_112207/atari_krull_seed2,/home/haselab/projects/stable-deep-world-model/logs/models/from_scratch_atari_krull_vta_3seed_to_400000_20260208_112207/atari_krull_seed2/checkpoints/step-000006250.pt,/home/haselab/projects/stable-deep-world-model/logs/models/from_scratch_atari_krull_vta_3seed_to_400000_20260208_112207/atari_krull_seed2/eval_eps/20260209T072618-38c91e477aab458aa8a3a03a8920e78e-721.npz,540,560,0.05,0.05127445608377457,0.8813042640686035,13.67149829864502,0.09345386922359467,13.704862594604492,0.7199738621711731,11.314038276672363,1.869077444076538,11.353979110717773
atari_krull,/home/haselab/projects/stable-deep-world-model/logs/models/from_scratch_atari_krull_vta_3seed_to_400000_20260208_112207/atari_krull_seed2,/home/haselab/projects/stable-deep-world-model/logs/models/from_scratch_atari_krull_vta_3seed_to_400000_20260208_112207/atari_krull_seed2/checkpoints/step-000006250.pt,/home/haselab/projects/stable-deep-world-model/logs/models/from_scratch_atari_krull_vta_3seed_to_400000_20260208_112207/atari_krull_seed2/eval_eps/20260209T072618-38c91e477aab458aa8a3a03a8920e78e-721.npz,545,565,0.0,0.0010429670801386237,0.8765571713447571,13.238645553588867,0.0,13.230961799621582,nan,nan,nan,nan
atari_krull,/home/haselab/projects/stable-deep-world-model/logs/models/from_scratch_atari_krull_vta_3seed_to_400000_20260208_112207/atari_krull_seed2,/home/haselab/projects/stable-deep-world-model/logs/models/from_scratch_atari_krull_vta_3seed_to_400000_20260208_112207/atari_krull_seed2/checkpoints/step-000006250.pt,/home/haselab/projects/stable-deep-world-model/logs/models/from_scratch_atari_krull_vta_3seed_to_400000_20260208_112207/atari_krull_seed2/eval_eps/20260209T072618-38c91e477aab458aa8a3a03a8920e78e-721.npz,550,570,0.0,0.001108787371776998,0.7524315118789673,13.699060440063477,0.0,13.622952461242676,nan,nan,nan,nan
atari_krull,/home/haselab/projects/stable-deep-world-model/logs/models/from_scratch_atari_krull_vta_3seed_to_400000_20260208_112207/atari_krull_seed2,/home/haselab/projects/stable-deep-world-model/logs/models/from_scratch_atari_krull_vta_3seed_to_400000_20260208_112207/atari_krull_seed2/checkpoints/step-000006250.pt,/home/haselab/projects/stable-deep-world-model/logs/models/from_scratch_atari_krull_vta_3seed_to_400000_20260208_112207/atari_krull_seed2/eval_eps/20260209T072618-38c91e477aab458aa8a3a03a8920e78e-721.npz,555,575,0.0,0.00019752485968638211,0.778070867061615,13.70691204071045,0.0,13.635838508605957,nan,nan,nan,nan
atari_krull,/home/haselab/projects/stable-deep-world-model/logs/models/from_scratch_atari_krull_vta_3seed_to_400000_20260208_112207/atari_krull_seed2,/home/haselab/projects/stable-deep-world-model/logs/models/from_scratch_atari_krull_vta_3seed_to_400000_20260208_112207/atari_krull_seed2/checkpoints/step-000006250.pt,/home/haselab/projects/stable-deep-world-model/logs/models/from_scratch_atari_krull_vta_3seed_to_400000_20260208_112207/atari_krull_seed2/eval_eps/20260209T072618-38c91e477aab458aa8a3a03a8920e78e-721.npz,560,580,0.0,0.0017932237824425101,0.7867453694343567,13.11156940460205,0.0,13.017590522766113,nan,nan,nan,nan
atari_krull,/home/haselab/projects/stable-deep-world-model/logs/models/from_scratch_atari_krull_vta_3seed_to_400000_20260208_112207/atari_krull_seed2,/home/haselab/projects/stable-deep-world-model/logs/models/from_scratch_atari_krull_vta_3seed_to_400000_20260208_112207/atari_krull_seed2/checkpoints/step-000006250.pt,/home/haselab/projects/stable-deep-world-model/logs/models/from_scratch_atari_krull_vta_3seed_to_400000_20260208_112207/atari_krull_seed2/eval_eps/20260209T072618-38c91e477aab458aa8a3a03a8920e78e-721.npz,565,585,0.0,0.0018124723574146628,0.8326466679573059,13.581624031066895,0.0,13.44464111328125,nan,nan,nan,nan
atari_krull,/home/haselab/projects/stable-deep-world-model/logs/models/from_scratch_atari_krull_vta_3seed_to_400000_20260208_112207/atari_krull_seed2,/home/haselab/projects/stable-deep-world-model/logs/models/from_scratch_atari_krull_vta_3seed_to_400000_20260208_112207/atari_krull_seed2/checkpoints/step-000006250.pt,/home/haselab/projects/stable-deep-world-model/logs/models/from_scratch_atari_krull_vta_3seed_to_400000_20260208_112207/atari_krull_seed2/eval_eps/20260209T072618-38c91e477aab458aa8a3a03a8920e78e-721.npz,570,590,0.0,0.001733332290314138,0.8795591592788696,12.87890625,0.0,12.873059272766113,nan,nan,nan,nan
atari_krull,/home/haselab/projects/stable-deep-world-model/logs/models/from_scratch_atari_krull_vta_3seed_to_400000_20260208_112207/atari_krull_seed2,/home/haselab/projects/stable-deep-world-model/logs/models/from_scratch_atari_krull_vta_3seed_to_400000_20260208_112207/atari_krull_seed2/checkpoints/step-000006250.pt,/home/haselab/projects/stable-deep-world-model/logs/models/from_scratch_atari_krull_vta_3seed_to_400000_20260208_112207/atari_krull_seed2/eval_eps/20260209T072618-38c91e477aab458aa8a3a03a8920e78e-721.npz,575,595,0.05,0.0518333800137043,0.8689419031143188,13.826289176940918,0.0947665423154831,13.783119201660156,0.8975139856338501,19.571996688842773,1.895330786705017,19.154340744018555
atari_krull,/home/haselab/projects/stable-deep-world-model/logs/models/from_scratch_atari_krull_vta_3seed_to_400000_20260208_112207/atari_krull_seed2,/home/haselab/projects/stable-deep-world-model/logs/models/from_scratch_atari_krull_vta_3seed_to_400000_20260208_112207/atari_krull_seed2/checkpoints/step-000006250.pt,/home/haselab/projects/stable-deep-world-model/logs/models/from_scratch_atari_krull_vta_3seed_to_400000_20260208_112207/atari_krull_seed2/eval_eps/20260209T072618-38c91e477aab458aa8a3a03a8920e78e-721.npz,580,600,0.05,0.05021660402417183,0.8572466969490051,13.855051040649414,0.0947665423154831,13.832280158996582,0.8975139856338501,19.571996688842773,1.895330786705017,19.154340744018555
atari_krull,/home/haselab/projects/stable-deep-world-model/logs/models/from_scratch_atari_krull_vta_3seed_to_400000_20260208_112207/atari_krull_seed2,/home/haselab/projects/stable-deep-world-model/logs/models/from_scratch_atari_krull_vta_3seed_to_400000_20260208_112207/atari_krull_seed2/checkpoints/step-000006250.pt,/home/haselab/projects/stable-deep-world-model/logs/models/from_scratch_atari_krull_vta_3seed_to_400000_20260208_112207/atari_krull_seed2/eval_eps/20260209T072618-38c91e477aab458aa8a3a03a8920e78e-721.npz,585,605,0.05,0.05144115164875984,0.8284117579460144,13.680166244506836,0.0947665423154831,13.82348918914795,0.8975139856338501,19.571996688842773,1.895330786705017,19.154340744018555
atari_krull,/home/haselab/projects/stable-deep-world-model/logs/models/from_scratch_atari_krull_vta_3seed_to_400000_20260208_112207/atari_krull_seed2,/home/haselab/projects/stable-deep-world-model/logs/models/from_scratch_atari_krull_vta_3seed_to_400000_20260208_112207/atari_krull_seed2/checkpoints/step-000006250.pt,/home/haselab/projects/stable-deep-world-model/logs/models/from_scratch_atari_krull_vta_3seed_to_400000_20260208_112207/atari_krull_seed2/eval_eps/20260209T072618-38c91e477aab458aa8a3a03a8920e78e-721.npz,590,610,0.05,0.051445234566926956,0.8110615015029907,14.184286117553711,0.0947665423154831,14.306367874145508,0.8975139856338501,19.571996688842773,1.895330786705017,19.154340744018555
atari_krull,/home/haselab/projects/stable-deep-world-model/logs/models/from_scratch_atari_krull_vta_3seed_to_400000_20260208_112207/atari_krull_seed2,/home/haselab/projects/stable-deep-world-model/logs/models/from_scratch_atari_krull_vta_3seed_to_400000_20260208_112207/atari_krull_seed2/checkpoints/step-000006250.pt,/home/haselab/projects/stable-deep-world-model/logs/models/from_scratch_atari_krull_vta_3seed_to_400000_20260208_112207/atari_krull_seed2/eval_eps/20260209T072618-38c91e477aab458aa8a3a03a8920e78e-721.npz,595,615,0.0,0.0013477811589837074,0.8169304132461548,13.35801887512207,0.0,13.569478988647461,nan,nan,nan,nan
atari_krull,/home/haselab/projects/stable-deep-world-model/logs/models/from_scratch_atari_krull_vta_3seed_to_400000_20260208_112207/atari_krull_seed2,/home/haselab/projects/stable-deep-world-model/logs/models/from_scratch_atari_krull_vta_3seed_to_400000_20260208_112207/atari_krull_seed2/checkpoints/step-000006250.pt,/home/haselab/projects/stable-deep-world-model/logs/models/from_scratch_atari_krull_vta_3seed_to_400000_20260208_112207/atari_krull_seed2/eval_eps/20260209T072618-38c91e477aab458aa8a3a03a8920e78e-721.npz,600,620,0.0,0.00154551537707448,0.7946190237998962,13.74512004852295,0.0,13.960573196411133,nan,nan,nan,nan
atari_krull,/home/haselab/projects/stable-deep-world-model/logs/models/from_scratch_atari_krull_vta_3seed_to_400000_20260208_112207/atari_krull_seed2,/home/haselab/projects/stable-deep-world-model/logs/models/from_scratch_atari_krull_vta_3seed_to_400000_20260208_112207/atari_krull_seed2/checkpoints/step-000006250.pt,/home/haselab/projects/stable-deep-world-model/logs/models/from_scratch_atari_krull_vta_3seed_to_400000_20260208_112207/atari_krull_seed2/eval_eps/20260209T072618-38c91e477aab458aa8a3a03a8920e78e-721.npz,605,625,0.0,0.00033380521927028894,0.8041858673095703,13.101522445678711,0.0,13.2250394821167,nan,nan,nan,nan
atari_krull,/home/haselab/projects/stable-deep-world-model/logs/models/from_scratch_atari_krull_vta_3seed_to_400000_20260208_112207/atari_krull_seed2,/home/haselab/projects/stable-deep-world-model/logs/models/from_scratch_atari_krull_vta_3seed_to_400000_20260208_112207/atari_krull_seed2/checkpoints/step-000006250.pt,/home/haselab/projects/stable-deep-world-model/logs/models/from_scratch_atari_krull_vta_3seed_to_400000_20260208_112207/atari_krull_seed2/eval_eps/20260209T072618-38c91e477aab458aa8a3a03a8920e78e-721.npz,610,630,0.0,0.0034799003042280674,0.8054935336112976,13.43114185333252,0.0,13.54832649230957,nan,nan,nan,nan
atari_krull,/home/haselab/projects/stable-deep-world-model/logs/models/from_scratch_atari_krull_vta_3seed_to_400000_20260208_112207/atari_krull_seed2,/home/haselab/projects/stable-deep-world-model/logs/models/from_scratch_atari_krull_vta_3seed_to_400000_20260208_112207/atari_krull_seed2/checkpoints/step-000006250.pt,/home/haselab/projects/stable-deep-world-model/logs/models/from_scratch_atari_krull_vta_3seed_to_400000_20260208_112207/atari_krull_seed2/eval_eps/20260209T072618-38c91e477aab458aa8a3a03a8920e78e-721.npz,615,635,0.0,0.0034828386269509792,0.7988418340682983,13.654874801635742,0.0,13.809557914733887,nan,nan,nan,nan
atari_krull,/home/haselab/projects/stable-deep-world-model/logs/models/from_scratch_atari_krull_vta_3seed_to_400000_20260208_112207/atari_krull_seed2,/home/haselab/projects/stable-deep-world-model/logs/models/from_scratch_atari_krull_vta_3seed_to_400000_20260208_112207/atari_krull_seed2/checkpoints/step-000006250.pt,/home/haselab/projects/stable-deep-world-model/logs/models/from_scratch_atari_krull_vta_3seed_to_400000_20260208_112207/atari_krull_seed2/eval_eps/20260209T072618-38c91e477aab458aa8a3a03a8920e78e-721.npz,620,640,0.0,0.003349408507347107,0.8202055096626282,13.44731616973877,0.0,13.557352066040039,nan,nan,nan,nan
atari_krull,/home/haselab/projects/stable-deep-world-model/logs/models/from_scratch_atari_krull_vta_3seed_to_400000_20260208_112207/atari_krull_seed2,/home/haselab/projects/stable-deep-world-model/logs/models/from_scratch_atari_krull_vta_3seed_to_400000_20260208_112207/atari_krull_seed2/checkpoints/step-000006250.pt,/home/haselab/projects/stable-deep-world-model/logs/models/from_scratch_atari_krull_vta_3seed_to_400000_20260208_112207/atari_krull_seed2/eval_eps/20260209T072618-38c91e477aab458aa8a3a03a8920e78e-721.npz,625,645,0.05,0.05336252972483635,0.796988308429718,14.215459823608398,0.06359842419624329,14.292045593261719,0.6744511127471924,16.302385330200195,1.2719684839248657,16.11578941345215
atari_krull,/home/haselab/projects/stable-deep-world-model/logs/models/from_scratch_atari_krull_vta_3seed_to_400000_20260208_112207/atari_krull_seed2,/home/haselab/projects/stable-deep-world-model/logs/models/from_scratch_atari_krull_vta_3seed_to_400000_20260208_112207/atari_krull_seed2/checkpoints/step-000006250.pt,/home/haselab/projects/stable-deep-world-model/logs/models/from_scratch_atari_krull_vta_3seed_to_400000_20260208_112207/atari_krull_seed2/eval_eps/20260209T072618-38c91e477aab458aa8a3a03a8920e78e-721.npz,630,650,0.05,0.05021212622523308,0.8049978017807007,13.435473442077637,0.06359842419624329,13.533502578735352,0.6744511127471924,16.302385330200195,1.2719684839248657,16.11578941345215
atari_krull,/home/haselab/projects/stable-deep-world-model/logs/models/from_scratch_atari_krull_vta_3seed_to_400000_20260208_112207/atari_krull_seed2,/home/haselab/projects/stable-deep-world-model/logs/models/from_scratch_atari_krull_vta_3seed_to_400000_20260208_112207/atari_krull_seed2/checkpoints/step-000006250.pt,/home/haselab/projects/stable-deep-world-model/logs/models/from_scratch_atari_krull_vta_3seed_to_400000_20260208_112207/atari_krull_seed2/eval_eps/20260209T072618-38c91e477aab458aa8a3a03a8920e78e-721.npz,635,655,0.05,0.05365343019366264,0.8025933504104614,13.80396556854248,0.06359842419624329,13.79118824005127,0.6744511127471924,16.302385330200195,1.2719684839248657,16.11578941345215
atari_krull,/home/haselab/projects/stable-deep-world-model/logs/models/from_scratch_atari_krull_vta_3seed_to_400000_20260208_112207/atari_krull_seed2,/home/haselab/projects/stable-deep-world-model/logs/models/from_scratch_atari_krull_vta_3seed_to_400000_20260208_112207/atari_krull_seed2/checkpoints/step-000006250.pt,/home/haselab/projects/stable-deep-world-model/logs/models/from_scratch_atari_krull_vta_3seed_to_400000_20260208_112207/atari_krull_seed2/eval_eps/20260209T072618-38c91e477aab458aa8a3a03a8920e78e-721.npz,640,660,0.05,0.05354461073875427,0.800066351890564,13.839906692504883,0.06359842419624329,13.869508743286133,0.6744511127471924,16.302385330200195,1.2719684839248657,16.11578941345215
atari_krull,/home/haselab/projects/stable-deep-world-model/logs/models/from_scratch_atari_krull_vta_3seed_to_400000_20260208_112207/atari_krull_seed2,/home/haselab/projects/stable-deep-world-model/logs/models/from_scratch_atari_krull_vta_3seed_to_400000_20260208_112207/atari_krull_seed2/checkpoints/step-000006250.pt,/home/haselab/projects/stable-deep-world-model/logs/models/from_scratch_atari_krull_vta_3seed_to_400000_20260208_112207/atari_krull_seed2/eval_eps/20260209T072618-38c91e477aab458aa8a3a03a8920e78e-721.npz,645,665,0.0,0.0035776824224740267,0.8111554384231567,13.633504867553711,0.0,13.692049026489258,nan,nan,nan,nan
atari_krull,/home/haselab/projects/stable-deep-world-model/logs/models/from_scratch_atari_krull_vta_3seed_to_400000_20260208_112207/atari_krull_seed2,/home/haselab/projects/stable-deep-world-model/logs/models/from_scratch_atari_krull_vta_3seed_to_400000_20260208_112207/atari_krull_seed2/checkpoints/step-000006250.pt,/home/haselab/projects/stable-deep-world-model/logs/models/from_scratch_atari_krull_vta_3seed_to_400000_20260208_112207/atari_krull_seed2/eval_eps/20260209T072618-38c91e477aab458aa8a3a03a8920e78e-721.npz,650,670,0.0,0.0035920608788728714,0.816280722618103,13.840089797973633,0.0,13.953920364379883,nan,nan,nan,nan
atari_krull,/home/haselab/projects/stable-deep-world-model/logs/models/from_scratch_atari_krull_vta_3seed_to_400000_20260208_112207/atari_krull_seed2,/home/haselab/projects/stable-deep-world-model/logs/models/from_scratch_atari_krull_vta_3seed_to_400000_20260208_112207/atari_krull_seed2/checkpoints/step-000006250.pt,/home/haselab/projects/stable-deep-world-model/logs/models/from_scratch_atari_krull_vta_3seed_to_400000_20260208_112207/atari_krull_seed2/eval_eps/20260209T072618-38c91e477aab458aa8a3a03a8920e78e-721.npz,655,675,0.0,0.001484194421209395,0.8100905418395996,13.13731861114502,0.0,13.282608032226562,nan,nan,nan,nan
atari_krull,/home/haselab/projects/stable-deep-world-model/logs/models/from_scratch_atari_krull_vta_3seed_to_400000_20260208_112207/atari_krull_seed2,/home/haselab/projects/stable-deep-world-model/logs/models/from_scratch_atari_krull_vta_3seed_to_400000_20260208_112207/atari_krull_seed2/checkpoints/step-000006250.pt,/home/haselab/projects/stable-deep-world-model/logs/models/from_scratch_atari_krull_vta_3seed_to_400000_20260208_112207/atari_krull_seed2/eval_eps/20260209T072618-38c91e477aab458aa8a3a03a8920e78e-721.npz,660,680,0.0,0.0015095811104401946,0.7971343994140625,13.402093887329102,0.0,13.485502243041992,nan,nan,nan,nan
atari_krull,/home/haselab/projects/stable-deep-world-model/logs/models/from_scratch_atari_krull_vta_3seed_to_400000_20260208_112207/atari_krull_seed2,/home/haselab/projects/stable-deep-world-model/logs/models/from_scratch_atari_krull_vta_3seed_to_400000_20260208_112207/atari_krull_seed2/checkpoints/step-000006250.pt,/home/haselab/projects/stable-deep-world-model/logs/models/from_scratch_atari_krull_vta_3seed_to_400000_20260208_112207/atari_krull_seed2/eval_eps/20260209T072618-38c91e477aab458aa8a3a03a8920e78e-721.npz,665,685,0.0,0.0014335484011098742,0.8005802035331726,13.285799026489258,0.0,13.381052017211914,nan,nan,nan,nan
atari_krull,/home/haselab/projects/stable-deep-world-model/logs/models/from_scratch_atari_krull_vta_3seed_to_400000_20260208_112207/atari_krull_seed2,/home/haselab/projects/stable-deep-world-model/logs/models/from_scratch_atari_krull_vta_3seed_to_400000_20260208_112207/atari_krull_seed2/checkpoints/step-000006250.pt,/home/haselab/projects/stable-deep-world-model/logs/models/from_scratch_atari_krull_vta_3seed_to_400000_20260208_112207/atari_krull_seed2/eval_eps/20260209T072618-38c91e477aab458aa8a3a03a8920e78e-721.npz,670,690,0.0,0.0015868631890043616,0.7931812405586243,13.718246459960938,0.0,13.753120422363281,nan,nan,nan,nan
atari_krull,/home/haselab/projects/stable-deep-world-model/logs/models/from_scratch_atari_krull_vta_3seed_to_400000_20260208_112207/atari_krull_seed2,/home/haselab/projects/stable-deep-world-model/logs/models/from_scratch_atari_krull_vta_3seed_to_400000_20260208_112207/atari_krull_seed2/checkpoints/step-000006250.pt,/home/haselab/projects/stable-deep-world-model/logs/models/from_scratch_atari_krull_vta_3seed_to_400000_20260208_112207/atari_krull_seed2/eval_eps/20260209T072618-38c91e477aab458aa8a3a03a8920e78e-721.npz,675,695,0.05,0.05025413632392883,0.8168401718139648,13.912516593933105,0.06640366464853287,13.970245361328125,0.8319119215011597,12.159404754638672,1.328073263168335,13.056071281433105
atari_krull,/home/haselab/projects/stable-deep-world-model/logs/models/from_scratch_atari_krull_vta_3seed_to_400000_20260208_112207/atari_krull_seed2,/home/haselab/projects/stable-deep-world-model/logs/models/from_scratch_atari_krull_vta_3seed_to_400000_20260208_112207/atari_krull_seed2/checkpoints/step-000006250.pt,/home/haselab/projects/stable-deep-world-model/logs/models/from_scratch_atari_krull_vta_3seed_to_400000_20260208_112207/atari_krull_seed2/eval_eps/20260209T072618-38c91e477aab458aa8a3a03a8920e78e-721.npz,680,700,0.05,0.05264287441968918,0.8318401575088501,13.402099609375,0.06640366464853287,13.492403030395508,0.8319119215011597,12.159404754638672,1.328073263168335,13.056071281433105
atari_krull,/home/haselab/projects/stable-deep-world-model/logs/models/from_scratch_atari_krull_vta_3seed_to_400000_20260208_112207/atari_krull_seed2,/home/haselab/projects/stable-deep-world-model/logs/models/from_scratch_atari_krull_vta_3seed_to_400000_20260208_112207/atari_krull_seed2/checkpoints/step-000006250.pt,/home/haselab/projects/stable-deep-world-model/logs/models/from_scratch_atari_krull_vta_3seed_to_400000_20260208_112207/atari_krull_seed2/eval_eps/20260209T072618-38c91e477aab458aa8a3a03a8920e78e-721.npz,685,705,0.05,0.0526759997010231,0.8090211749076843,13.805030822753906,0.06640366464853287,13.939860343933105,0.8319119215011597,12.159404754638672,1.328073263168335,13.056071281433105
atari_krull,/home/haselab/projects/stable-deep-world-model/logs/models/from_scratch_atari_krull_vta_3seed_to_400000_20260208_112207/atari_krull_seed2,/home/haselab/projects/stable-deep-world-model/logs/models/from_scratch_atari_krull_vta_3seed_to_400000_20260208_112207/atari_krull_seed2/checkpoints/step-000006250.pt,/home/haselab/projects/stable-deep-world-model/logs/models/from_scratch_atari_krull_vta_3seed_to_400000_20260208_112207/atari_krull_seed2/eval_eps/20260209T072618-38c91e477aab458aa8a3a03a8920e78e-721.npz,690,710,0.05,0.05251017212867737,0.7971953749656677,13.203577041625977,0.06640366464853287,13.256050109863281,0.8319119215011597,12.159404754638672,1.328073263168335,13.056071281433105
atari_krull,/home/haselab/projects/stable-deep-world-model/logs/models/from_scratch_atari_krull_vta_3seed_to_400000_20260208_112207/atari_krull_seed2,/home/haselab/projects/stable-deep-world-model/logs/models/from_scratch_atari_krull_vta_3seed_to_400000_20260208_112207/atari_krull_seed2/checkpoints/step-000006250.pt,/home/haselab/projects/stable-deep-world-model/logs/models/from_scratch_atari_krull_vta_3seed_to_400000_20260208_112207/atari_krull_seed2/eval_eps/20260209T072618-38c91e477aab458aa8a3a03a8920e78e-721.npz,695,715,0.0,0.002650198992341757,0.7617601156234741,13.718193054199219,0.0,13.835748672485352,nan,nan,nan,nan
atari_krull,/home/haselab/projects/stable-deep-world-model/logs/models/from_scratch_atari_krull_vta_3seed_to_400000_20260208_112207/atari_krull_seed2,/home/haselab/projects/stable-deep-world-model/logs/models/from_scratch_atari_krull_vta_3seed_to_400000_20260208_112207/atari_krull_seed2/checkpoints/step-000006250.pt,/home/haselab/projects/stable-deep-world-model/logs/models/from_scratch_atari_krull_vta_3seed_to_400000_20260208_112207/atari_krull_seed2/eval_eps/20260209T072618-38c91e477aab458aa8a3a03a8920e78e-721.npz,700,720,0.05,0.04984360188245773,0.9219066500663757,13.680511474609375,0.19101223349571228,13.857096672058105,3.845764398574829,10.261612892150879,3.820244550704956,10.57788372039795
