task,logdir,episode,window_start,window_end,boundary_rate,abs_l2_mean,obs_l2_mean,abs_l2_read_mean,obs_l2_read_mean
atari_private_eye,/home/haselab/murakawa/stable-deep-world-model/logdir/atari_frostbite_vta_20260107_202443,/home/haselab/murakawa/stable-deep-world-model/logdir/atari_frostbite_vta_20260107_202443/train_eps/20260108T163622-6a2855e80f96423f8e6321ab3a435bdc-1194.npz,0,20,0.0,0.6064019799232483,1.4964505434036255,nan,nan
atari_private_eye,/home/haselab/murakawa/stable-deep-world-model/logdir/atari_frostbite_vta_20260107_202443,/home/haselab/murakawa/stable-deep-world-model/logdir/atari_frostbite_vta_20260107_202443/train_eps/20260108T163622-6a2855e80f96423f8e6321ab3a435bdc-1194.npz,5,25,0.0,1.0609403848648071,1.6253318786621094,nan,nan
atari_private_eye,/home/haselab/murakawa/stable-deep-world-model/logdir/atari_frostbite_vta_20260107_202443,/home/haselab/murakawa/stable-deep-world-model/logdir/atari_frostbite_vta_20260107_202443/train_eps/20260108T163622-6a2855e80f96423f8e6321ab3a435bdc-1194.npz,10,30,0.0,1.4041125774383545,2.103502035140991,nan,nan
atari_private_eye,/home/haselab/murakawa/stable-deep-world-model/logdir/atari_frostbite_vta_20260107_202443,/home/haselab/murakawa/stable-deep-world-model/logdir/atari_frostbite_vta_20260107_202443/train_eps/20260108T163622-6a2855e80f96423f8e6321ab3a435bdc-1194.npz,15,35,0.0,1.594644546508789,2.3035428524017334,nan,nan
atari_private_eye,/home/haselab/murakawa/stable-deep-world-model/logdir/atari_frostbite_vta_20260107_202443,/home/haselab/murakawa/stable-deep-world-model/logdir/atari_frostbite_vta_20260107_202443/train_eps/20260108T163622-6a2855e80f96423f8e6321ab3a435bdc-1194.npz,20,40,0.0,1.4433826208114624,2.1312997341156006,nan,nan
atari_private_eye,/home/haselab/murakawa/stable-deep-world-model/logdir/atari_frostbite_vta_20260107_202443,/home/haselab/murakawa/stable-deep-world-model/logdir/atari_frostbite_vta_20260107_202443/train_eps/20260108T163622-6a2855e80f96423f8e6321ab3a435bdc-1194.npz,25,45,0.0,1.2393168210983276,2.1341710090637207,nan,nan
atari_private_eye,/home/haselab/murakawa/stable-deep-world-model/logdir/atari_frostbite_vta_20260107_202443,/home/haselab/murakawa/stable-deep-world-model/logdir/atari_frostbite_vta_20260107_202443/train_eps/20260108T163622-6a2855e80f96423f8e6321ab3a435bdc-1194.npz,30,50,0.0,1.3583836555480957,2.414189338684082,nan,nan
atari_private_eye,/home/haselab/murakawa/stable-deep-world-model/logdir/atari_frostbite_vta_20260107_202443,/home/haselab/murakawa/stable-deep-world-model/logdir/atari_frostbite_vta_20260107_202443/train_eps/20260108T163622-6a2855e80f96423f8e6321ab3a435bdc-1194.npz,35,55,0.0,1.3157997131347656,2.3561086654663086,nan,nan
atari_private_eye,/home/haselab/murakawa/stable-deep-world-model/logdir/atari_frostbite_vta_20260107_202443,/home/haselab/murakawa/stable-deep-world-model/logdir/atari_frostbite_vta_20260107_202443/train_eps/20260108T163622-6a2855e80f96423f8e6321ab3a435bdc-1194.npz,40,60,0.0,1.3290157318115234,2.4786484241485596,nan,nan
atari_private_eye,/home/haselab/murakawa/stable-deep-world-model/logdir/atari_frostbite_vta_20260107_202443,/home/haselab/murakawa/stable-deep-world-model/logdir/atari_frostbite_vta_20260107_202443/train_eps/20260108T163622-6a2855e80f96423f8e6321ab3a435bdc-1194.npz,45,65,0.0,1.325580358505249,2.367096424102783,nan,nan
atari_private_eye,/home/haselab/murakawa/stable-deep-world-model/logdir/atari_frostbite_vta_20260107_202443,/home/haselab/murakawa/stable-deep-world-model/logdir/atari_frostbite_vta_20260107_202443/train_eps/20260108T163622-6a2855e80f96423f8e6321ab3a435bdc-1194.npz,50,70,0.0,1.0817543268203735,1.87265944480896,nan,nan
atari_private_eye,/home/haselab/murakawa/stable-deep-world-model/logdir/atari_frostbite_vta_20260107_202443,/home/haselab/murakawa/stable-deep-world-model/logdir/atari_frostbite_vta_20260107_202443/train_eps/20260108T163622-6a2855e80f96423f8e6321ab3a435bdc-1194.npz,55,75,0.0,1.0702539682388306,1.8738086223602295,nan,nan
atari_private_eye,/home/haselab/murakawa/stable-deep-world-model/logdir/atari_frostbite_vta_20260107_202443,/home/haselab/murakawa/stable-deep-world-model/logdir/atari_frostbite_vta_20260107_202443/train_eps/20260108T163622-6a2855e80f96423f8e6321ab3a435bdc-1194.npz,60,80,0.0,1.0559699535369873,1.7908931970596313,nan,nan
atari_private_eye,/home/haselab/murakawa/stable-deep-world-model/logdir/atari_frostbite_vta_20260107_202443,/home/haselab/murakawa/stable-deep-world-model/logdir/atari_frostbite_vta_20260107_202443/train_eps/20260108T163622-6a2855e80f96423f8e6321ab3a435bdc-1194.npz,65,85,0.0,1.040114164352417,1.8093000650405884,nan,nan
atari_private_eye,/home/haselab/murakawa/stable-deep-world-model/logdir/atari_frostbite_vta_20260107_202443,/home/haselab/murakawa/stable-deep-world-model/logdir/atari_frostbite_vta_20260107_202443/train_eps/20260108T163622-6a2855e80f96423f8e6321ab3a435bdc-1194.npz,70,90,0.0,1.0448179244995117,1.9436233043670654,nan,nan
atari_private_eye,/home/haselab/murakawa/stable-deep-world-model/logdir/atari_frostbite_vta_20260107_202443,/home/haselab/murakawa/stable-deep-world-model/logdir/atari_frostbite_vta_20260107_202443/train_eps/20260108T163622-6a2855e80f96423f8e6321ab3a435bdc-1194.npz,75,95,0.0,1.1338937282562256,2.0367465019226074,nan,nan
atari_private_eye,/home/haselab/murakawa/stable-deep-world-model/logdir/atari_frostbite_vta_20260107_202443,/home/haselab/murakawa/stable-deep-world-model/logdir/atari_frostbite_vta_20260107_202443/train_eps/20260108T163622-6a2855e80f96423f8e6321ab3a435bdc-1194.npz,80,100,0.0,1.0665719509124756,1.9187097549438477,nan,nan
atari_private_eye,/home/haselab/murakawa/stable-deep-world-model/logdir/atari_frostbite_vta_20260107_202443,/home/haselab/murakawa/stable-deep-world-model/logdir/atari_frostbite_vta_20260107_202443/train_eps/20260108T163622-6a2855e80f96423f8e6321ab3a435bdc-1194.npz,85,105,0.0,1.1428587436676025,2.3202240467071533,nan,nan
atari_private_eye,/home/haselab/murakawa/stable-deep-world-model/logdir/atari_frostbite_vta_20260107_202443,/home/haselab/murakawa/stable-deep-world-model/logdir/atari_frostbite_vta_20260107_202443/train_eps/20260108T163622-6a2855e80f96423f8e6321ab3a435bdc-1194.npz,90,110,0.0,1.0788956880569458,2.294728994369507,nan,nan
atari_private_eye,/home/haselab/murakawa/stable-deep-world-model/logdir/atari_frostbite_vta_20260107_202443,/home/haselab/murakawa/stable-deep-world-model/logdir/atari_frostbite_vta_20260107_202443/train_eps/20260108T163622-6a2855e80f96423f8e6321ab3a435bdc-1194.npz,95,115,0.0,0.9795131683349609,2.225590229034424,nan,nan
atari_private_eye,/home/haselab/murakawa/stable-deep-world-model/logdir/atari_frostbite_vta_20260107_202443,/home/haselab/murakawa/stable-deep-world-model/logdir/atari_frostbite_vta_20260107_202443/train_eps/20260108T163622-6a2855e80f96423f8e6321ab3a435bdc-1194.npz,100,120,0.0,0.9611356854438782,2.197601795196533,nan,nan
atari_private_eye,/home/haselab/murakawa/stable-deep-world-model/logdir/atari_frostbite_vta_20260107_202443,/home/haselab/murakawa/stable-deep-world-model/logdir/atari_frostbite_vta_20260107_202443/train_eps/20260108T163622-6a2855e80f96423f8e6321ab3a435bdc-1194.npz,105,125,0.0,0.8800933957099915,1.7731420993804932,nan,nan
atari_private_eye,/home/haselab/murakawa/stable-deep-world-model/logdir/atari_frostbite_vta_20260107_202443,/home/haselab/murakawa/stable-deep-world-model/logdir/atari_frostbite_vta_20260107_202443/train_eps/20260108T163622-6a2855e80f96423f8e6321ab3a435bdc-1194.npz,110,130,0.0,0.8527350425720215,1.5441888570785522,nan,nan
atari_private_eye,/home/haselab/murakawa/stable-deep-world-model/logdir/atari_frostbite_vta_20260107_202443,/home/haselab/murakawa/stable-deep-world-model/logdir/atari_frostbite_vta_20260107_202443/train_eps/20260108T163622-6a2855e80f96423f8e6321ab3a435bdc-1194.npz,115,135,0.0,0.6824568510055542,1.1517879962921143,nan,nan
atari_private_eye,/home/haselab/murakawa/stable-deep-world-model/logdir/atari_frostbite_vta_20260107_202443,/home/haselab/murakawa/stable-deep-world-model/logdir/atari_frostbite_vta_20260107_202443/train_eps/20260108T163622-6a2855e80f96423f8e6321ab3a435bdc-1194.npz,120,140,0.0,0.4938177466392517,0.8020523190498352,nan,nan
atari_private_eye,/home/haselab/murakawa/stable-deep-world-model/logdir/atari_frostbite_vta_20260107_202443,/home/haselab/murakawa/stable-deep-world-model/logdir/atari_frostbite_vta_20260107_202443/train_eps/20260108T163622-6a2855e80f96423f8e6321ab3a435bdc-1194.npz,125,145,0.0,0.2786813974380493,0.3709196448326111,nan,nan
atari_private_eye,/home/haselab/murakawa/stable-deep-world-model/logdir/atari_frostbite_vta_20260107_202443,/home/haselab/murakawa/stable-deep-world-model/logdir/atari_frostbite_vta_20260107_202443/train_eps/20260108T163622-6a2855e80f96423f8e6321ab3a435bdc-1194.npz,130,150,0.0,0.15088483691215515,0.1722821295261383,nan,nan
atari_private_eye,/home/haselab/murakawa/stable-deep-world-model/logdir/atari_frostbite_vta_20260107_202443,/home/haselab/murakawa/stable-deep-world-model/logdir/atari_frostbite_vta_20260107_202443/train_eps/20260108T163622-6a2855e80f96423f8e6321ab3a435bdc-1194.npz,135,155,0.0,0.10346458107233047,0.1325988471508026,nan,nan
atari_private_eye,/home/haselab/murakawa/stable-deep-world-model/logdir/atari_frostbite_vta_20260107_202443,/home/haselab/murakawa/stable-deep-world-model/logdir/atari_frostbite_vta_20260107_202443/train_eps/20260108T163622-6a2855e80f96423f8e6321ab3a435bdc-1194.npz,140,160,0.0,0.0658903419971466,0.10996560007333755,nan,nan
atari_private_eye,/home/haselab/murakawa/stable-deep-world-model/logdir/atari_frostbite_vta_20260107_202443,/home/haselab/murakawa/stable-deep-world-model/logdir/atari_frostbite_vta_20260107_202443/train_eps/20260108T163622-6a2855e80f96423f8e6321ab3a435bdc-1194.npz,145,165,0.0,0.038241248577833176,0.09477000683546066,nan,nan
atari_private_eye,/home/haselab/murakawa/stable-deep-world-model/logdir/atari_frostbite_vta_20260107_202443,/home/haselab/murakawa/stable-deep-world-model/logdir/atari_frostbite_vta_20260107_202443/train_eps/20260108T163622-6a2855e80f96423f8e6321ab3a435bdc-1194.npz,150,170,0.0,0.02309044450521469,0.07943666726350784,nan,nan
atari_private_eye,/home/haselab/murakawa/stable-deep-world-model/logdir/atari_frostbite_vta_20260107_202443,/home/haselab/murakawa/stable-deep-world-model/logdir/atari_frostbite_vta_20260107_202443/train_eps/20260108T163622-6a2855e80f96423f8e6321ab3a435bdc-1194.npz,155,175,0.0,0.02450508624315262,0.07670895010232925,nan,nan
atari_private_eye,/home/haselab/murakawa/stable-deep-world-model/logdir/atari_frostbite_vta_20260107_202443,/home/haselab/murakawa/stable-deep-world-model/logdir/atari_frostbite_vta_20260107_202443/train_eps/20260108T163622-6a2855e80f96423f8e6321ab3a435bdc-1194.npz,160,180,0.05,0.37723878026008606,0.5493258237838745,6.980188846588135,7.556252956390381
atari_private_eye,/home/haselab/murakawa/stable-deep-world-model/logdir/atari_frostbite_vta_20260107_202443,/home/haselab/murakawa/stable-deep-world-model/logdir/atari_frostbite_vta_20260107_202443/train_eps/20260108T163622-6a2855e80f96423f8e6321ab3a435bdc-1194.npz,165,185,0.05,0.38133057951927185,0.6206547021865845,6.980188846588135,7.556252956390381
atari_private_eye,/home/haselab/murakawa/stable-deep-world-model/logdir/atari_frostbite_vta_20260107_202443,/home/haselab/murakawa/stable-deep-world-model/logdir/atari_frostbite_vta_20260107_202443/train_eps/20260108T163622-6a2855e80f96423f8e6321ab3a435bdc-1194.npz,170,190,0.05,0.3780198395252228,0.6623901724815369,6.980188846588135,7.556252956390381
atari_private_eye,/home/haselab/murakawa/stable-deep-world-model/logdir/atari_frostbite_vta_20260107_202443,/home/haselab/murakawa/stable-deep-world-model/logdir/atari_frostbite_vta_20260107_202443/train_eps/20260108T163622-6a2855e80f96423f8e6321ab3a435bdc-1194.npz,175,195,0.05,0.4247850477695465,0.8710356950759888,6.980188846588135,7.556252956390381
atari_private_eye,/home/haselab/murakawa/stable-deep-world-model/logdir/atari_frostbite_vta_20260107_202443,/home/haselab/murakawa/stable-deep-world-model/logdir/atari_frostbite_vta_20260107_202443/train_eps/20260108T163622-6a2855e80f96423f8e6321ab3a435bdc-1194.npz,180,200,0.0,0.4196365475654602,1.0636065006256104,nan,nan
atari_private_eye,/home/haselab/murakawa/stable-deep-world-model/logdir/atari_frostbite_vta_20260107_202443,/home/haselab/murakawa/stable-deep-world-model/logdir/atari_frostbite_vta_20260107_202443/train_eps/20260108T163622-6a2855e80f96423f8e6321ab3a435bdc-1194.npz,185,205,0.0,0.7843125462532043,1.546977162361145,nan,nan
atari_private_eye,/home/haselab/murakawa/stable-deep-world-model/logdir/atari_frostbite_vta_20260107_202443,/home/haselab/murakawa/stable-deep-world-model/logdir/atari_frostbite_vta_20260107_202443/train_eps/20260108T163622-6a2855e80f96423f8e6321ab3a435bdc-1194.npz,190,210,0.0,1.1146891117095947,2.166090965270996,nan,nan
atari_private_eye,/home/haselab/murakawa/stable-deep-world-model/logdir/atari_frostbite_vta_20260107_202443,/home/haselab/murakawa/stable-deep-world-model/logdir/atari_frostbite_vta_20260107_202443/train_eps/20260108T163622-6a2855e80f96423f8e6321ab3a435bdc-1194.npz,195,215,0.0,1.296664834022522,2.441265821456909,nan,nan
atari_private_eye,/home/haselab/murakawa/stable-deep-world-model/logdir/atari_frostbite_vta_20260107_202443,/home/haselab/murakawa/stable-deep-world-model/logdir/atari_frostbite_vta_20260107_202443/train_eps/20260108T163622-6a2855e80f96423f8e6321ab3a435bdc-1194.npz,200,220,0.0,1.2153103351593018,2.257071018218994,nan,nan
atari_private_eye,/home/haselab/murakawa/stable-deep-world-model/logdir/atari_frostbite_vta_20260107_202443,/home/haselab/murakawa/stable-deep-world-model/logdir/atari_frostbite_vta_20260107_202443/train_eps/20260108T163622-6a2855e80f96423f8e6321ab3a435bdc-1194.npz,205,225,0.0,1.1346278190612793,2.3599095344543457,nan,nan
atari_private_eye,/home/haselab/murakawa/stable-deep-world-model/logdir/atari_frostbite_vta_20260107_202443,/home/haselab/murakawa/stable-deep-world-model/logdir/atari_frostbite_vta_20260107_202443/train_eps/20260108T163622-6a2855e80f96423f8e6321ab3a435bdc-1194.npz,210,230,0.0,1.1641985177993774,2.390268564224243,nan,nan
atari_private_eye,/home/haselab/murakawa/stable-deep-world-model/logdir/atari_frostbite_vta_20260107_202443,/home/haselab/murakawa/stable-deep-world-model/logdir/atari_frostbite_vta_20260107_202443/train_eps/20260108T163622-6a2855e80f96423f8e6321ab3a435bdc-1194.npz,215,235,0.0,1.1888282299041748,2.448122501373291,nan,nan
atari_private_eye,/home/haselab/murakawa/stable-deep-world-model/logdir/atari_frostbite_vta_20260107_202443,/home/haselab/murakawa/stable-deep-world-model/logdir/atari_frostbite_vta_20260107_202443/train_eps/20260108T163622-6a2855e80f96423f8e6321ab3a435bdc-1194.npz,220,240,0.0,1.2406524419784546,2.594911575317383,nan,nan
atari_private_eye,/home/haselab/murakawa/stable-deep-world-model/logdir/atari_frostbite_vta_20260107_202443,/home/haselab/murakawa/stable-deep-world-model/logdir/atari_frostbite_vta_20260107_202443/train_eps/20260108T163622-6a2855e80f96423f8e6321ab3a435bdc-1194.npz,225,245,0.0,1.1694914102554321,2.3241775035858154,nan,nan
atari_private_eye,/home/haselab/murakawa/stable-deep-world-model/logdir/atari_frostbite_vta_20260107_202443,/home/haselab/murakawa/stable-deep-world-model/logdir/atari_frostbite_vta_20260107_202443/train_eps/20260108T163622-6a2855e80f96423f8e6321ab3a435bdc-1194.npz,230,250,0.0,0.9870127439498901,1.9422357082366943,nan,nan
atari_private_eye,/home/haselab/murakawa/stable-deep-world-model/logdir/atari_frostbite_vta_20260107_202443,/home/haselab/murakawa/stable-deep-world-model/logdir/atari_frostbite_vta_20260107_202443/train_eps/20260108T163622-6a2855e80f96423f8e6321ab3a435bdc-1194.npz,235,255,0.0,0.935334324836731,1.7660417556762695,nan,nan
atari_private_eye,/home/haselab/murakawa/stable-deep-world-model/logdir/atari_frostbite_vta_20260107_202443,/home/haselab/murakawa/stable-deep-world-model/logdir/atari_frostbite_vta_20260107_202443/train_eps/20260108T163622-6a2855e80f96423f8e6321ab3a435bdc-1194.npz,240,260,0.0,0.8767991065979004,1.608217477798462,nan,nan
atari_private_eye,/home/haselab/murakawa/stable-deep-world-model/logdir/atari_frostbite_vta_20260107_202443,/home/haselab/murakawa/stable-deep-world-model/logdir/atari_frostbite_vta_20260107_202443/train_eps/20260108T163622-6a2855e80f96423f8e6321ab3a435bdc-1194.npz,245,265,0.0,0.8793802261352539,1.6884714365005493,nan,nan
atari_private_eye,/home/haselab/murakawa/stable-deep-world-model/logdir/atari_frostbite_vta_20260107_202443,/home/haselab/murakawa/stable-deep-world-model/logdir/atari_frostbite_vta_20260107_202443/train_eps/20260108T163622-6a2855e80f96423f8e6321ab3a435bdc-1194.npz,250,270,0.0,0.9268468618392944,1.8384439945220947,nan,nan
atari_private_eye,/home/haselab/murakawa/stable-deep-world-model/logdir/atari_frostbite_vta_20260107_202443,/home/haselab/murakawa/stable-deep-world-model/logdir/atari_frostbite_vta_20260107_202443/train_eps/20260108T163622-6a2855e80f96423f8e6321ab3a435bdc-1194.npz,255,275,0.0,1.0026271343231201,1.892795205116272,nan,nan
atari_private_eye,/home/haselab/murakawa/stable-deep-world-model/logdir/atari_frostbite_vta_20260107_202443,/home/haselab/murakawa/stable-deep-world-model/logdir/atari_frostbite_vta_20260107_202443/train_eps/20260108T163622-6a2855e80f96423f8e6321ab3a435bdc-1194.npz,260,280,0.0,0.9781481027603149,1.8944810628890991,nan,nan
atari_private_eye,/home/haselab/murakawa/stable-deep-world-model/logdir/atari_frostbite_vta_20260107_202443,/home/haselab/murakawa/stable-deep-world-model/logdir/atari_frostbite_vta_20260107_202443/train_eps/20260108T163622-6a2855e80f96423f8e6321ab3a435bdc-1194.npz,265,285,0.0,0.9346461296081543,1.7058684825897217,nan,nan
atari_private_eye,/home/haselab/murakawa/stable-deep-world-model/logdir/atari_frostbite_vta_20260107_202443,/home/haselab/murakawa/stable-deep-world-model/logdir/atari_frostbite_vta_20260107_202443/train_eps/20260108T163622-6a2855e80f96423f8e6321ab3a435bdc-1194.npz,270,290,0.0,0.9354817271232605,1.6385492086410522,nan,nan
atari_private_eye,/home/haselab/murakawa/stable-deep-world-model/logdir/atari_frostbite_vta_20260107_202443,/home/haselab/murakawa/stable-deep-world-model/logdir/atari_frostbite_vta_20260107_202443/train_eps/20260108T163622-6a2855e80f96423f8e6321ab3a435bdc-1194.npz,275,295,0.0,0.8540576100349426,1.4967713356018066,nan,nan
atari_private_eye,/home/haselab/murakawa/stable-deep-world-model/logdir/atari_frostbite_vta_20260107_202443,/home/haselab/murakawa/stable-deep-world-model/logdir/atari_frostbite_vta_20260107_202443/train_eps/20260108T163622-6a2855e80f96423f8e6321ab3a435bdc-1194.npz,280,300,0.0,0.6180108785629272,1.085195779800415,nan,nan
atari_private_eye,/home/haselab/murakawa/stable-deep-world-model/logdir/atari_frostbite_vta_20260107_202443,/home/haselab/murakawa/stable-deep-world-model/logdir/atari_frostbite_vta_20260107_202443/train_eps/20260108T163622-6a2855e80f96423f8e6321ab3a435bdc-1194.npz,285,305,0.0,0.4414164125919342,0.8768355250358582,nan,nan
atari_private_eye,/home/haselab/murakawa/stable-deep-world-model/logdir/atari_frostbite_vta_20260107_202443,/home/haselab/murakawa/stable-deep-world-model/logdir/atari_frostbite_vta_20260107_202443/train_eps/20260108T163622-6a2855e80f96423f8e6321ab3a435bdc-1194.npz,290,310,0.0,0.31258684396743774,0.868641197681427,nan,nan
atari_private_eye,/home/haselab/murakawa/stable-deep-world-model/logdir/atari_frostbite_vta_20260107_202443,/home/haselab/murakawa/stable-deep-world-model/logdir/atari_frostbite_vta_20260107_202443/train_eps/20260108T163622-6a2855e80f96423f8e6321ab3a435bdc-1194.npz,295,315,0.0,0.23846742510795593,0.8747461438179016,nan,nan
atari_private_eye,/home/haselab/murakawa/stable-deep-world-model/logdir/atari_frostbite_vta_20260107_202443,/home/haselab/murakawa/stable-deep-world-model/logdir/atari_frostbite_vta_20260107_202443/train_eps/20260108T163622-6a2855e80f96423f8e6321ab3a435bdc-1194.npz,300,320,0.0,0.3528032898902893,1.0241349935531616,nan,nan
atari_private_eye,/home/haselab/murakawa/stable-deep-world-model/logdir/atari_frostbite_vta_20260107_202443,/home/haselab/murakawa/stable-deep-world-model/logdir/atari_frostbite_vta_20260107_202443/train_eps/20260108T163622-6a2855e80f96423f8e6321ab3a435bdc-1194.npz,305,325,0.0,0.4636426568031311,1.1711056232452393,nan,nan
atari_private_eye,/home/haselab/murakawa/stable-deep-world-model/logdir/atari_frostbite_vta_20260107_202443,/home/haselab/murakawa/stable-deep-world-model/logdir/atari_frostbite_vta_20260107_202443/train_eps/20260108T163622-6a2855e80f96423f8e6321ab3a435bdc-1194.npz,310,330,0.0,0.47607317566871643,1.0344712734222412,nan,nan
atari_private_eye,/home/haselab/murakawa/stable-deep-world-model/logdir/atari_frostbite_vta_20260107_202443,/home/haselab/murakawa/stable-deep-world-model/logdir/atari_frostbite_vta_20260107_202443/train_eps/20260108T163622-6a2855e80f96423f8e6321ab3a435bdc-1194.npz,315,335,0.0,0.4705953598022461,0.9299799799919128,nan,nan
atari_private_eye,/home/haselab/murakawa/stable-deep-world-model/logdir/atari_frostbite_vta_20260107_202443,/home/haselab/murakawa/stable-deep-world-model/logdir/atari_frostbite_vta_20260107_202443/train_eps/20260108T163622-6a2855e80f96423f8e6321ab3a435bdc-1194.npz,320,340,0.0,0.401055246591568,0.8788686990737915,nan,nan
atari_private_eye,/home/haselab/murakawa/stable-deep-world-model/logdir/atari_frostbite_vta_20260107_202443,/home/haselab/murakawa/stable-deep-world-model/logdir/atari_frostbite_vta_20260107_202443/train_eps/20260108T163622-6a2855e80f96423f8e6321ab3a435bdc-1194.npz,325,345,0.0,0.4002877175807953,0.9223843812942505,nan,nan
atari_private_eye,/home/haselab/murakawa/stable-deep-world-model/logdir/atari_frostbite_vta_20260107_202443,/home/haselab/murakawa/stable-deep-world-model/logdir/atari_frostbite_vta_20260107_202443/train_eps/20260108T163622-6a2855e80f96423f8e6321ab3a435bdc-1194.npz,330,350,0.0,0.3644616901874542,0.9098461270332336,nan,nan
atari_private_eye,/home/haselab/murakawa/stable-deep-world-model/logdir/atari_frostbite_vta_20260107_202443,/home/haselab/murakawa/stable-deep-world-model/logdir/atari_frostbite_vta_20260107_202443/train_eps/20260108T163622-6a2855e80f96423f8e6321ab3a435bdc-1194.npz,335,355,0.0,0.34247249364852905,0.952490508556366,nan,nan
atari_private_eye,/home/haselab/murakawa/stable-deep-world-model/logdir/atari_frostbite_vta_20260107_202443,/home/haselab/murakawa/stable-deep-world-model/logdir/atari_frostbite_vta_20260107_202443/train_eps/20260108T163622-6a2855e80f96423f8e6321ab3a435bdc-1194.npz,340,360,0.0,0.4119868278503418,1.086444616317749,nan,nan
atari_private_eye,/home/haselab/murakawa/stable-deep-world-model/logdir/atari_frostbite_vta_20260107_202443,/home/haselab/murakawa/stable-deep-world-model/logdir/atari_frostbite_vta_20260107_202443/train_eps/20260108T163622-6a2855e80f96423f8e6321ab3a435bdc-1194.npz,345,365,0.0,0.39025503396987915,1.0690821409225464,nan,nan
atari_private_eye,/home/haselab/murakawa/stable-deep-world-model/logdir/atari_frostbite_vta_20260107_202443,/home/haselab/murakawa/stable-deep-world-model/logdir/atari_frostbite_vta_20260107_202443/train_eps/20260108T163622-6a2855e80f96423f8e6321ab3a435bdc-1194.npz,350,370,0.0,0.33077844977378845,0.910373330116272,nan,nan
atari_private_eye,/home/haselab/murakawa/stable-deep-world-model/logdir/atari_frostbite_vta_20260107_202443,/home/haselab/murakawa/stable-deep-world-model/logdir/atari_frostbite_vta_20260107_202443/train_eps/20260108T163622-6a2855e80f96423f8e6321ab3a435bdc-1194.npz,355,375,0.0,0.23474574089050293,0.6993354558944702,nan,nan
atari_private_eye,/home/haselab/murakawa/stable-deep-world-model/logdir/atari_frostbite_vta_20260107_202443,/home/haselab/murakawa/stable-deep-world-model/logdir/atari_frostbite_vta_20260107_202443/train_eps/20260108T163622-6a2855e80f96423f8e6321ab3a435bdc-1194.npz,360,380,0.05,0.7713570594787598,1.530273675918579,7.765322208404541,9.607556343078613
atari_private_eye,/home/haselab/murakawa/stable-deep-world-model/logdir/atari_frostbite_vta_20260107_202443,/home/haselab/murakawa/stable-deep-world-model/logdir/atari_frostbite_vta_20260107_202443/train_eps/20260108T163622-6a2855e80f96423f8e6321ab3a435bdc-1194.npz,365,385,0.05,0.6898579597473145,1.3681625127792358,7.765322208404541,9.607556343078613
atari_private_eye,/home/haselab/murakawa/stable-deep-world-model/logdir/atari_frostbite_vta_20260107_202443,/home/haselab/murakawa/stable-deep-world-model/logdir/atari_frostbite_vta_20260107_202443/train_eps/20260108T163622-6a2855e80f96423f8e6321ab3a435bdc-1194.npz,370,390,0.05,0.6795111298561096,1.3462048768997192,7.765322208404541,9.607556343078613
atari_private_eye,/home/haselab/murakawa/stable-deep-world-model/logdir/atari_frostbite_vta_20260107_202443,/home/haselab/murakawa/stable-deep-world-model/logdir/atari_frostbite_vta_20260107_202443/train_eps/20260108T163622-6a2855e80f96423f8e6321ab3a435bdc-1194.npz,375,395,0.05,0.7210413217544556,1.6272573471069336,7.765322208404541,9.607556343078613
atari_private_eye,/home/haselab/murakawa/stable-deep-world-model/logdir/atari_frostbite_vta_20260107_202443,/home/haselab/murakawa/stable-deep-world-model/logdir/atari_frostbite_vta_20260107_202443/train_eps/20260108T163622-6a2855e80f96423f8e6321ab3a435bdc-1194.npz,380,400,0.0,0.3975258469581604,1.098596453666687,nan,nan
atari_private_eye,/home/haselab/murakawa/stable-deep-world-model/logdir/atari_frostbite_vta_20260107_202443,/home/haselab/murakawa/stable-deep-world-model/logdir/atari_frostbite_vta_20260107_202443/train_eps/20260108T163622-6a2855e80f96423f8e6321ab3a435bdc-1194.npz,385,405,0.0,0.6630567312240601,1.4796322584152222,nan,nan
atari_private_eye,/home/haselab/murakawa/stable-deep-world-model/logdir/atari_frostbite_vta_20260107_202443,/home/haselab/murakawa/stable-deep-world-model/logdir/atari_frostbite_vta_20260107_202443/train_eps/20260108T163622-6a2855e80f96423f8e6321ab3a435bdc-1194.npz,390,410,0.0,0.9398449063301086,1.988623857498169,nan,nan
atari_private_eye,/home/haselab/murakawa/stable-deep-world-model/logdir/atari_frostbite_vta_20260107_202443,/home/haselab/murakawa/stable-deep-world-model/logdir/atari_frostbite_vta_20260107_202443/train_eps/20260108T163622-6a2855e80f96423f8e6321ab3a435bdc-1194.npz,395,415,0.0,1.1679940223693848,2.267305850982666,nan,nan
atari_private_eye,/home/haselab/murakawa/stable-deep-world-model/logdir/atari_frostbite_vta_20260107_202443,/home/haselab/murakawa/stable-deep-world-model/logdir/atari_frostbite_vta_20260107_202443/train_eps/20260108T163622-6a2855e80f96423f8e6321ab3a435bdc-1194.npz,400,420,0.0,1.1169891357421875,2.1038079261779785,nan,nan
atari_private_eye,/home/haselab/murakawa/stable-deep-world-model/logdir/atari_frostbite_vta_20260107_202443,/home/haselab/murakawa/stable-deep-world-model/logdir/atari_frostbite_vta_20260107_202443/train_eps/20260108T163622-6a2855e80f96423f8e6321ab3a435bdc-1194.npz,405,425,0.0,1.0687438249588013,2.1071324348449707,nan,nan
atari_private_eye,/home/haselab/murakawa/stable-deep-world-model/logdir/atari_frostbite_vta_20260107_202443,/home/haselab/murakawa/stable-deep-world-model/logdir/atari_frostbite_vta_20260107_202443/train_eps/20260108T163622-6a2855e80f96423f8e6321ab3a435bdc-1194.npz,410,430,0.0,1.1682249307632446,2.316861152648926,nan,nan
atari_private_eye,/home/haselab/murakawa/stable-deep-world-model/logdir/atari_frostbite_vta_20260107_202443,/home/haselab/murakawa/stable-deep-world-model/logdir/atari_frostbite_vta_20260107_202443/train_eps/20260108T163622-6a2855e80f96423f8e6321ab3a435bdc-1194.npz,415,435,0.0,1.0690785646438599,2.1028642654418945,nan,nan
atari_private_eye,/home/haselab/murakawa/stable-deep-world-model/logdir/atari_frostbite_vta_20260107_202443,/home/haselab/murakawa/stable-deep-world-model/logdir/atari_frostbite_vta_20260107_202443/train_eps/20260108T163622-6a2855e80f96423f8e6321ab3a435bdc-1194.npz,420,440,0.0,1.0338767766952515,2.1527957916259766,nan,nan
atari_private_eye,/home/haselab/murakawa/stable-deep-world-model/logdir/atari_frostbite_vta_20260107_202443,/home/haselab/murakawa/stable-deep-world-model/logdir/atari_frostbite_vta_20260107_202443/train_eps/20260108T163622-6a2855e80f96423f8e6321ab3a435bdc-1194.npz,425,445,0.0,1.06522536277771,2.182974100112915,nan,nan
atari_private_eye,/home/haselab/murakawa/stable-deep-world-model/logdir/atari_frostbite_vta_20260107_202443,/home/haselab/murakawa/stable-deep-world-model/logdir/atari_frostbite_vta_20260107_202443/train_eps/20260108T163622-6a2855e80f96423f8e6321ab3a435bdc-1194.npz,430,450,0.0,0.8345726132392883,1.7031078338623047,nan,nan
atari_private_eye,/home/haselab/murakawa/stable-deep-world-model/logdir/atari_frostbite_vta_20260107_202443,/home/haselab/murakawa/stable-deep-world-model/logdir/atari_frostbite_vta_20260107_202443/train_eps/20260108T163622-6a2855e80f96423f8e6321ab3a435bdc-1194.npz,435,455,0.0,0.8360437154769897,1.66681706905365,nan,nan
atari_private_eye,/home/haselab/murakawa/stable-deep-world-model/logdir/atari_frostbite_vta_20260107_202443,/home/haselab/murakawa/stable-deep-world-model/logdir/atari_frostbite_vta_20260107_202443/train_eps/20260108T163622-6a2855e80f96423f8e6321ab3a435bdc-1194.npz,440,460,0.0,0.7553893327713013,1.471182107925415,nan,nan
atari_private_eye,/home/haselab/murakawa/stable-deep-world-model/logdir/atari_frostbite_vta_20260107_202443,/home/haselab/murakawa/stable-deep-world-model/logdir/atari_frostbite_vta_20260107_202443/train_eps/20260108T163622-6a2855e80f96423f8e6321ab3a435bdc-1194.npz,445,465,0.0,0.6194391846656799,1.1984894275665283,nan,nan
atari_private_eye,/home/haselab/murakawa/stable-deep-world-model/logdir/atari_frostbite_vta_20260107_202443,/home/haselab/murakawa/stable-deep-world-model/logdir/atari_frostbite_vta_20260107_202443/train_eps/20260108T163622-6a2855e80f96423f8e6321ab3a435bdc-1194.npz,450,470,0.0,0.602438747882843,1.1599879264831543,nan,nan
atari_private_eye,/home/haselab/murakawa/stable-deep-world-model/logdir/atari_frostbite_vta_20260107_202443,/home/haselab/murakawa/stable-deep-world-model/logdir/atari_frostbite_vta_20260107_202443/train_eps/20260108T163622-6a2855e80f96423f8e6321ab3a435bdc-1194.npz,455,475,0.0,0.5378507971763611,1.068243145942688,nan,nan
atari_private_eye,/home/haselab/murakawa/stable-deep-world-model/logdir/atari_frostbite_vta_20260107_202443,/home/haselab/murakawa/stable-deep-world-model/logdir/atari_frostbite_vta_20260107_202443/train_eps/20260108T163622-6a2855e80f96423f8e6321ab3a435bdc-1194.npz,460,480,0.0,0.6003249883651733,1.2480067014694214,nan,nan
atari_private_eye,/home/haselab/murakawa/stable-deep-world-model/logdir/atari_frostbite_vta_20260107_202443,/home/haselab/murakawa/stable-deep-world-model/logdir/atari_frostbite_vta_20260107_202443/train_eps/20260108T163622-6a2855e80f96423f8e6321ab3a435bdc-1194.npz,465,485,0.0,0.6597105264663696,1.4474557638168335,nan,nan
atari_private_eye,/home/haselab/murakawa/stable-deep-world-model/logdir/atari_frostbite_vta_20260107_202443,/home/haselab/murakawa/stable-deep-world-model/logdir/atari_frostbite_vta_20260107_202443/train_eps/20260108T163622-6a2855e80f96423f8e6321ab3a435bdc-1194.npz,470,490,0.0,0.6755355596542358,1.5046026706695557,nan,nan
atari_private_eye,/home/haselab/murakawa/stable-deep-world-model/logdir/atari_frostbite_vta_20260107_202443,/home/haselab/murakawa/stable-deep-world-model/logdir/atari_frostbite_vta_20260107_202443/train_eps/20260108T163622-6a2855e80f96423f8e6321ab3a435bdc-1194.npz,475,495,0.0,0.7501028180122375,1.6364408731460571,nan,nan
atari_private_eye,/home/haselab/murakawa/stable-deep-world-model/logdir/atari_frostbite_vta_20260107_202443,/home/haselab/murakawa/stable-deep-world-model/logdir/atari_frostbite_vta_20260107_202443/train_eps/20260108T163622-6a2855e80f96423f8e6321ab3a435bdc-1194.npz,480,500,0.0,0.7131468057632446,1.5430428981781006,nan,nan
atari_private_eye,/home/haselab/murakawa/stable-deep-world-model/logdir/atari_frostbite_vta_20260107_202443,/home/haselab/murakawa/stable-deep-world-model/logdir/atari_frostbite_vta_20260107_202443/train_eps/20260108T163622-6a2855e80f96423f8e6321ab3a435bdc-1194.npz,485,505,0.0,0.6529688239097595,1.3946404457092285,nan,nan
atari_private_eye,/home/haselab/murakawa/stable-deep-world-model/logdir/atari_frostbite_vta_20260107_202443,/home/haselab/murakawa/stable-deep-world-model/logdir/atari_frostbite_vta_20260107_202443/train_eps/20260108T163622-6a2855e80f96423f8e6321ab3a435bdc-1194.npz,490,510,0.0,0.6460257768630981,1.385556936264038,nan,nan
atari_private_eye,/home/haselab/murakawa/stable-deep-world-model/logdir/atari_frostbite_vta_20260107_202443,/home/haselab/murakawa/stable-deep-world-model/logdir/atari_frostbite_vta_20260107_202443/train_eps/20260108T163622-6a2855e80f96423f8e6321ab3a435bdc-1194.npz,495,515,0.0,0.5840342044830322,1.274020791053772,nan,nan
atari_private_eye,/home/haselab/murakawa/stable-deep-world-model/logdir/atari_frostbite_vta_20260107_202443,/home/haselab/murakawa/stable-deep-world-model/logdir/atari_frostbite_vta_20260107_202443/train_eps/20260108T163622-6a2855e80f96423f8e6321ab3a435bdc-1194.npz,500,520,0.0,0.4834424555301666,1.0826127529144287,nan,nan
atari_private_eye,/home/haselab/murakawa/stable-deep-world-model/logdir/atari_frostbite_vta_20260107_202443,/home/haselab/murakawa/stable-deep-world-model/logdir/atari_frostbite_vta_20260107_202443/train_eps/20260108T163622-6a2855e80f96423f8e6321ab3a435bdc-1194.npz,505,525,0.0,0.39624473452568054,0.8622503280639648,nan,nan
atari_private_eye,/home/haselab/murakawa/stable-deep-world-model/logdir/atari_frostbite_vta_20260107_202443,/home/haselab/murakawa/stable-deep-world-model/logdir/atari_frostbite_vta_20260107_202443/train_eps/20260108T163622-6a2855e80f96423f8e6321ab3a435bdc-1194.npz,510,530,0.0,0.2731936573982239,0.5772961378097534,nan,nan
atari_private_eye,/home/haselab/murakawa/stable-deep-world-model/logdir/atari_frostbite_vta_20260107_202443,/home/haselab/murakawa/stable-deep-world-model/logdir/atari_frostbite_vta_20260107_202443/train_eps/20260108T163622-6a2855e80f96423f8e6321ab3a435bdc-1194.npz,515,535,0.0,0.17116257548332214,0.3459382951259613,nan,nan
atari_private_eye,/home/haselab/murakawa/stable-deep-world-model/logdir/atari_frostbite_vta_20260107_202443,/home/haselab/murakawa/stable-deep-world-model/logdir/atari_frostbite_vta_20260107_202443/train_eps/20260108T163622-6a2855e80f96423f8e6321ab3a435bdc-1194.npz,520,540,0.0,0.0879196897149086,0.18118293583393097,nan,nan
atari_private_eye,/home/haselab/murakawa/stable-deep-world-model/logdir/atari_frostbite_vta_20260107_202443,/home/haselab/murakawa/stable-deep-world-model/logdir/atari_frostbite_vta_20260107_202443/train_eps/20260108T163622-6a2855e80f96423f8e6321ab3a435bdc-1194.npz,525,545,0.0,0.054523032158613205,0.13428683578968048,nan,nan
atari_private_eye,/home/haselab/murakawa/stable-deep-world-model/logdir/atari_frostbite_vta_20260107_202443,/home/haselab/murakawa/stable-deep-world-model/logdir/atari_frostbite_vta_20260107_202443/train_eps/20260108T163622-6a2855e80f96423f8e6321ab3a435bdc-1194.npz,530,550,0.0,0.0325494259595871,0.127372145652771,nan,nan
atari_private_eye,/home/haselab/murakawa/stable-deep-world-model/logdir/atari_frostbite_vta_20260107_202443,/home/haselab/murakawa/stable-deep-world-model/logdir/atari_frostbite_vta_20260107_202443/train_eps/20260108T163622-6a2855e80f96423f8e6321ab3a435bdc-1194.npz,535,555,0.0,0.014265011064708233,0.11750175803899765,nan,nan
atari_private_eye,/home/haselab/murakawa/stable-deep-world-model/logdir/atari_frostbite_vta_20260107_202443,/home/haselab/murakawa/stable-deep-world-model/logdir/atari_frostbite_vta_20260107_202443/train_eps/20260108T163622-6a2855e80f96423f8e6321ab3a435bdc-1194.npz,540,560,0.0,0.010054203681647778,0.10806164890527725,nan,nan
atari_private_eye,/home/haselab/murakawa/stable-deep-world-model/logdir/atari_frostbite_vta_20260107_202443,/home/haselab/murakawa/stable-deep-world-model/logdir/atari_frostbite_vta_20260107_202443/train_eps/20260108T163622-6a2855e80f96423f8e6321ab3a435bdc-1194.npz,545,565,0.0,0.00964069552719593,0.11169002950191498,nan,nan
atari_private_eye,/home/haselab/murakawa/stable-deep-world-model/logdir/atari_frostbite_vta_20260107_202443,/home/haselab/murakawa/stable-deep-world-model/logdir/atari_frostbite_vta_20260107_202443/train_eps/20260108T163622-6a2855e80f96423f8e6321ab3a435bdc-1194.npz,550,570,0.05,0.3431858420372009,0.7044275999069214,6.579595565795898,8.747343063354492
atari_private_eye,/home/haselab/murakawa/stable-deep-world-model/logdir/atari_frostbite_vta_20260107_202443,/home/haselab/murakawa/stable-deep-world-model/logdir/atari_frostbite_vta_20260107_202443/train_eps/20260108T163622-6a2855e80f96423f8e6321ab3a435bdc-1194.npz,555,575,0.05,0.3441013693809509,0.7375811338424683,6.579595565795898,8.747343063354492
atari_private_eye,/home/haselab/murakawa/stable-deep-world-model/logdir/atari_frostbite_vta_20260107_202443,/home/haselab/murakawa/stable-deep-world-model/logdir/atari_frostbite_vta_20260107_202443/train_eps/20260108T163622-6a2855e80f96423f8e6321ab3a435bdc-1194.npz,560,580,0.05,0.35099777579307556,0.803392231464386,6.579595565795898,8.747343063354492
atari_private_eye,/home/haselab/murakawa/stable-deep-world-model/logdir/atari_frostbite_vta_20260107_202443,/home/haselab/murakawa/stable-deep-world-model/logdir/atari_frostbite_vta_20260107_202443/train_eps/20260108T163622-6a2855e80f96423f8e6321ab3a435bdc-1194.npz,565,585,0.05,0.5176619291305542,1.26760733127594,6.579595565795898,8.747343063354492
atari_private_eye,/home/haselab/murakawa/stable-deep-world-model/logdir/atari_frostbite_vta_20260107_202443,/home/haselab/murakawa/stable-deep-world-model/logdir/atari_frostbite_vta_20260107_202443/train_eps/20260108T163622-6a2855e80f96423f8e6321ab3a435bdc-1194.npz,570,590,0.0,0.4798027575016022,1.1460025310516357,nan,nan
atari_private_eye,/home/haselab/murakawa/stable-deep-world-model/logdir/atari_frostbite_vta_20260107_202443,/home/haselab/murakawa/stable-deep-world-model/logdir/atari_frostbite_vta_20260107_202443/train_eps/20260108T163622-6a2855e80f96423f8e6321ab3a435bdc-1194.npz,575,595,0.0,0.6837261319160461,1.5523135662078857,nan,nan
atari_private_eye,/home/haselab/murakawa/stable-deep-world-model/logdir/atari_frostbite_vta_20260107_202443,/home/haselab/murakawa/stable-deep-world-model/logdir/atari_frostbite_vta_20260107_202443/train_eps/20260108T163622-6a2855e80f96423f8e6321ab3a435bdc-1194.npz,580,600,0.0,0.9868584871292114,2.1019928455352783,nan,nan
atari_private_eye,/home/haselab/murakawa/stable-deep-world-model/logdir/atari_frostbite_vta_20260107_202443,/home/haselab/murakawa/stable-deep-world-model/logdir/atari_frostbite_vta_20260107_202443/train_eps/20260108T163622-6a2855e80f96423f8e6321ab3a435bdc-1194.npz,585,605,0.0,1.0409220457077026,2.1059794425964355,nan,nan
atari_private_eye,/home/haselab/murakawa/stable-deep-world-model/logdir/atari_frostbite_vta_20260107_202443,/home/haselab/murakawa/stable-deep-world-model/logdir/atari_frostbite_vta_20260107_202443/train_eps/20260108T163622-6a2855e80f96423f8e6321ab3a435bdc-1194.npz,590,610,0.0,0.9572579264640808,2.030569076538086,nan,nan
atari_private_eye,/home/haselab/murakawa/stable-deep-world-model/logdir/atari_frostbite_vta_20260107_202443,/home/haselab/murakawa/stable-deep-world-model/logdir/atari_frostbite_vta_20260107_202443/train_eps/20260108T163622-6a2855e80f96423f8e6321ab3a435bdc-1194.npz,595,615,0.0,1.0655138492584229,2.2525482177734375,nan,nan
atari_private_eye,/home/haselab/murakawa/stable-deep-world-model/logdir/atari_frostbite_vta_20260107_202443,/home/haselab/murakawa/stable-deep-world-model/logdir/atari_frostbite_vta_20260107_202443/train_eps/20260108T163622-6a2855e80f96423f8e6321ab3a435bdc-1194.npz,600,620,0.0,1.0297564268112183,2.2119498252868652,nan,nan
atari_private_eye,/home/haselab/murakawa/stable-deep-world-model/logdir/atari_frostbite_vta_20260107_202443,/home/haselab/murakawa/stable-deep-world-model/logdir/atari_frostbite_vta_20260107_202443/train_eps/20260108T163622-6a2855e80f96423f8e6321ab3a435bdc-1194.npz,605,625,0.0,0.9850350618362427,2.1749472618103027,nan,nan
atari_private_eye,/home/haselab/murakawa/stable-deep-world-model/logdir/atari_frostbite_vta_20260107_202443,/home/haselab/murakawa/stable-deep-world-model/logdir/atari_frostbite_vta_20260107_202443/train_eps/20260108T163622-6a2855e80f96423f8e6321ab3a435bdc-1194.npz,610,630,0.0,1.0420085191726685,2.4418509006500244,nan,nan
atari_private_eye,/home/haselab/murakawa/stable-deep-world-model/logdir/atari_frostbite_vta_20260107_202443,/home/haselab/murakawa/stable-deep-world-model/logdir/atari_frostbite_vta_20260107_202443/train_eps/20260108T163622-6a2855e80f96423f8e6321ab3a435bdc-1194.npz,615,635,0.0,0.8854510188102722,2.1001391410827637,nan,nan
atari_private_eye,/home/haselab/murakawa/stable-deep-world-model/logdir/atari_frostbite_vta_20260107_202443,/home/haselab/murakawa/stable-deep-world-model/logdir/atari_frostbite_vta_20260107_202443/train_eps/20260108T163622-6a2855e80f96423f8e6321ab3a435bdc-1194.npz,620,640,0.0,0.7746046781539917,1.8457313776016235,nan,nan
atari_private_eye,/home/haselab/murakawa/stable-deep-world-model/logdir/atari_frostbite_vta_20260107_202443,/home/haselab/murakawa/stable-deep-world-model/logdir/atari_frostbite_vta_20260107_202443/train_eps/20260108T163622-6a2855e80f96423f8e6321ab3a435bdc-1194.npz,625,645,0.0,0.8101056218147278,1.8879789113998413,nan,nan
atari_private_eye,/home/haselab/murakawa/stable-deep-world-model/logdir/atari_frostbite_vta_20260107_202443,/home/haselab/murakawa/stable-deep-world-model/logdir/atari_frostbite_vta_20260107_202443/train_eps/20260108T163622-6a2855e80f96423f8e6321ab3a435bdc-1194.npz,630,650,0.0,0.6991962194442749,1.5614596605300903,nan,nan
atari_private_eye,/home/haselab/murakawa/stable-deep-world-model/logdir/atari_frostbite_vta_20260107_202443,/home/haselab/murakawa/stable-deep-world-model/logdir/atari_frostbite_vta_20260107_202443/train_eps/20260108T163622-6a2855e80f96423f8e6321ab3a435bdc-1194.npz,635,655,0.0,0.6977977156639099,1.5880212783813477,nan,nan
atari_private_eye,/home/haselab/murakawa/stable-deep-world-model/logdir/atari_frostbite_vta_20260107_202443,/home/haselab/murakawa/stable-deep-world-model/logdir/atari_frostbite_vta_20260107_202443/train_eps/20260108T163622-6a2855e80f96423f8e6321ab3a435bdc-1194.npz,640,660,0.0,0.6784887909889221,1.613893747329712,nan,nan
atari_private_eye,/home/haselab/murakawa/stable-deep-world-model/logdir/atari_frostbite_vta_20260107_202443,/home/haselab/murakawa/stable-deep-world-model/logdir/atari_frostbite_vta_20260107_202443/train_eps/20260108T163622-6a2855e80f96423f8e6321ab3a435bdc-1194.npz,645,665,0.0,0.6064368486404419,1.4579973220825195,nan,nan
atari_private_eye,/home/haselab/murakawa/stable-deep-world-model/logdir/atari_frostbite_vta_20260107_202443,/home/haselab/murakawa/stable-deep-world-model/logdir/atari_frostbite_vta_20260107_202443/train_eps/20260108T163622-6a2855e80f96423f8e6321ab3a435bdc-1194.npz,650,670,0.0,0.5339162349700928,1.4197726249694824,nan,nan
atari_private_eye,/home/haselab/murakawa/stable-deep-world-model/logdir/atari_frostbite_vta_20260107_202443,/home/haselab/murakawa/stable-deep-world-model/logdir/atari_frostbite_vta_20260107_202443/train_eps/20260108T163622-6a2855e80f96423f8e6321ab3a435bdc-1194.npz,655,675,0.0,0.5130060911178589,1.4860389232635498,nan,nan
atari_private_eye,/home/haselab/murakawa/stable-deep-world-model/logdir/atari_frostbite_vta_20260107_202443,/home/haselab/murakawa/stable-deep-world-model/logdir/atari_frostbite_vta_20260107_202443/train_eps/20260108T163622-6a2855e80f96423f8e6321ab3a435bdc-1194.npz,660,680,0.0,0.5452151894569397,1.5814844369888306,nan,nan
atari_private_eye,/home/haselab/murakawa/stable-deep-world-model/logdir/atari_frostbite_vta_20260107_202443,/home/haselab/murakawa/stable-deep-world-model/logdir/atari_frostbite_vta_20260107_202443/train_eps/20260108T163622-6a2855e80f96423f8e6321ab3a435bdc-1194.npz,665,685,0.0,0.5439454317092896,1.6281604766845703,nan,nan
atari_private_eye,/home/haselab/murakawa/stable-deep-world-model/logdir/atari_frostbite_vta_20260107_202443,/home/haselab/murakawa/stable-deep-world-model/logdir/atari_frostbite_vta_20260107_202443/train_eps/20260108T163622-6a2855e80f96423f8e6321ab3a435bdc-1194.npz,670,690,0.0,0.5985732674598694,1.6881662607192993,nan,nan
atari_private_eye,/home/haselab/murakawa/stable-deep-world-model/logdir/atari_frostbite_vta_20260107_202443,/home/haselab/murakawa/stable-deep-world-model/logdir/atari_frostbite_vta_20260107_202443/train_eps/20260108T163622-6a2855e80f96423f8e6321ab3a435bdc-1194.npz,675,695,0.0,0.5596507787704468,1.5264849662780762,nan,nan
atari_private_eye,/home/haselab/murakawa/stable-deep-world-model/logdir/atari_frostbite_vta_20260107_202443,/home/haselab/murakawa/stable-deep-world-model/logdir/atari_frostbite_vta_20260107_202443/train_eps/20260108T163622-6a2855e80f96423f8e6321ab3a435bdc-1194.npz,680,700,0.0,0.539341390132904,1.4863612651824951,nan,nan
atari_private_eye,/home/haselab/murakawa/stable-deep-world-model/logdir/atari_frostbite_vta_20260107_202443,/home/haselab/murakawa/stable-deep-world-model/logdir/atari_frostbite_vta_20260107_202443/train_eps/20260108T163622-6a2855e80f96423f8e6321ab3a435bdc-1194.npz,685,705,0.0,0.44807910919189453,1.330763578414917,nan,nan
atari_private_eye,/home/haselab/murakawa/stable-deep-world-model/logdir/atari_frostbite_vta_20260107_202443,/home/haselab/murakawa/stable-deep-world-model/logdir/atari_frostbite_vta_20260107_202443/train_eps/20260108T163622-6a2855e80f96423f8e6321ab3a435bdc-1194.npz,690,710,0.0,0.4509768486022949,1.313391923904419,nan,nan
atari_private_eye,/home/haselab/murakawa/stable-deep-world-model/logdir/atari_frostbite_vta_20260107_202443,/home/haselab/murakawa/stable-deep-world-model/logdir/atari_frostbite_vta_20260107_202443/train_eps/20260108T163622-6a2855e80f96423f8e6321ab3a435bdc-1194.npz,695,715,0.0,0.519806981086731,1.463585615158081,nan,nan
atari_private_eye,/home/haselab/murakawa/stable-deep-world-model/logdir/atari_frostbite_vta_20260107_202443,/home/haselab/murakawa/stable-deep-world-model/logdir/atari_frostbite_vta_20260107_202443/train_eps/20260108T163622-6a2855e80f96423f8e6321ab3a435bdc-1194.npz,700,720,0.0,0.5005232095718384,1.3547003269195557,nan,nan
atari_private_eye,/home/haselab/murakawa/stable-deep-world-model/logdir/atari_frostbite_vta_20260107_202443,/home/haselab/murakawa/stable-deep-world-model/logdir/atari_frostbite_vta_20260107_202443/train_eps/20260108T163622-6a2855e80f96423f8e6321ab3a435bdc-1194.npz,705,725,0.0,0.5971775650978088,1.4738727807998657,nan,nan
atari_private_eye,/home/haselab/murakawa/stable-deep-world-model/logdir/atari_frostbite_vta_20260107_202443,/home/haselab/murakawa/stable-deep-world-model/logdir/atari_frostbite_vta_20260107_202443/train_eps/20260108T163622-6a2855e80f96423f8e6321ab3a435bdc-1194.npz,710,730,0.0,0.6792560815811157,1.6157792806625366,nan,nan
atari_private_eye,/home/haselab/murakawa/stable-deep-world-model/logdir/atari_frostbite_vta_20260107_202443,/home/haselab/murakawa/stable-deep-world-model/logdir/atari_frostbite_vta_20260107_202443/train_eps/20260108T163622-6a2855e80f96423f8e6321ab3a435bdc-1194.npz,715,735,0.0,0.625685453414917,1.4917635917663574,nan,nan
atari_private_eye,/home/haselab/murakawa/stable-deep-world-model/logdir/atari_frostbite_vta_20260107_202443,/home/haselab/murakawa/stable-deep-world-model/logdir/atari_frostbite_vta_20260107_202443/train_eps/20260108T163622-6a2855e80f96423f8e6321ab3a435bdc-1194.npz,720,740,0.0,0.6337498426437378,1.5487998723983765,nan,nan
atari_private_eye,/home/haselab/murakawa/stable-deep-world-model/logdir/atari_frostbite_vta_20260107_202443,/home/haselab/murakawa/stable-deep-world-model/logdir/atari_frostbite_vta_20260107_202443/train_eps/20260108T163622-6a2855e80f96423f8e6321ab3a435bdc-1194.npz,725,745,0.0,0.6489099264144897,1.585105538368225,nan,nan
atari_private_eye,/home/haselab/murakawa/stable-deep-world-model/logdir/atari_frostbite_vta_20260107_202443,/home/haselab/murakawa/stable-deep-world-model/logdir/atari_frostbite_vta_20260107_202443/train_eps/20260108T163622-6a2855e80f96423f8e6321ab3a435bdc-1194.npz,730,750,0.0,0.5609182119369507,1.3767393827438354,nan,nan
atari_private_eye,/home/haselab/murakawa/stable-deep-world-model/logdir/atari_frostbite_vta_20260107_202443,/home/haselab/murakawa/stable-deep-world-model/logdir/atari_frostbite_vta_20260107_202443/train_eps/20260108T163622-6a2855e80f96423f8e6321ab3a435bdc-1194.npz,735,755,0.0,0.5895830988883972,1.398648977279663,nan,nan
atari_private_eye,/home/haselab/murakawa/stable-deep-world-model/logdir/atari_frostbite_vta_20260107_202443,/home/haselab/murakawa/stable-deep-world-model/logdir/atari_frostbite_vta_20260107_202443/train_eps/20260108T163622-6a2855e80f96423f8e6321ab3a435bdc-1194.npz,740,760,0.0,0.6066046357154846,1.4255253076553345,nan,nan
atari_private_eye,/home/haselab/murakawa/stable-deep-world-model/logdir/atari_frostbite_vta_20260107_202443,/home/haselab/murakawa/stable-deep-world-model/logdir/atari_frostbite_vta_20260107_202443/train_eps/20260108T163622-6a2855e80f96423f8e6321ab3a435bdc-1194.npz,745,765,0.0,0.5508975386619568,1.3070703744888306,nan,nan
atari_private_eye,/home/haselab/murakawa/stable-deep-world-model/logdir/atari_frostbite_vta_20260107_202443,/home/haselab/murakawa/stable-deep-world-model/logdir/atari_frostbite_vta_20260107_202443/train_eps/20260108T163622-6a2855e80f96423f8e6321ab3a435bdc-1194.npz,750,770,0.0,0.5524211525917053,1.3356438875198364,nan,nan
atari_private_eye,/home/haselab/murakawa/stable-deep-world-model/logdir/atari_frostbite_vta_20260107_202443,/home/haselab/murakawa/stable-deep-world-model/logdir/atari_frostbite_vta_20260107_202443/train_eps/20260108T163622-6a2855e80f96423f8e6321ab3a435bdc-1194.npz,755,775,0.0,0.5558730363845825,1.4455112218856812,nan,nan
atari_private_eye,/home/haselab/murakawa/stable-deep-world-model/logdir/atari_frostbite_vta_20260107_202443,/home/haselab/murakawa/stable-deep-world-model/logdir/atari_frostbite_vta_20260107_202443/train_eps/20260108T163622-6a2855e80f96423f8e6321ab3a435bdc-1194.npz,760,780,0.0,0.5208539366722107,1.3855308294296265,nan,nan
atari_private_eye,/home/haselab/murakawa/stable-deep-world-model/logdir/atari_frostbite_vta_20260107_202443,/home/haselab/murakawa/stable-deep-world-model/logdir/atari_frostbite_vta_20260107_202443/train_eps/20260108T163622-6a2855e80f96423f8e6321ab3a435bdc-1194.npz,765,785,0.0,0.560093343257904,1.4118123054504395,nan,nan
atari_private_eye,/home/haselab/murakawa/stable-deep-world-model/logdir/atari_frostbite_vta_20260107_202443,/home/haselab/murakawa/stable-deep-world-model/logdir/atari_frostbite_vta_20260107_202443/train_eps/20260108T163622-6a2855e80f96423f8e6321ab3a435bdc-1194.npz,770,790,0.0,0.5477906465530396,1.3866727352142334,nan,nan
atari_private_eye,/home/haselab/murakawa/stable-deep-world-model/logdir/atari_frostbite_vta_20260107_202443,/home/haselab/murakawa/stable-deep-world-model/logdir/atari_frostbite_vta_20260107_202443/train_eps/20260108T163622-6a2855e80f96423f8e6321ab3a435bdc-1194.npz,775,795,0.0,0.52814781665802,1.3369661569595337,nan,nan
atari_private_eye,/home/haselab/murakawa/stable-deep-world-model/logdir/atari_frostbite_vta_20260107_202443,/home/haselab/murakawa/stable-deep-world-model/logdir/atari_frostbite_vta_20260107_202443/train_eps/20260108T163622-6a2855e80f96423f8e6321ab3a435bdc-1194.npz,780,800,0.0,0.5202236771583557,1.3201326131820679,nan,nan
atari_private_eye,/home/haselab/murakawa/stable-deep-world-model/logdir/atari_frostbite_vta_20260107_202443,/home/haselab/murakawa/stable-deep-world-model/logdir/atari_frostbite_vta_20260107_202443/train_eps/20260108T163622-6a2855e80f96423f8e6321ab3a435bdc-1194.npz,785,805,0.0,0.46954554319381714,1.3257712125778198,nan,nan
atari_private_eye,/home/haselab/murakawa/stable-deep-world-model/logdir/atari_frostbite_vta_20260107_202443,/home/haselab/murakawa/stable-deep-world-model/logdir/atari_frostbite_vta_20260107_202443/train_eps/20260108T163622-6a2855e80f96423f8e6321ab3a435bdc-1194.npz,790,810,0.0,0.43451347947120667,1.334314227104187,nan,nan
atari_private_eye,/home/haselab/murakawa/stable-deep-world-model/logdir/atari_frostbite_vta_20260107_202443,/home/haselab/murakawa/stable-deep-world-model/logdir/atari_frostbite_vta_20260107_202443/train_eps/20260108T163622-6a2855e80f96423f8e6321ab3a435bdc-1194.npz,795,815,0.0,0.3883714973926544,1.1845295429229736,nan,nan
atari_private_eye,/home/haselab/murakawa/stable-deep-world-model/logdir/atari_frostbite_vta_20260107_202443,/home/haselab/murakawa/stable-deep-world-model/logdir/atari_frostbite_vta_20260107_202443/train_eps/20260108T163622-6a2855e80f96423f8e6321ab3a435bdc-1194.npz,800,820,0.0,0.40375834703445435,1.2458970546722412,nan,nan
atari_private_eye,/home/haselab/murakawa/stable-deep-world-model/logdir/atari_frostbite_vta_20260107_202443,/home/haselab/murakawa/stable-deep-world-model/logdir/atari_frostbite_vta_20260107_202443/train_eps/20260108T163622-6a2855e80f96423f8e6321ab3a435bdc-1194.npz,805,825,0.0,0.39422541856765747,1.215143084526062,nan,nan
atari_private_eye,/home/haselab/murakawa/stable-deep-world-model/logdir/atari_frostbite_vta_20260107_202443,/home/haselab/murakawa/stable-deep-world-model/logdir/atari_frostbite_vta_20260107_202443/train_eps/20260108T163622-6a2855e80f96423f8e6321ab3a435bdc-1194.npz,810,830,0.0,0.43159547448158264,1.1997358798980713,nan,nan
atari_private_eye,/home/haselab/murakawa/stable-deep-world-model/logdir/atari_frostbite_vta_20260107_202443,/home/haselab/murakawa/stable-deep-world-model/logdir/atari_frostbite_vta_20260107_202443/train_eps/20260108T163622-6a2855e80f96423f8e6321ab3a435bdc-1194.npz,815,835,0.0,0.4586416780948639,1.2665109634399414,nan,nan
atari_private_eye,/home/haselab/murakawa/stable-deep-world-model/logdir/atari_frostbite_vta_20260107_202443,/home/haselab/murakawa/stable-deep-world-model/logdir/atari_frostbite_vta_20260107_202443/train_eps/20260108T163622-6a2855e80f96423f8e6321ab3a435bdc-1194.npz,820,840,0.0,0.42621690034866333,1.1481044292449951,nan,nan
atari_private_eye,/home/haselab/murakawa/stable-deep-world-model/logdir/atari_frostbite_vta_20260107_202443,/home/haselab/murakawa/stable-deep-world-model/logdir/atari_frostbite_vta_20260107_202443/train_eps/20260108T163622-6a2855e80f96423f8e6321ab3a435bdc-1194.npz,825,845,0.0,0.4205264151096344,1.1285288333892822,nan,nan
atari_private_eye,/home/haselab/murakawa/stable-deep-world-model/logdir/atari_frostbite_vta_20260107_202443,/home/haselab/murakawa/stable-deep-world-model/logdir/atari_frostbite_vta_20260107_202443/train_eps/20260108T163622-6a2855e80f96423f8e6321ab3a435bdc-1194.npz,830,850,0.0,0.4625476002693176,1.2239362001419067,nan,nan
atari_private_eye,/home/haselab/murakawa/stable-deep-world-model/logdir/atari_frostbite_vta_20260107_202443,/home/haselab/murakawa/stable-deep-world-model/logdir/atari_frostbite_vta_20260107_202443/train_eps/20260108T163622-6a2855e80f96423f8e6321ab3a435bdc-1194.npz,835,855,0.0,0.43680721521377563,1.2012079954147339,nan,nan
atari_private_eye,/home/haselab/murakawa/stable-deep-world-model/logdir/atari_frostbite_vta_20260107_202443,/home/haselab/murakawa/stable-deep-world-model/logdir/atari_frostbite_vta_20260107_202443/train_eps/20260108T163622-6a2855e80f96423f8e6321ab3a435bdc-1194.npz,840,860,0.0,0.45485663414001465,1.2333154678344727,nan,nan
atari_private_eye,/home/haselab/murakawa/stable-deep-world-model/logdir/atari_frostbite_vta_20260107_202443,/home/haselab/murakawa/stable-deep-world-model/logdir/atari_frostbite_vta_20260107_202443/train_eps/20260108T163622-6a2855e80f96423f8e6321ab3a435bdc-1194.npz,845,865,0.0,0.4789353907108307,1.2060948610305786,nan,nan
atari_private_eye,/home/haselab/murakawa/stable-deep-world-model/logdir/atari_frostbite_vta_20260107_202443,/home/haselab/murakawa/stable-deep-world-model/logdir/atari_frostbite_vta_20260107_202443/train_eps/20260108T163622-6a2855e80f96423f8e6321ab3a435bdc-1194.npz,850,870,0.0,0.40577372908592224,1.0997906923294067,nan,nan
atari_private_eye,/home/haselab/murakawa/stable-deep-world-model/logdir/atari_frostbite_vta_20260107_202443,/home/haselab/murakawa/stable-deep-world-model/logdir/atari_frostbite_vta_20260107_202443/train_eps/20260108T163622-6a2855e80f96423f8e6321ab3a435bdc-1194.npz,855,875,0.0,0.4703340530395508,1.1702860593795776,nan,nan
atari_private_eye,/home/haselab/murakawa/stable-deep-world-model/logdir/atari_frostbite_vta_20260107_202443,/home/haselab/murakawa/stable-deep-world-model/logdir/atari_frostbite_vta_20260107_202443/train_eps/20260108T163622-6a2855e80f96423f8e6321ab3a435bdc-1194.npz,860,880,0.0,0.4668175280094147,1.1748111248016357,nan,nan
atari_private_eye,/home/haselab/murakawa/stable-deep-world-model/logdir/atari_frostbite_vta_20260107_202443,/home/haselab/murakawa/stable-deep-world-model/logdir/atari_frostbite_vta_20260107_202443/train_eps/20260108T163622-6a2855e80f96423f8e6321ab3a435bdc-1194.npz,865,885,0.0,0.4669882357120514,1.2649062871932983,nan,nan
atari_private_eye,/home/haselab/murakawa/stable-deep-world-model/logdir/atari_frostbite_vta_20260107_202443,/home/haselab/murakawa/stable-deep-world-model/logdir/atari_frostbite_vta_20260107_202443/train_eps/20260108T163622-6a2855e80f96423f8e6321ab3a435bdc-1194.npz,870,890,0.0,0.4821033477783203,1.310005784034729,nan,nan
atari_private_eye,/home/haselab/murakawa/stable-deep-world-model/logdir/atari_frostbite_vta_20260107_202443,/home/haselab/murakawa/stable-deep-world-model/logdir/atari_frostbite_vta_20260107_202443/train_eps/20260108T163622-6a2855e80f96423f8e6321ab3a435bdc-1194.npz,875,895,0.0,0.44295892119407654,1.2496064901351929,nan,nan
atari_private_eye,/home/haselab/murakawa/stable-deep-world-model/logdir/atari_frostbite_vta_20260107_202443,/home/haselab/murakawa/stable-deep-world-model/logdir/atari_frostbite_vta_20260107_202443/train_eps/20260108T163622-6a2855e80f96423f8e6321ab3a435bdc-1194.npz,880,900,0.0,0.47369980812072754,1.3967421054840088,nan,nan
atari_private_eye,/home/haselab/murakawa/stable-deep-world-model/logdir/atari_frostbite_vta_20260107_202443,/home/haselab/murakawa/stable-deep-world-model/logdir/atari_frostbite_vta_20260107_202443/train_eps/20260108T163622-6a2855e80f96423f8e6321ab3a435bdc-1194.npz,885,905,0.0,0.5138174891471863,1.4527031183242798,nan,nan
atari_private_eye,/home/haselab/murakawa/stable-deep-world-model/logdir/atari_frostbite_vta_20260107_202443,/home/haselab/murakawa/stable-deep-world-model/logdir/atari_frostbite_vta_20260107_202443/train_eps/20260108T163622-6a2855e80f96423f8e6321ab3a435bdc-1194.npz,890,910,0.0,0.49796032905578613,1.4017714262008667,nan,nan
atari_private_eye,/home/haselab/murakawa/stable-deep-world-model/logdir/atari_frostbite_vta_20260107_202443,/home/haselab/murakawa/stable-deep-world-model/logdir/atari_frostbite_vta_20260107_202443/train_eps/20260108T163622-6a2855e80f96423f8e6321ab3a435bdc-1194.npz,895,915,0.0,0.4814842641353607,1.3517158031463623,nan,nan
atari_private_eye,/home/haselab/murakawa/stable-deep-world-model/logdir/atari_frostbite_vta_20260107_202443,/home/haselab/murakawa/stable-deep-world-model/logdir/atari_frostbite_vta_20260107_202443/train_eps/20260108T163622-6a2855e80f96423f8e6321ab3a435bdc-1194.npz,900,920,0.0,0.4588656425476074,1.2358415126800537,nan,nan
atari_private_eye,/home/haselab/murakawa/stable-deep-world-model/logdir/atari_frostbite_vta_20260107_202443,/home/haselab/murakawa/stable-deep-world-model/logdir/atari_frostbite_vta_20260107_202443/train_eps/20260108T163622-6a2855e80f96423f8e6321ab3a435bdc-1194.npz,905,925,0.0,0.43161875009536743,1.197694182395935,nan,nan
atari_private_eye,/home/haselab/murakawa/stable-deep-world-model/logdir/atari_frostbite_vta_20260107_202443,/home/haselab/murakawa/stable-deep-world-model/logdir/atari_frostbite_vta_20260107_202443/train_eps/20260108T163622-6a2855e80f96423f8e6321ab3a435bdc-1194.npz,910,930,0.0,0.44617024064064026,1.2046618461608887,nan,nan
atari_private_eye,/home/haselab/murakawa/stable-deep-world-model/logdir/atari_frostbite_vta_20260107_202443,/home/haselab/murakawa/stable-deep-world-model/logdir/atari_frostbite_vta_20260107_202443/train_eps/20260108T163622-6a2855e80f96423f8e6321ab3a435bdc-1194.npz,915,935,0.0,0.46841397881507874,1.2812198400497437,nan,nan
atari_private_eye,/home/haselab/murakawa/stable-deep-world-model/logdir/atari_frostbite_vta_20260107_202443,/home/haselab/murakawa/stable-deep-world-model/logdir/atari_frostbite_vta_20260107_202443/train_eps/20260108T163622-6a2855e80f96423f8e6321ab3a435bdc-1194.npz,920,940,0.0,0.4800201952457428,1.3041232824325562,nan,nan
atari_private_eye,/home/haselab/murakawa/stable-deep-world-model/logdir/atari_frostbite_vta_20260107_202443,/home/haselab/murakawa/stable-deep-world-model/logdir/atari_frostbite_vta_20260107_202443/train_eps/20260108T163622-6a2855e80f96423f8e6321ab3a435bdc-1194.npz,925,945,0.0,0.49532532691955566,1.2787349224090576,nan,nan
atari_private_eye,/home/haselab/murakawa/stable-deep-world-model/logdir/atari_frostbite_vta_20260107_202443,/home/haselab/murakawa/stable-deep-world-model/logdir/atari_frostbite_vta_20260107_202443/train_eps/20260108T163622-6a2855e80f96423f8e6321ab3a435bdc-1194.npz,930,950,0.0,0.47508710622787476,1.3243235349655151,nan,nan
atari_private_eye,/home/haselab/murakawa/stable-deep-world-model/logdir/atari_frostbite_vta_20260107_202443,/home/haselab/murakawa/stable-deep-world-model/logdir/atari_frostbite_vta_20260107_202443/train_eps/20260108T163622-6a2855e80f96423f8e6321ab3a435bdc-1194.npz,935,955,0.0,0.4819673001766205,1.3568111658096313,nan,nan
atari_private_eye,/home/haselab/murakawa/stable-deep-world-model/logdir/atari_frostbite_vta_20260107_202443,/home/haselab/murakawa/stable-deep-world-model/logdir/atari_frostbite_vta_20260107_202443/train_eps/20260108T163622-6a2855e80f96423f8e6321ab3a435bdc-1194.npz,940,960,0.0,0.422440767288208,1.2622830867767334,nan,nan
atari_private_eye,/home/haselab/murakawa/stable-deep-world-model/logdir/atari_frostbite_vta_20260107_202443,/home/haselab/murakawa/stable-deep-world-model/logdir/atari_frostbite_vta_20260107_202443/train_eps/20260108T163622-6a2855e80f96423f8e6321ab3a435bdc-1194.npz,945,965,0.0,0.30636662244796753,1.018306016921997,nan,nan
atari_private_eye,/home/haselab/murakawa/stable-deep-world-model/logdir/atari_frostbite_vta_20260107_202443,/home/haselab/murakawa/stable-deep-world-model/logdir/atari_frostbite_vta_20260107_202443/train_eps/20260108T163622-6a2855e80f96423f8e6321ab3a435bdc-1194.npz,950,970,0.0,0.22134017944335938,0.7271946668624878,nan,nan
atari_private_eye,/home/haselab/murakawa/stable-deep-world-model/logdir/atari_frostbite_vta_20260107_202443,/home/haselab/murakawa/stable-deep-world-model/logdir/atari_frostbite_vta_20260107_202443/train_eps/20260108T163622-6a2855e80f96423f8e6321ab3a435bdc-1194.npz,955,975,0.0,0.1094844713807106,0.4218868315219879,nan,nan
atari_private_eye,/home/haselab/murakawa/stable-deep-world-model/logdir/atari_frostbite_vta_20260107_202443,/home/haselab/murakawa/stable-deep-world-model/logdir/atari_frostbite_vta_20260107_202443/train_eps/20260108T163622-6a2855e80f96423f8e6321ab3a435bdc-1194.npz,960,980,0.0,0.03600923717021942,0.1946253478527069,nan,nan
atari_private_eye,/home/haselab/murakawa/stable-deep-world-model/logdir/atari_frostbite_vta_20260107_202443,/home/haselab/murakawa/stable-deep-world-model/logdir/atari_frostbite_vta_20260107_202443/train_eps/20260108T163622-6a2855e80f96423f8e6321ab3a435bdc-1194.npz,965,985,0.0,0.023109979927539825,0.16164277493953705,nan,nan
atari_private_eye,/home/haselab/murakawa/stable-deep-world-model/logdir/atari_frostbite_vta_20260107_202443,/home/haselab/murakawa/stable-deep-world-model/logdir/atari_frostbite_vta_20260107_202443/train_eps/20260108T163622-6a2855e80f96423f8e6321ab3a435bdc-1194.npz,970,990,0.0,0.018241016194224358,0.15060299634933472,nan,nan
atari_private_eye,/home/haselab/murakawa/stable-deep-world-model/logdir/atari_frostbite_vta_20260107_202443,/home/haselab/murakawa/stable-deep-world-model/logdir/atari_frostbite_vta_20260107_202443/train_eps/20260108T163622-6a2855e80f96423f8e6321ab3a435bdc-1194.npz,975,995,0.0,0.012605248019099236,0.13679414987564087,nan,nan
atari_private_eye,/home/haselab/murakawa/stable-deep-world-model/logdir/atari_frostbite_vta_20260107_202443,/home/haselab/murakawa/stable-deep-world-model/logdir/atari_frostbite_vta_20260107_202443/train_eps/20260108T163622-6a2855e80f96423f8e6321ab3a435bdc-1194.npz,980,1000,0.0,0.01049390621483326,0.13399212062358856,nan,nan
atari_private_eye,/home/haselab/murakawa/stable-deep-world-model/logdir/atari_frostbite_vta_20260107_202443,/home/haselab/murakawa/stable-deep-world-model/logdir/atari_frostbite_vta_20260107_202443/train_eps/20260108T163622-6a2855e80f96423f8e6321ab3a435bdc-1194.npz,985,1005,0.0,0.011371573433279991,0.12666139006614685,nan,nan
atari_private_eye,/home/haselab/murakawa/stable-deep-world-model/logdir/atari_frostbite_vta_20260107_202443,/home/haselab/murakawa/stable-deep-world-model/logdir/atari_frostbite_vta_20260107_202443/train_eps/20260108T163622-6a2855e80f96423f8e6321ab3a435bdc-1194.npz,990,1010,0.05,0.45425423979759216,1.005732774734497,3.9451332092285156,6.448667049407959
atari_private_eye,/home/haselab/murakawa/stable-deep-world-model/logdir/atari_frostbite_vta_20260107_202443,/home/haselab/murakawa/stable-deep-world-model/logdir/atari_frostbite_vta_20260107_202443/train_eps/20260108T163622-6a2855e80f96423f8e6321ab3a435bdc-1194.npz,995,1015,0.05,0.4619317650794983,1.3074175119400024,3.9451332092285156,6.448667049407959
atari_private_eye,/home/haselab/murakawa/stable-deep-world-model/logdir/atari_frostbite_vta_20260107_202443,/home/haselab/murakawa/stable-deep-world-model/logdir/atari_frostbite_vta_20260107_202443/train_eps/20260108T163622-6a2855e80f96423f8e6321ab3a435bdc-1194.npz,1000,1020,0.05,0.4712291657924652,1.3482067584991455,3.9451332092285156,6.448667049407959
atari_private_eye,/home/haselab/murakawa/stable-deep-world-model/logdir/atari_frostbite_vta_20260107_202443,/home/haselab/murakawa/stable-deep-world-model/logdir/atari_frostbite_vta_20260107_202443/train_eps/20260108T163622-6a2855e80f96423f8e6321ab3a435bdc-1194.npz,1005,1025,0.05,0.4772464334964752,1.5149027109146118,3.9451332092285156,6.448667049407959
atari_private_eye,/home/haselab/murakawa/stable-deep-world-model/logdir/atari_frostbite_vta_20260107_202443,/home/haselab/murakawa/stable-deep-world-model/logdir/atari_frostbite_vta_20260107_202443/train_eps/20260108T163622-6a2855e80f96423f8e6321ab3a435bdc-1194.npz,1010,1030,0.0,0.38084667921066284,1.320953607559204,nan,nan
atari_private_eye,/home/haselab/murakawa/stable-deep-world-model/logdir/atari_frostbite_vta_20260107_202443,/home/haselab/murakawa/stable-deep-world-model/logdir/atari_frostbite_vta_20260107_202443/train_eps/20260108T163622-6a2855e80f96423f8e6321ab3a435bdc-1194.npz,1015,1035,0.0,0.6210852861404419,1.4828133583068848,nan,nan
atari_private_eye,/home/haselab/murakawa/stable-deep-world-model/logdir/atari_frostbite_vta_20260107_202443,/home/haselab/murakawa/stable-deep-world-model/logdir/atari_frostbite_vta_20260107_202443/train_eps/20260108T163622-6a2855e80f96423f8e6321ab3a435bdc-1194.npz,1020,1040,0.0,0.8641268610954285,2.0025734901428223,nan,nan
atari_private_eye,/home/haselab/murakawa/stable-deep-world-model/logdir/atari_frostbite_vta_20260107_202443,/home/haselab/murakawa/stable-deep-world-model/logdir/atari_frostbite_vta_20260107_202443/train_eps/20260108T163622-6a2855e80f96423f8e6321ab3a435bdc-1194.npz,1025,1045,0.0,1.1270246505737305,2.3705496788024902,nan,nan
atari_private_eye,/home/haselab/murakawa/stable-deep-world-model/logdir/atari_frostbite_vta_20260107_202443,/home/haselab/murakawa/stable-deep-world-model/logdir/atari_frostbite_vta_20260107_202443/train_eps/20260108T163622-6a2855e80f96423f8e6321ab3a435bdc-1194.npz,1030,1050,0.0,1.040097713470459,2.114368200302124,nan,nan
atari_private_eye,/home/haselab/murakawa/stable-deep-world-model/logdir/atari_frostbite_vta_20260107_202443,/home/haselab/murakawa/stable-deep-world-model/logdir/atari_frostbite_vta_20260107_202443/train_eps/20260108T163622-6a2855e80f96423f8e6321ab3a435bdc-1194.npz,1035,1055,0.0,1.026865005493164,2.1185383796691895,nan,nan
atari_private_eye,/home/haselab/murakawa/stable-deep-world-model/logdir/atari_frostbite_vta_20260107_202443,/home/haselab/murakawa/stable-deep-world-model/logdir/atari_frostbite_vta_20260107_202443/train_eps/20260108T163622-6a2855e80f96423f8e6321ab3a435bdc-1194.npz,1040,1060,0.0,1.1239287853240967,2.2703328132629395,nan,nan
atari_private_eye,/home/haselab/murakawa/stable-deep-world-model/logdir/atari_frostbite_vta_20260107_202443,/home/haselab/murakawa/stable-deep-world-model/logdir/atari_frostbite_vta_20260107_202443/train_eps/20260108T163622-6a2855e80f96423f8e6321ab3a435bdc-1194.npz,1045,1065,0.0,1.0241038799285889,2.0793938636779785,nan,nan
atari_private_eye,/home/haselab/murakawa/stable-deep-world-model/logdir/atari_frostbite_vta_20260107_202443,/home/haselab/murakawa/stable-deep-world-model/logdir/atari_frostbite_vta_20260107_202443/train_eps/20260108T163622-6a2855e80f96423f8e6321ab3a435bdc-1194.npz,1050,1070,0.0,0.9807503819465637,2.0920772552490234,nan,nan
atari_private_eye,/home/haselab/murakawa/stable-deep-world-model/logdir/atari_frostbite_vta_20260107_202443,/home/haselab/murakawa/stable-deep-world-model/logdir/atari_frostbite_vta_20260107_202443/train_eps/20260108T163622-6a2855e80f96423f8e6321ab3a435bdc-1194.npz,1055,1075,0.0,0.9657480120658875,2.101691484451294,nan,nan
atari_private_eye,/home/haselab/murakawa/stable-deep-world-model/logdir/atari_frostbite_vta_20260107_202443,/home/haselab/murakawa/stable-deep-world-model/logdir/atari_frostbite_vta_20260107_202443/train_eps/20260108T163622-6a2855e80f96423f8e6321ab3a435bdc-1194.npz,1060,1080,0.0,0.7758108973503113,1.6881647109985352,nan,nan
atari_private_eye,/home/haselab/murakawa/stable-deep-world-model/logdir/atari_frostbite_vta_20260107_202443,/home/haselab/murakawa/stable-deep-world-model/logdir/atari_frostbite_vta_20260107_202443/train_eps/20260108T163622-6a2855e80f96423f8e6321ab3a435bdc-1194.npz,1065,1085,0.0,0.777906060218811,1.6747429370880127,nan,nan
atari_private_eye,/home/haselab/murakawa/stable-deep-world-model/logdir/atari_frostbite_vta_20260107_202443,/home/haselab/murakawa/stable-deep-world-model/logdir/atari_frostbite_vta_20260107_202443/train_eps/20260108T163622-6a2855e80f96423f8e6321ab3a435bdc-1194.npz,1070,1090,0.0,0.7599903345108032,1.638775110244751,nan,nan
atari_private_eye,/home/haselab/murakawa/stable-deep-world-model/logdir/atari_frostbite_vta_20260107_202443,/home/haselab/murakawa/stable-deep-world-model/logdir/atari_frostbite_vta_20260107_202443/train_eps/20260108T163622-6a2855e80f96423f8e6321ab3a435bdc-1194.npz,1075,1095,0.0,0.6964405179023743,1.5241869688034058,nan,nan
atari_private_eye,/home/haselab/murakawa/stable-deep-world-model/logdir/atari_frostbite_vta_20260107_202443,/home/haselab/murakawa/stable-deep-world-model/logdir/atari_frostbite_vta_20260107_202443/train_eps/20260108T163622-6a2855e80f96423f8e6321ab3a435bdc-1194.npz,1080,1100,0.0,0.6639697551727295,1.5062527656555176,nan,nan
atari_private_eye,/home/haselab/murakawa/stable-deep-world-model/logdir/atari_frostbite_vta_20260107_202443,/home/haselab/murakawa/stable-deep-world-model/logdir/atari_frostbite_vta_20260107_202443/train_eps/20260108T163622-6a2855e80f96423f8e6321ab3a435bdc-1194.npz,1085,1105,0.0,0.6335741281509399,1.5262171030044556,nan,nan
atari_private_eye,/home/haselab/murakawa/stable-deep-world-model/logdir/atari_frostbite_vta_20260107_202443,/home/haselab/murakawa/stable-deep-world-model/logdir/atari_frostbite_vta_20260107_202443/train_eps/20260108T163622-6a2855e80f96423f8e6321ab3a435bdc-1194.npz,1090,1110,0.0,0.6270003318786621,1.4829541444778442,nan,nan
atari_private_eye,/home/haselab/murakawa/stable-deep-world-model/logdir/atari_frostbite_vta_20260107_202443,/home/haselab/murakawa/stable-deep-world-model/logdir/atari_frostbite_vta_20260107_202443/train_eps/20260108T163622-6a2855e80f96423f8e6321ab3a435bdc-1194.npz,1095,1115,0.0,0.6087418794631958,1.4173294305801392,nan,nan
atari_private_eye,/home/haselab/murakawa/stable-deep-world-model/logdir/atari_frostbite_vta_20260107_202443,/home/haselab/murakawa/stable-deep-world-model/logdir/atari_frostbite_vta_20260107_202443/train_eps/20260108T163622-6a2855e80f96423f8e6321ab3a435bdc-1194.npz,1100,1120,0.0,0.6470733880996704,1.4713727235794067,nan,nan
atari_private_eye,/home/haselab/murakawa/stable-deep-world-model/logdir/atari_frostbite_vta_20260107_202443,/home/haselab/murakawa/stable-deep-world-model/logdir/atari_frostbite_vta_20260107_202443/train_eps/20260108T163622-6a2855e80f96423f8e6321ab3a435bdc-1194.npz,1105,1125,0.0,0.6549310088157654,1.3733941316604614,nan,nan
atari_private_eye,/home/haselab/murakawa/stable-deep-world-model/logdir/atari_frostbite_vta_20260107_202443,/home/haselab/murakawa/stable-deep-world-model/logdir/atari_frostbite_vta_20260107_202443/train_eps/20260108T163622-6a2855e80f96423f8e6321ab3a435bdc-1194.npz,1110,1130,0.0,0.5609263181686401,1.2906219959259033,nan,nan
atari_private_eye,/home/haselab/murakawa/stable-deep-world-model/logdir/atari_frostbite_vta_20260107_202443,/home/haselab/murakawa/stable-deep-world-model/logdir/atari_frostbite_vta_20260107_202443/train_eps/20260108T163622-6a2855e80f96423f8e6321ab3a435bdc-1194.npz,1115,1135,0.0,0.5671350359916687,1.3903876543045044,nan,nan
atari_private_eye,/home/haselab/murakawa/stable-deep-world-model/logdir/atari_frostbite_vta_20260107_202443,/home/haselab/murakawa/stable-deep-world-model/logdir/atari_frostbite_vta_20260107_202443/train_eps/20260108T163622-6a2855e80f96423f8e6321ab3a435bdc-1194.npz,1120,1140,0.0,0.5821079611778259,1.4258177280426025,nan,nan
atari_private_eye,/home/haselab/murakawa/stable-deep-world-model/logdir/atari_frostbite_vta_20260107_202443,/home/haselab/murakawa/stable-deep-world-model/logdir/atari_frostbite_vta_20260107_202443/train_eps/20260108T163622-6a2855e80f96423f8e6321ab3a435bdc-1194.npz,1125,1145,0.0,0.5846884250640869,1.4987751245498657,nan,nan
atari_private_eye,/home/haselab/murakawa/stable-deep-world-model/logdir/atari_frostbite_vta_20260107_202443,/home/haselab/murakawa/stable-deep-world-model/logdir/atari_frostbite_vta_20260107_202443/train_eps/20260108T163622-6a2855e80f96423f8e6321ab3a435bdc-1194.npz,1130,1150,0.0,0.6272529363632202,1.50473153591156,nan,nan
atari_private_eye,/home/haselab/murakawa/stable-deep-world-model/logdir/atari_frostbite_vta_20260107_202443,/home/haselab/murakawa/stable-deep-world-model/logdir/atari_frostbite_vta_20260107_202443/train_eps/20260108T163622-6a2855e80f96423f8e6321ab3a435bdc-1194.npz,1135,1155,0.0,0.6114627122879028,1.434893012046814,nan,nan
atari_private_eye,/home/haselab/murakawa/stable-deep-world-model/logdir/atari_frostbite_vta_20260107_202443,/home/haselab/murakawa/stable-deep-world-model/logdir/atari_frostbite_vta_20260107_202443/train_eps/20260108T163622-6a2855e80f96423f8e6321ab3a435bdc-1194.npz,1140,1160,0.0,0.5878623127937317,1.449852705001831,nan,nan
atari_private_eye,/home/haselab/murakawa/stable-deep-world-model/logdir/atari_frostbite_vta_20260107_202443,/home/haselab/murakawa/stable-deep-world-model/logdir/atari_frostbite_vta_20260107_202443/train_eps/20260108T163622-6a2855e80f96423f8e6321ab3a435bdc-1194.npz,1145,1165,0.0,0.5804253816604614,1.5764421224594116,nan,nan
atari_private_eye,/home/haselab/murakawa/stable-deep-world-model/logdir/atari_frostbite_vta_20260107_202443,/home/haselab/murakawa/stable-deep-world-model/logdir/atari_frostbite_vta_20260107_202443/train_eps/20260108T163622-6a2855e80f96423f8e6321ab3a435bdc-1194.npz,1150,1170,0.0,0.5824396014213562,1.6665210723876953,nan,nan
atari_private_eye,/home/haselab/murakawa/stable-deep-world-model/logdir/atari_frostbite_vta_20260107_202443,/home/haselab/murakawa/stable-deep-world-model/logdir/atari_frostbite_vta_20260107_202443/train_eps/20260108T163622-6a2855e80f96423f8e6321ab3a435bdc-1194.npz,1155,1175,0.0,0.5392885804176331,1.6597999334335327,nan,nan
atari_private_eye,/home/haselab/murakawa/stable-deep-world-model/logdir/atari_frostbite_vta_20260107_202443,/home/haselab/murakawa/stable-deep-world-model/logdir/atari_frostbite_vta_20260107_202443/train_eps/20260108T163622-6a2855e80f96423f8e6321ab3a435bdc-1194.npz,1160,1180,0.0,0.541577160358429,1.6603180170059204,nan,nan
atari_private_eye,/home/haselab/murakawa/stable-deep-world-model/logdir/atari_frostbite_vta_20260107_202443,/home/haselab/murakawa/stable-deep-world-model/logdir/atari_frostbite_vta_20260107_202443/train_eps/20260108T163622-6a2855e80f96423f8e6321ab3a435bdc-1194.npz,1165,1185,0.0,0.46028226613998413,1.5276426076889038,nan,nan
atari_private_eye,/home/haselab/murakawa/stable-deep-world-model/logdir/atari_frostbite_vta_20260107_202443,/home/haselab/murakawa/stable-deep-world-model/logdir/atari_frostbite_vta_20260107_202443/train_eps/20260108T163622-6a2855e80f96423f8e6321ab3a435bdc-1194.npz,1170,1190,0.0,0.4682636260986328,1.5573650598526,nan,nan
