task,logdir,ckpt,episode,seed,dist_window,dist_stride,vta_boundary_force_scale,boundary_rate,read_prob_mean,read_prob_p99,abs_kl_mean,abs_kl_std,obs_kl_mean,obs_kl_std,abs_l2_mean,obs_l2_mean,abs_stoch_l2_mean,obs_stoch_l2_mean,abs_l2_read_mean,obs_l2_read_mean,abs_stoch_l2_read_mean,obs_stoch_l2_read_mean
atari_krull,logs/models/from_scratch_atari_krull_vta_3seed_to_400000_20260208_112207/atari_krull_seed0,logs/models/from_scratch_atari_krull_vta_3seed_to_400000_20260208_112207/atari_krull_seed0/checkpoints/step-000006250.pt,logs/models/from_scratch_atari_krull_vta_3seed_to_400000_20260208_112207/atari_krull_seed0/eval_eps/20260208T112218-d487738a3d2d4e52912f19c8b084e1d0-27001.npz,0,20,5,0.0,0.007629347061219955,0.007697570603340864,0.0027073475066572428,89.900634765625,28.503616333007812,20.70956802368164,17.18745994567871,0.6180394887924194,6.3709917068481445,0.04888148233294487,7.226541519165039,6.181181907653809,8.422208786010742,6.438048839569092,8.921697616577148
atari_krull,logs/models/from_scratch_atari_krull_vta_3seed_to_400000_20260208_112207/atari_krull_seed0,logs/models/from_scratch_atari_krull_vta_3seed_to_400000_20260208_112207/atari_krull_seed0/checkpoints/step-000012500.pt,logs/models/from_scratch_atari_krull_vta_3seed_to_400000_20260208_112207/atari_krull_seed0/eval_eps/20260208T112218-d487738a3d2d4e52912f19c8b084e1d0-27001.npz,0,20,5,0.0,0.00718491907707122,0.0071863047778606415,5.485897418111563e-05,215.2657470703125,129.0879364013672,22.47409439086914,11.987853050231934,1.0682789087295532,10.75304126739502,0.04951006546616554,11.446640968322754,6.502631664276123,11.41699504852295,6.926277160644531,11.826687812805176
atari_krull,logs/models/from_scratch_atari_krull_vta_3seed_to_400000_20260208_112207/atari_krull_seed0,logs/models/from_scratch_atari_krull_vta_3seed_to_400000_20260208_112207/atari_krull_seed0/checkpoints/step-000018750.pt,logs/models/from_scratch_atari_krull_vta_3seed_to_400000_20260208_112207/atari_krull_seed0/eval_eps/20260208T112218-d487738a3d2d4e52912f19c8b084e1d0-27001.npz,0,20,5,0.0,0.007370097403799859,0.007351265754550695,1.612115192983765e-05,348.0528869628906,180.7478790283203,23.81641960144043,12.176745414733887,1.3717708587646484,11.507147789001465,0.05073811113834381,12.162113189697266,6.369626045227051,11.24571418762207,6.918834209442139,11.577199935913086
atari_krull,logs/models/from_scratch_atari_krull_vta_3seed_to_400000_20260208_112207/atari_krull_seed0,logs/models/from_scratch_atari_krull_vta_3seed_to_400000_20260208_112207/atari_krull_seed0/checkpoints/step-000025000.pt,logs/models/from_scratch_atari_krull_vta_3seed_to_400000_20260208_112207/atari_krull_seed0/eval_eps/20260208T112218-d487738a3d2d4e52912f19c8b084e1d0-27001.npz,0,20,5,0.0,0.006555312766193844,0.006562435999512672,5.155224584996176e-07,430.7204284667969,185.76600646972656,24.808319091796875,16.439361572265625,1.4060401916503906,11.249933242797852,0.042325567454099655,11.852039337158203,6.061835765838623,10.822881698608398,6.493126392364502,11.124591827392578
atari_krull,logs/models/from_scratch_atari_krull_vta_3seed_to_400000_20260208_112207/atari_krull_seed0,logs/models/from_scratch_atari_krull_vta_3seed_to_400000_20260208_112207/atari_krull_seed0/checkpoints/step-000031250.pt,logs/models/from_scratch_atari_krull_vta_3seed_to_400000_20260208_112207/atari_krull_seed0/eval_eps/20260208T112218-d487738a3d2d4e52912f19c8b084e1d0-27001.npz,0,20,5,0.0,0.006370134439465205,0.0063013252802193165,2.2395454379875446e-06,234.91867065429688,111.28527069091797,27.998241424560547,22.462371826171875,1.491507649421692,10.201034545898438,0.0404721237719059,10.724583625793457,6.041586875915527,9.993844032287598,6.3903350830078125,10.260445594787598
atari_krull,logs/models/from_scratch_atari_krull_vta_3seed_to_400000_20260208_112207/atari_krull_seed0,logs/models/from_scratch_atari_krull_vta_3seed_to_400000_20260208_112207/atari_krull_seed0/checkpoints/step-000037500.pt,logs/models/from_scratch_atari_krull_vta_3seed_to_400000_20260208_112207/atari_krull_seed0/eval_eps/20260208T112218-d487738a3d2d4e52912f19c8b084e1d0-27001.npz,0,20,5,0.0,0.0074071330691455875,0.007412534672766924,2.863714689738117e-05,352.2359924316406,156.7041015625,25.282243728637695,18.66312599182129,1.50006103515625,9.608490943908691,0.04335768520832062,10.137434005737305,5.477450847625732,9.555333137512207,5.882699489593506,9.81822395324707
atari_krull,logs/models/from_scratch_atari_krull_vta_3seed_to_400000_20260208_112207/atari_krull_seed0,logs/models/from_scratch_atari_krull_vta_3seed_to_400000_20260208_112207/atari_krull_seed0/checkpoints/step-000043750.pt,logs/models/from_scratch_atari_krull_vta_3seed_to_400000_20260208_112207/atari_krull_seed0/eval_eps/20260208T112218-d487738a3d2d4e52912f19c8b084e1d0-27001.npz,0,20,5,0.0,0.007221954742416947,0.00721857650205493,5.218699357101286e-07,389.4491271972656,168.0386962890625,28.930574417114258,21.2448673248291,1.5504705905914307,9.190248489379883,0.041419561952352524,9.663100242614746,5.39432430267334,9.109132766723633,5.764577865600586,9.328474998474121
atari_krull,logs/models/from_scratch_atari_krull_vta_3seed_to_400000_20260208_112207/atari_krull_seed0,logs/models/from_scratch_atari_krull_vta_3seed_to_400000_20260208_112207/atari_krull_seed0/checkpoints/step-000050000.pt,logs/models/from_scratch_atari_krull_vta_3seed_to_400000_20260208_112207/atari_krull_seed0/eval_eps/20260208T112218-d487738a3d2d4e52912f19c8b084e1d0-27001.npz,0,20,5,0.0,0.006666419762231028,0.006661726627498865,1.0451949492562562e-06,385.998291015625,149.5424346923828,32.22993087768555,33.497413635253906,1.6340177059173584,8.925424575805664,0.04180285334587097,9.399956703186035,5.87905216217041,9.512506484985352,6.305459022521973,9.77357006072998
atari_krull,logs/models/from_scratch_atari_krull_vta_3seed_to_400000_20260208_112207/atari_krull_seed0,logs/models/from_scratch_atari_krull_vta_3seed_to_400000_20260208_112207/atari_krull_seed0/checkpoints/step-000056250.pt,logs/models/from_scratch_atari_krull_vta_3seed_to_400000_20260208_112207/atari_krull_seed0/eval_eps/20260208T112218-d487738a3d2d4e52912f19c8b084e1d0-27001.npz,0,20,5,0.0,0.007036776415688308,0.0070348684675991535,1.4491257616100484e-07,331.3323669433594,123.50782775878906,34.0073127746582,46.95237350463867,1.6735023260116577,8.500130653381348,0.045031603425741196,8.930642127990723,5.9336934089660645,9.040595054626465,6.433085918426514,9.26113510131836
atari_krull,logs/models/from_scratch_atari_krull_vta_3seed_to_400000_20260208_112207/atari_krull_seed0,logs/models/from_scratch_atari_krull_vta_3seed_to_400000_20260208_112207/atari_krull_seed0/checkpoints/step-000062500.pt,logs/models/from_scratch_atari_krull_vta_3seed_to_400000_20260208_112207/atari_krull_seed0/eval_eps/20260208T112218-d487738a3d2d4e52912f19c8b084e1d0-27001.npz,0,20,5,0.0,0.006370134439465205,0.006379168480634689,1.596879961596187e-08,400.0563049316406,158.0745849609375,35.79677963256836,51.36945724487305,1.7151259183883667,8.187324523925781,0.041019245982170105,8.640251159667969,6.177102088928223,9.136841773986816,6.4767231941223145,9.365838050842285
atari_krull,logs/models/from_scratch_atari_krull_vta_3seed_to_400000_20260208_112207/atari_krull_seed0,logs/models/from_scratch_atari_krull_vta_3seed_to_400000_20260208_112207/atari_krull_seed0/checkpoints/step-000068750.pt,logs/models/from_scratch_atari_krull_vta_3seed_to_400000_20260208_112207/atari_krull_seed0/eval_eps/20260208T112218-d487738a3d2d4e52912f19c8b084e1d0-27001.npz,0,20,5,0.0,0.006407170104810933,0.006428328342735767,2.317692526787596e-08,395.4447021484375,160.38186645507812,38.62240219116211,46.74574661254883,1.7822996377944946,8.13794994354248,0.04193703085184097,8.529472351074219,6.238488674163818,9.167155265808105,6.583138465881348,9.364911079406738
atari_krull,logs/models/from_scratch_atari_krull_vta_3seed_to_400000_20260208_112207/atari_krull_seed0,logs/models/from_scratch_atari_krull_vta_3seed_to_400000_20260208_112207/atari_krull_seed0/checkpoints/step-000075000.pt,logs/models/from_scratch_atari_krull_vta_3seed_to_400000_20260208_112207/atari_krull_seed0/eval_eps/20260208T112218-d487738a3d2d4e52912f19c8b084e1d0-27001.npz,0,20,5,0.0,0.006333098774119477,0.006301173474639654,2.0733826033847436e-07,435.7269592285156,190.24977111816406,45.64804458618164,57.602630615234375,1.7783434391021729,7.964731693267822,0.040990523993968964,8.30563735961914,6.185916900634766,8.962882041931152,6.510259628295898,9.128528594970703
atari_krull,logs/models/from_scratch_atari_krull_vta_3seed_to_400000_20260208_112207/atari_krull_seed0,logs/models/from_scratch_atari_krull_vta_3seed_to_400000_20260208_112207/atari_krull_seed0/checkpoints/step-000081250.pt,logs/models/from_scratch_atari_krull_vta_3seed_to_400000_20260208_112207/atari_krull_seed0/eval_eps/20260208T112218-d487738a3d2d4e52912f19c8b084e1d0-27001.npz,0,20,5,0.0,0.0066293840968853004,0.00662471866235137,8.457188869215315e-07,491.329833984375,198.07687377929688,47.12528610229492,53.7769775390625,1.8441907167434692,7.754164695739746,0.04474121704697609,8.086525917053223,6.455089569091797,9.365856170654297,6.786589622497559,9.520941734313965
atari_krull,logs/models/from_scratch_atari_krull_vta_3seed_to_400000_20260208_112207/atari_krull_seed0,logs/models/from_scratch_atari_krull_vta_3seed_to_400000_20260208_112207/atari_krull_seed0/checkpoints/step-000087500.pt,logs/models/from_scratch_atari_krull_vta_3seed_to_400000_20260208_112207/atari_krull_seed0/eval_eps/20260208T112218-d487738a3d2d4e52912f19c8b084e1d0-27001.npz,0,20,5,0.0,0.0060368134513536535,0.0060435449704527855,4.315769963625371e-09,463.8991394042969,203.90972900390625,47.35601043701172,48.113258361816406,1.7087911367416382,7.643139839172363,0.037983350455760956,7.967201232910156,6.242754936218262,9.186527252197266,6.3305583000183105,9.311689376831055
atari_krull,logs/models/from_scratch_atari_krull_vta_3seed_to_400000_20260208_112207/atari_krull_seed0,logs/models/from_scratch_atari_krull_vta_3seed_to_400000_20260208_112207/atari_krull_seed0/checkpoints/step-000093750.pt,logs/models/from_scratch_atari_krull_vta_3seed_to_400000_20260208_112207/atari_krull_seed0/eval_eps/20260208T112218-d487738a3d2d4e52912f19c8b084e1d0-27001.npz,0,20,5,0.0,0.0062219917780822935,0.006235170178115368,1.4856470498259e-09,539.4392700195312,224.13760375976562,41.97429275512695,42.74329376220703,1.753432273864746,7.685194969177246,0.040979307144880295,8.045170783996582,6.422567367553711,9.337013244628906,6.625396251678467,9.471397399902344
atari_krull,logs/models/from_scratch_atari_krull_vta_3seed_to_400000_20260208_112207/atari_krull_seed0,logs/models/from_scratch_atari_krull_vta_3seed_to_400000_20260208_112207/atari_krull_seed0/checkpoints/step-000100000.pt,logs/models/from_scratch_atari_krull_vta_3seed_to_400000_20260208_112207/atari_krull_seed0/eval_eps/20260208T112218-d487738a3d2d4e52912f19c8b084e1d0-27001.npz,0,20,5,0.0,0.0071108477463797636,0.007048529572784901,6.327499413316673e-09,722.2239379882812,280.6322326660156,40.35833740234375,44.10305404663086,1.8238908052444458,7.824343681335449,0.0485517717897892,8.174123764038086,6.399658679962158,9.19793701171875,6.863339900970459,9.33286190032959
atari_krull,logs/models/from_scratch_atari_krull_vta_3seed_to_400000_20260208_112207/atari_krull_seed0,logs/models/from_scratch_atari_krull_vta_3seed_to_400000_20260208_112207/atari_krull_seed0/latest.pt,logs/models/from_scratch_atari_krull_vta_3seed_to_400000_20260208_112207/atari_krull_seed0/eval_eps/20260208T112218-d487738a3d2d4e52912f19c8b084e1d0-27001.npz,0,20,5,0.0,0.006740491092922484,0.0067460015416145325,4.339358039562313e-10,708.2139282226562,260.7872314453125,42.378562927246094,46.86379623413086,1.7665462493896484,7.689416885375977,0.0453667938709259,8.030948638916016,6.387591361999512,9.159771919250488,6.767422199249268,9.289531707763672
atari_krull,logs/models/from_scratch_atari_krull_vta_3seed_to_400000_20260208_112207/atari_krull_seed1,logs/models/from_scratch_atari_krull_vta_3seed_to_400000_20260208_112207/atari_krull_seed1/checkpoints/step-000006250.pt,logs/models/from_scratch_atari_krull_vta_3seed_to_400000_20260208_112207/atari_krull_seed1/eval_eps/20260208T200846-57b9437deec64d839061bf3c96e40c3b-21459.npz,0,20,5,0.0,0.0025630271680879817,0.003357517998665571,0.027980046346783638,264.0296630859375,135.04908752441406,98.78099060058594,67.9331283569336,0.9656269550323486,3.8093128204345703,0.008753676898777485,4.556178092956543,5.362542152404785,8.064286231994629,3.478452444076538,8.564495086669922
atari_krull,logs/models/from_scratch_atari_krull_vta_3seed_to_400000_20260208_112207/atari_krull_seed1,logs/models/from_scratch_atari_krull_vta_3seed_to_400000_20260208_112207/atari_krull_seed1/checkpoints/step-000012500.pt,logs/models/from_scratch_atari_krull_vta_3seed_to_400000_20260208_112207/atari_krull_seed1/eval_eps/20260208T200846-57b9437deec64d839061bf3c96e40c3b-21459.npz,0,20,5,0.0,0.004520247914627895,0.004939094185829163,0.0017614783719182014,206.45977783203125,93.54924774169922,30.67208480834961,31.40690040588379,1.0347621440887451,8.535922050476074,0.018626071512699127,9.41451358795166,5.221961498260498,11.883124351501465,4.1633148193359375,12.307090759277344
atari_krull,logs/models/from_scratch_atari_krull_vta_3seed_to_400000_20260208_112207/atari_krull_seed1,logs/models/from_scratch_atari_krull_vta_3seed_to_400000_20260208_112207/atari_krull_seed1/checkpoints/step-000018750.pt,logs/models/from_scratch_atari_krull_vta_3seed_to_400000_20260208_112207/atari_krull_seed1/eval_eps/20260208T200846-57b9437deec64d839061bf3c96e40c3b-21459.npz,0,20,5,0.0,0.0053590568060021436,0.005312734749168158,6.267621938604861e-05,308.83905029296875,113.88753509521484,41.62320327758789,40.849647521972656,1.2268962860107422,9.977940559387207,0.028366118669509888,10.650933265686035,5.697242259979248,10.694138526916504,5.339300632476807,11.033705711364746
atari_krull,logs/models/from_scratch_atari_krull_vta_3seed_to_400000_20260208_112207/atari_krull_seed1,logs/models/from_scratch_atari_krull_vta_3seed_to_400000_20260208_112207/atari_krull_seed1/checkpoints/step-000025000.pt,logs/models/from_scratch_atari_krull_vta_3seed_to_400000_20260208_112207/atari_krull_seed1/eval_eps/20260208T200846-57b9437deec64d839061bf3c96e40c3b-21459.npz,0,20,5,0.0,0.004194044456871243,0.004208382684737444,3.5918449157179566e-06,295.0901794433594,106.13874816894531,55.49042510986328,75.6925048828125,1.217023491859436,9.250336647033691,0.017208494246006012,9.765641212463379,5.051794052124023,9.943114280700684,4.14898681640625,10.169002532958984
atari_krull,logs/models/from_scratch_atari_krull_vta_3seed_to_400000_20260208_112207/atari_krull_seed1,logs/models/from_scratch_atari_krull_vta_3seed_to_400000_20260208_112207/atari_krull_seed1/checkpoints/step-000031250.pt,logs/models/from_scratch_atari_krull_vta_3seed_to_400000_20260208_112207/atari_krull_seed1/eval_eps/20260208T200846-57b9437deec64d839061bf3c96e40c3b-21459.npz,0,20,5,0.0,0.003961041987045063,0.004017313942313194,4.1473490455246065e-06,377.5505676269531,145.59805297851562,77.2240219116211,94.26903533935547,1.2304452657699585,8.749695777893066,0.01604592427611351,9.190211296081543,5.10101842880249,9.84423542022705,4.09896993637085,10.042495727539062
atari_krull,logs/models/from_scratch_atari_krull_vta_3seed_to_400000_20260208_112207/atari_krull_seed1,logs/models/from_scratch_atari_krull_vta_3seed_to_400000_20260208_112207/atari_krull_seed1/checkpoints/step-000037500.pt,logs/models/from_scratch_atari_krull_vta_3seed_to_400000_20260208_112207/atari_krull_seed1/eval_eps/20260208T200846-57b9437deec64d839061bf3c96e40c3b-21459.npz,0,20,5,0.0,0.004520247914627895,0.004539311397820711,2.0911220417474397e-05,328.546630859375,127.30485534667969,102.73060607910156,105.42066955566406,1.2938114404678345,8.23797607421875,0.01859605871140957,8.631722450256348,4.994876861572266,9.116225242614746,4.156606674194336,9.288893699645996
atari_krull,logs/models/from_scratch_atari_krull_vta_3seed_to_400000_20260208_112207/atari_krull_seed1,logs/models/from_scratch_atari_krull_vta_3seed_to_400000_20260208_112207/atari_krull_seed1/checkpoints/step-000043750.pt,logs/models/from_scratch_atari_krull_vta_3seed_to_400000_20260208_112207/atari_krull_seed1/eval_eps/20260208T200846-57b9437deec64d839061bf3c96e40c3b-21459.npz,0,20,5,0.0,0.004194044456871243,0.0041933185420930386,4.7801655455259606e-05,429.64117431640625,151.81796264648438,129.14306640625,110.27932739257812,1.3274646997451782,7.912378311157227,0.01705740951001644,8.288260459899902,5.201874256134033,9.18593692779541,4.112560272216797,9.367761611938477
atari_krull,logs/models/from_scratch_atari_krull_vta_3seed_to_400000_20260208_112207/atari_krull_seed1,logs/models/from_scratch_atari_krull_vta_3seed_to_400000_20260208_112207/atari_krull_seed1/checkpoints/step-000050000.pt,logs/models/from_scratch_atari_krull_vta_3seed_to_400000_20260208_112207/atari_krull_seed1/eval_eps/20260208T200846-57b9437deec64d839061bf3c96e40c3b-21459.npz,0,20,5,0.0,0.005592059275828324,0.005532078444957733,2.3955083179316716e-06,472.8388671875,147.27450561523438,96.93939971923828,97.38427734375,1.372663974761963,7.383564472198486,0.029156288132071495,7.748006343841553,5.492059707641602,9.244166374206543,5.257441997528076,9.359044075012207
atari_krull,logs/models/from_scratch_atari_krull_vta_3seed_to_400000_20260208_112207/atari_krull_seed1,logs/models/from_scratch_atari_krull_vta_3seed_to_400000_20260208_112207/atari_krull_seed1/checkpoints/step-000056250.pt,logs/models/from_scratch_atari_krull_vta_3seed_to_400000_20260208_112207/atari_krull_seed1/eval_eps/20260208T200846-57b9437deec64d839061bf3c96e40c3b-21459.npz,0,20,5,0.0,0.004753250384454075,0.004764582961797714,4.1176295439981914e-07,438.1611328125,159.7211456298828,162.2840118408203,140.69058227539062,1.4718159437179565,7.151643753051758,0.023847339674830437,7.452425956726074,5.749830722808838,8.794066429138184,5.066497325897217,8.920187950134277
atari_krull,logs/models/from_scratch_atari_krull_vta_3seed_to_400000_20260208_112207/atari_krull_seed1,logs/models/from_scratch_atari_krull_vta_3seed_to_400000_20260208_112207/atari_krull_seed1/checkpoints/step-000062500.pt,logs/models/from_scratch_atari_krull_vta_3seed_to_400000_20260208_112207/atari_krull_seed1/eval_eps/20260208T200846-57b9437deec64d839061bf3c96e40c3b-21459.npz,0,20,5,0.0,0.004427046926697423,0.004493158310651779,4.283476755517768e-06,577.6298828125,215.11013793945312,231.48248291015625,185.30313110351562,1.4032142162322998,6.964335918426514,0.01986856758594513,7.20178747177124,5.656944751739502,8.821194648742676,4.535529136657715,8.924017906188965
atari_krull,logs/models/from_scratch_atari_krull_vta_3seed_to_400000_20260208_112207/atari_krull_seed1,logs/models/from_scratch_atari_krull_vta_3seed_to_400000_20260208_112207/atari_krull_seed1/checkpoints/step-000068750.pt,logs/models/from_scratch_atari_krull_vta_3seed_to_400000_20260208_112207/atari_krull_seed1/eval_eps/20260208T200846-57b9437deec64d839061bf3c96e40c3b-21459.npz,0,20,5,0.0,0.0038678409991145905,0.003866901621222496,9.737297634870856e-10,510.7460632324219,193.00091552734375,282.9120178222656,211.093994140625,1.4134453535079956,6.822285175323486,0.016054345294833183,7.021037578582764,5.578975200653076,8.65373706817627,4.201147556304932,8.75516128540039
atari_krull,logs/models/from_scratch_atari_krull_vta_3seed_to_400000_20260208_112207/atari_krull_seed1,logs/models/from_scratch_atari_krull_vta_3seed_to_400000_20260208_112207/atari_krull_seed1/checkpoints/step-000075000.pt,logs/models/from_scratch_atari_krull_vta_3seed_to_400000_20260208_112207/atari_krull_seed1/eval_eps/20260208T200846-57b9437deec64d839061bf3c96e40c3b-21459.npz,0,20,5,0.0,0.003914441493079826,0.00392445782199502,5.0593982336977206e-09,547.24609375,222.13650512695312,293.85595703125,219.72116088867188,1.3920818567276,6.673948764801025,0.015932798385620117,6.8597283363342285,5.64263391494751,8.499691009521484,4.1191086769104,8.602537155151367
atari_krull,logs/models/from_scratch_atari_krull_vta_3seed_to_400000_20260208_112207/atari_krull_seed1,logs/models/from_scratch_atari_krull_vta_3seed_to_400000_20260208_112207/atari_krull_seed1/checkpoints/step-000081250.pt,logs/models/from_scratch_atari_krull_vta_3seed_to_400000_20260208_112207/atari_krull_seed1/eval_eps/20260208T200846-57b9437deec64d839061bf3c96e40c3b-21459.npz,0,20,5,0.0,0.004100843468940771,0.004104043822735548,2.0256245534255868e-06,489.5544128417969,207.94284057617188,303.8184509277344,231.40774536132812,1.4351863861083984,6.5638251304626465,0.017821986228227615,6.736647605895996,5.902467727661133,8.658413887023926,4.3956804275512695,8.760887145996094
atari_krull,logs/models/from_scratch_atari_krull_vta_3seed_to_400000_20260208_112207/atari_krull_seed1,logs/models/from_scratch_atari_krull_vta_3seed_to_400000_20260208_112207/atari_krull_seed1/checkpoints/step-000087500.pt,logs/models/from_scratch_atari_krull_vta_3seed_to_400000_20260208_112207/atari_krull_seed1/eval_eps/20260208T200846-57b9437deec64d839061bf3c96e40c3b-21459.npz,0,20,5,0.0,0.0036348385292884105,0.003664900315925479,5.977104819976375e-07,398.0641174316406,158.42044067382812,321.5589294433594,234.75816345214844,1.4247198104858398,6.605886936187744,0.01523332204669714,6.774389743804932,6.033205509185791,8.821198463439941,4.190725803375244,8.929795265197754
atari_krull,logs/models/from_scratch_atari_krull_vta_3seed_to_400000_20260208_112207/atari_krull_seed1,logs/models/from_scratch_atari_krull_vta_3seed_to_400000_20260208_112207/atari_krull_seed1/checkpoints/step-000093750.pt,logs/models/from_scratch_atari_krull_vta_3seed_to_400000_20260208_112207/atari_krull_seed1/eval_eps/20260208T200846-57b9437deec64d839061bf3c96e40c3b-21459.npz,0,20,5,0.0,0.0035882380353231746,0.00360011775046587,1.7026422938215546e-08,427.4793701171875,177.6110382080078,313.2940368652344,233.26124572753906,1.43631112575531,6.425109386444092,0.015156788751482964,6.585277557373047,6.0816121101379395,9.0514497756958,4.2238240242004395,9.149763107299805
atari_krull,logs/models/from_scratch_atari_krull_vta_3seed_to_400000_20260208_112207/atari_krull_seed1,logs/models/from_scratch_atari_krull_vta_3seed_to_400000_20260208_112207/atari_krull_seed1/checkpoints/step-000100000.pt,logs/models/from_scratch_atari_krull_vta_3seed_to_400000_20260208_112207/atari_krull_seed1/eval_eps/20260208T200846-57b9437deec64d839061bf3c96e40c3b-21459.npz,0,20,5,0.0,0.0036348385292884105,0.0035968117881566286,2.4487846417287074e-07,481.4102783203125,207.1917724609375,288.2511291503906,211.0099334716797,1.4249322414398193,6.45815896987915,0.014988246373832226,6.617690563201904,6.080412864685059,8.88957691192627,4.123305320739746,8.975518226623535
atari_krull,logs/models/from_scratch_atari_krull_vta_3seed_to_400000_20260208_112207/atari_krull_seed1,logs/models/from_scratch_atari_krull_vta_3seed_to_400000_20260208_112207/atari_krull_seed1/latest.pt,logs/models/from_scratch_atari_krull_vta_3seed_to_400000_20260208_112207/atari_krull_seed1/eval_eps/20260208T200846-57b9437deec64d839061bf3c96e40c3b-21459.npz,0,20,5,0.0,0.0037280395172188826,0.0037234858609735966,3.250254110298556e-07,460.62054443359375,197.18173217773438,298.2633972167969,221.0310821533203,1.4485079050064087,6.4607954025268555,0.015748823061585426,6.622002124786377,6.106052398681641,8.856399536132812,4.2242279052734375,8.951302528381348
atari_krull,logs/models/from_scratch_atari_krull_vta_3seed_to_400000_20260208_112207/atari_krull_seed2,logs/models/from_scratch_atari_krull_vta_3seed_to_400000_20260208_112207/atari_krull_seed2/checkpoints/step-000006250.pt,logs/models/from_scratch_atari_krull_vta_3seed_to_400000_20260208_112207/atari_krull_seed2/eval_eps/20260209T064250-f6f6d0ae4e5c41068d87474644f79868-27001.npz,0,20,5,0.0,0.7296026073108404,0.7297281622886658,1.0,45.54462432861328,49.39865493774414,8.0246000289917,8.7049560546875,2.383446455001831,4.098222732543945,2.5581507682800293,5.438789367675781,2.9893176555633545,1.2037585973739624,3.506272554397583,2.969507932662964
atari_krull,logs/models/from_scratch_atari_krull_vta_3seed_to_400000_20260208_112207/atari_krull_seed2,logs/models/from_scratch_atari_krull_vta_3seed_to_400000_20260208_112207/atari_krull_seed2/checkpoints/step-000012500.pt,logs/models/from_scratch_atari_krull_vta_3seed_to_400000_20260208_112207/atari_krull_seed2/eval_eps/20260209T064250-f6f6d0ae4e5c41068d87474644f79868-27001.npz,0,20,5,0.0,0.005259064479093367,0.005244914907962084,0.00026056799106299877,99.50887298583984,39.807376861572266,25.52748680114746,15.450979232788086,1.265506386756897,10.714322090148926,0.025160539895296097,11.529305458068848,3.8760604858398438,8.70301628112793,4.817975997924805,9.284131050109863
atari_krull,logs/models/from_scratch_atari_krull_vta_3seed_to_400000_20260208_112207/atari_krull_seed2,logs/models/from_scratch_atari_krull_vta_3seed_to_400000_20260208_112207/atari_krull_seed2/checkpoints/step-000018750.pt,logs/models/from_scratch_atari_krull_vta_3seed_to_400000_20260208_112207/atari_krull_seed2/eval_eps/20260209T064250-f6f6d0ae4e5c41068d87474644f79868-27001.npz,0,20,5,0.0,0.005703492463242102,0.005736814346164465,1.9661918486235663e-05,190.474853515625,83.7048110961914,25.180002212524414,17.45624351501465,1.4103034734725952,11.396463394165039,0.02659788727760315,12.079657554626465,3.963733434677124,8.266643524169922,4.693744659423828,8.925533294677734
atari_krull,logs/models/from_scratch_atari_krull_vta_3seed_to_400000_20260208_112207/atari_krull_seed2,logs/models/from_scratch_atari_krull_vta_3seed_to_400000_20260208_112207/atari_krull_seed2/checkpoints/step-000025000.pt,logs/models/from_scratch_atari_krull_vta_3seed_to_400000_20260208_112207/atari_krull_seed2/eval_eps/20260209T064250-f6f6d0ae4e5c41068d87474644f79868-27001.npz,0,20,5,0.0,0.004740565164253176,0.004728563595563173,1.4666729839518666e-05,241.67852783203125,108.56314849853516,30.55479621887207,24.341463088989258,1.5044195652008057,10.906574249267578,0.02078094333410263,11.479175567626953,4.450103282928467,8.741849899291992,4.417995452880859,9.2393798828125
atari_krull,logs/models/from_scratch_atari_krull_vta_3seed_to_400000_20260208_112207/atari_krull_seed2,logs/models/from_scratch_atari_krull_vta_3seed_to_400000_20260208_112207/atari_krull_seed2/checkpoints/step-000031250.pt,logs/models/from_scratch_atari_krull_vta_3seed_to_400000_20260208_112207/atari_krull_seed2/eval_eps/20260209T064250-f6f6d0ae4e5c41068d87474644f79868-27001.npz,0,20,5,0.0,0.004814636494944632,0.004816100932657719,1.2078483450750355e-05,202.9015350341797,89.86238861083984,27.204484939575195,20.370447158813477,1.6198171377182007,10.050271034240723,0.020994897931814194,10.636773109436035,4.388614177703857,8.69178295135498,4.394280433654785,9.148317337036133
atari_krull,logs/models/from_scratch_atari_krull_vta_3seed_to_400000_20260208_112207/atari_krull_seed2,logs/models/from_scratch_atari_krull_vta_3seed_to_400000_20260208_112207/atari_krull_seed2/checkpoints/step-000037500.pt,logs/models/from_scratch_atari_krull_vta_3seed_to_400000_20260208_112207/atari_krull_seed2/eval_eps/20260209T064250-f6f6d0ae4e5c41068d87474644f79868-27001.npz,0,20,5,0.0,0.004703529498907448,0.004739236552268267,3.3394501315342495e-06,204.49749755859375,84.02387237548828,34.11668014526367,29.73501205444336,1.6346360445022583,9.270842552185059,0.020985374227166176,9.803620338439941,4.3284502029418945,8.422382354736328,4.496865272521973,8.875575065612793
atari_krull,logs/models/from_scratch_atari_krull_vta_3seed_to_400000_20260208_112207/atari_krull_seed2,logs/models/from_scratch_atari_krull_vta_3seed_to_400000_20260208_112207/atari_krull_seed2/checkpoints/step-000043750.pt,logs/models/from_scratch_atari_krull_vta_3seed_to_400000_20260208_112207/atari_krull_seed2/eval_eps/20260209T064250-f6f6d0ae4e5c41068d87474644f79868-27001.npz,0,20,5,0.0,0.004036887522684345,0.0039526610635221004,1.2769837631765313e-08,221.83534240722656,89.05831909179688,37.47074508666992,34.090152740478516,1.6884467601776123,8.870648384094238,0.017277445644140244,9.364219665527344,4.640031814575195,8.763810157775879,4.319361209869385,9.155488967895508
atari_krull,logs/models/from_scratch_atari_krull_vta_3seed_to_400000_20260208_112207/atari_krull_seed2,logs/models/from_scratch_atari_krull_vta_3seed_to_400000_20260208_112207/atari_krull_seed2/checkpoints/step-000050000.pt,logs/models/from_scratch_atari_krull_vta_3seed_to_400000_20260208_112207/atari_krull_seed2/eval_eps/20260209T064250-f6f6d0ae4e5c41068d87474644f79868-27001.npz,0,20,5,0.0,0.0037406021999185214,0.0037209128495305777,1.4023740959601128e-06,159.1953582763672,81.81202697753906,35.585609436035156,34.429649353027344,1.7739245891571045,8.594924926757812,0.016727479174733162,9.093835830688477,5.116942882537842,8.644122123718262,4.516418933868408,9.030871391296387
atari_krull,logs/models/from_scratch_atari_krull_vta_3seed_to_400000_20260208_112207/atari_krull_seed2,logs/models/from_scratch_atari_krull_vta_3seed_to_400000_20260208_112207/atari_krull_seed2/checkpoints/step-000056250.pt,logs/models/from_scratch_atari_krull_vta_3seed_to_400000_20260208_112207/atari_krull_seed2/eval_eps/20260209T064250-f6f6d0ae4e5c41068d87474644f79868-27001.npz,0,20,5,0.0,0.0048516721602903596,0.004912831820547581,1.1776324981838115e-06,190.33914184570312,98.71363067626953,38.242549896240234,33.15477752685547,1.803346037864685,8.493887901306152,0.023429231718182564,8.924026489257812,4.657468795776367,7.769501209259033,4.828926086425781,8.176992416381836
atari_krull,logs/models/from_scratch_atari_krull_vta_3seed_to_400000_20260208_112207/atari_krull_seed2,logs/models/from_scratch_atari_krull_vta_3seed_to_400000_20260208_112207/atari_krull_seed2/checkpoints/step-000062500.pt,logs/models/from_scratch_atari_krull_vta_3seed_to_400000_20260208_112207/atari_krull_seed2/eval_eps/20260209T064250-f6f6d0ae4e5c41068d87474644f79868-27001.npz,0,20,5,0.0,0.005518314136513463,0.005624738056212664,7.298994023585692e-05,198.5625457763672,107.149169921875,37.24256896972656,29.826431274414062,1.8985153436660767,8.45986270904541,0.0311081912368536,8.862298965454102,5.125452041625977,7.810762405395508,5.637055397033691,8.155442237854004
atari_krull,logs/models/from_scratch_atari_krull_vta_3seed_to_400000_20260208_112207/atari_krull_seed2,logs/models/from_scratch_atari_krull_vta_3seed_to_400000_20260208_112207/atari_krull_seed2/checkpoints/step-000068750.pt,logs/models/from_scratch_atari_krull_vta_3seed_to_400000_20260208_112207/atari_krull_seed2/eval_eps/20260209T064250-f6f6d0ae4e5c41068d87474644f79868-27001.npz,0,20,5,0.0,0.0037406021999185214,0.003802610095590353,6.163529633340659e-06,207.97140502929688,109.23762512207031,62.33077621459961,77.47589111328125,1.8463696241378784,8.015949249267578,0.02003229595720768,8.390336036682129,4.863616466522217,7.816028594970703,5.355168342590332,8.168900489807129
atari_krull,logs/models/from_scratch_atari_krull_vta_3seed_to_400000_20260208_112207/atari_krull_seed2,logs/models/from_scratch_atari_krull_vta_3seed_to_400000_20260208_112207/atari_krull_seed2/checkpoints/step-000075000.pt,logs/models/from_scratch_atari_krull_vta_3seed_to_400000_20260208_112207/atari_krull_seed2/eval_eps/20260209T064250-f6f6d0ae4e5c41068d87474644f79868-27001.npz,0,20,5,0.0,0.005036850487019,0.005082163959741592,2.0368015611893497e-06,167.92811584472656,87.8469467163086,35.35895919799805,36.39582443237305,1.872889757156372,8.06619930267334,0.02602270059287548,8.504758834838867,4.409738063812256,7.35883903503418,5.166271209716797,7.830324172973633
atari_krull,logs/models/from_scratch_atari_krull_vta_3seed_to_400000_20260208_112207/atari_krull_seed2,logs/models/from_scratch_atari_krull_vta_3seed_to_400000_20260208_112207/atari_krull_seed2/checkpoints/step-000081250.pt,logs/models/from_scratch_atari_krull_vta_3seed_to_400000_20260208_112207/atari_krull_seed2/eval_eps/20260209T064250-f6f6d0ae4e5c41068d87474644f79868-27001.npz,0,20,5,0.0,0.005851635124625014,0.0059020076878368855,4.1227522729059274e-07,170.603271484375,92.19383239746094,41.549373626708984,40.555580139160156,1.9282292127609253,7.8422956466674805,0.03218696638941765,8.239753723144531,4.132757663726807,7.095218658447266,5.500304222106934,7.536570072174072
atari_krull,logs/models/from_scratch_atari_krull_vta_3seed_to_400000_20260208_112207/atari_krull_seed2,logs/models/from_scratch_atari_krull_vta_3seed_to_400000_20260208_112207/atari_krull_seed2/checkpoints/step-000087500.pt,logs/models/from_scratch_atari_krull_vta_3seed_to_400000_20260208_112207/atari_krull_seed2/eval_eps/20260209T064250-f6f6d0ae4e5c41068d87474644f79868-27001.npz,0,20,5,0.0,0.004444279841487353,0.004451592452824116,3.2542983863237396e-09,129.6847381591797,79.04783630371094,42.69055938720703,48.727447509765625,1.9003304243087769,7.819562911987305,0.023740682750940323,8.211179733276367,4.805532932281494,7.498109817504883,5.341653347015381,7.908850193023682
atari_krull,logs/models/from_scratch_atari_krull_vta_3seed_to_400000_20260208_112207/atari_krull_seed2,logs/models/from_scratch_atari_krull_vta_3seed_to_400000_20260208_112207/atari_krull_seed2/checkpoints/step-000093750.pt,logs/models/from_scratch_atari_krull_vta_3seed_to_400000_20260208_112207/atari_krull_seed2/eval_eps/20260209T064250-f6f6d0ae4e5c41068d87474644f79868-27001.npz,0,20,5,0.0,0.0032591385504240583,0.0032817497849464417,2.9735772871797295e-11,105.15945434570312,77.19003295898438,53.541282653808594,73.3062515258789,2.107814311981201,7.663877964019775,0.020725538954138756,8.087183952331543,4.344831943511963,6.906351089477539,6.358972549438477,7.433282852172852
atari_krull,logs/models/from_scratch_atari_krull_vta_3seed_to_400000_20260208_112207/atari_krull_seed2,logs/models/from_scratch_atari_krull_vta_3seed_to_400000_20260208_112207/atari_krull_seed2/checkpoints/step-000100000.pt,logs/models/from_scratch_atari_krull_vta_3seed_to_400000_20260208_112207/atari_krull_seed2/eval_eps/20260209T064250-f6f6d0ae4e5c41068d87474644f79868-27001.npz,0,20,5,0.0,0.004518351172178808,0.004605303984135389,5.571415044869354e-07,118.2486572265625,84.412109375,31.820627212524414,29.285917282104492,1.9086706638336182,7.765090465545654,0.022266142070293427,8.230534553527832,5.298098564147949,7.924906253814697,4.927752494812012,8.218168258666992
atari_krull,logs/models/from_scratch_atari_krull_vta_3seed_to_400000_20260208_112207/atari_krull_seed2,logs/models/from_scratch_atari_krull_vta_3seed_to_400000_20260208_112207/atari_krull_seed2/latest.pt,logs/models/from_scratch_atari_krull_vta_3seed_to_400000_20260208_112207/atari_krull_seed2/eval_eps/20260209T064250-f6f6d0ae4e5c41068d87474644f79868-27001.npz,0,20,5,0.0,0.004444279841487353,0.004438317846506834,6.189986834215233e-07,127.92670440673828,91.8930435180664,32.958614349365234,31.20412254333496,1.8900156021118164,7.746071815490723,0.021107971668243408,8.188346862792969,5.275629997253418,8.1259183883667,4.749293327331543,8.393213272094727
