ckpt,metric,offset,value
step-000006250.pt,abs_kl,-10,100.73473358154297
step-000006250.pt,abs_kl,-9,100.60831451416016
step-000006250.pt,abs_kl,-8,99.9149398803711
step-000006250.pt,abs_kl,-7,98.95958709716797
step-000006250.pt,abs_kl,-6,98.1019058227539
step-000006250.pt,abs_kl,-5,98.07622528076172
step-000006250.pt,abs_kl,-4,99.29084777832031
step-000006250.pt,abs_kl,-3,100.54464721679688
step-000006250.pt,abs_kl,-2,100.13349914550781
step-000006250.pt,abs_kl,-1,91.8010482788086
step-000006250.pt,abs_kl,0,76.6075439453125
step-000006250.pt,abs_kl,1,77.7698745727539
step-000006250.pt,abs_kl,2,75.96791076660156
step-000006250.pt,abs_kl,3,77.85960388183594
step-000006250.pt,abs_kl,4,77.73370361328125
step-000006250.pt,abs_kl,5,79.28461456298828
step-000006250.pt,abs_kl,6,80.91618347167969
step-000006250.pt,abs_kl,7,77.4476089477539
step-000006250.pt,abs_kl,8,76.22418975830078
step-000006250.pt,abs_kl,9,77.43025207519531
step-000006250.pt,abs_kl,10,78.70359802246094
step-000006250.pt,obs_kl,-10,24.71177864074707
step-000006250.pt,obs_kl,-9,21.765302658081055
step-000006250.pt,obs_kl,-8,22.552017211914062
step-000006250.pt,obs_kl,-7,23.42769432067871
step-000006250.pt,obs_kl,-6,23.893877029418945
step-000006250.pt,obs_kl,-5,21.495420455932617
step-000006250.pt,obs_kl,-4,21.022994995117188
step-000006250.pt,obs_kl,-3,21.71700096130371
step-000006250.pt,obs_kl,-2,22.343063354492188
step-000006250.pt,obs_kl,-1,25.242448806762695
step-000006250.pt,obs_kl,0,30.39322280883789
step-000006250.pt,obs_kl,1,24.179658889770508
step-000006250.pt,obs_kl,2,22.656511306762695
step-000006250.pt,obs_kl,3,18.782121658325195
step-000006250.pt,obs_kl,4,20.93217658996582
step-000006250.pt,obs_kl,5,22.882381439208984
step-000006250.pt,obs_kl,6,22.094362258911133
step-000006250.pt,obs_kl,7,20.250070571899414
step-000006250.pt,obs_kl,8,18.709461212158203
step-000006250.pt,obs_kl,9,21.18609046936035
step-000006250.pt,obs_kl,10,21.34498405456543
step-000006250.pt,abs_pred_err,-10,5.517632961273193
step-000006250.pt,abs_pred_err,-9,5.538538455963135
step-000006250.pt,abs_pred_err,-8,5.519863128662109
step-000006250.pt,abs_pred_err,-7,5.4707794189453125
step-000006250.pt,abs_pred_err,-6,5.448878765106201
step-000006250.pt,abs_pred_err,-5,5.425893306732178
step-000006250.pt,abs_pred_err,-4,5.477623462677002
step-000006250.pt,abs_pred_err,-3,5.526043891906738
step-000006250.pt,abs_pred_err,-2,5.526915073394775
step-000006250.pt,abs_pred_err,-1,5.106255531311035
step-000006250.pt,abs_pred_err,0,4.916858673095703
step-000006250.pt,abs_pred_err,1,5.049014091491699
step-000006250.pt,abs_pred_err,2,4.985459804534912
step-000006250.pt,abs_pred_err,3,4.917314529418945
step-000006250.pt,abs_pred_err,4,4.942522048950195
step-000006250.pt,abs_pred_err,5,4.976525783538818
step-000006250.pt,abs_pred_err,6,4.969163417816162
step-000006250.pt,abs_pred_err,7,4.934296607971191
step-000006250.pt,abs_pred_err,8,4.89172887802124
step-000006250.pt,abs_pred_err,9,4.857273578643799
step-000006250.pt,abs_pred_err,10,4.925090789794922
step-000006250.pt,obs_pred_err,-10,3.791499137878418
step-000006250.pt,obs_pred_err,-9,3.6355843544006348
step-000006250.pt,obs_pred_err,-8,3.816662311553955
step-000006250.pt,obs_pred_err,-7,3.873697519302368
step-000006250.pt,obs_pred_err,-6,3.90765380859375
step-000006250.pt,obs_pred_err,-5,3.5392143726348877
step-000006250.pt,obs_pred_err,-4,3.5430712699890137
step-000006250.pt,obs_pred_err,-3,3.8624355792999268
step-000006250.pt,obs_pred_err,-2,3.7638370990753174
step-000006250.pt,obs_pred_err,-1,3.996659517288208
step-000006250.pt,obs_pred_err,0,5.310603618621826
step-000006250.pt,obs_pred_err,1,4.926740646362305
step-000006250.pt,obs_pred_err,2,3.0577237606048584
step-000006250.pt,obs_pred_err,3,3.7359395027160645
step-000006250.pt,obs_pred_err,4,3.3226664066314697
step-000006250.pt,obs_pred_err,5,4.2497639656066895
step-000006250.pt,obs_pred_err,6,3.1786551475524902
step-000006250.pt,obs_pred_err,7,3.8918447494506836
step-000006250.pt,obs_pred_err,8,3.1180667877197266
step-000006250.pt,obs_pred_err,9,4.421885013580322
step-000006250.pt,obs_pred_err,10,3.611002206802368
step-000012500.pt,abs_kl,-10,260.1748962402344
step-000012500.pt,abs_kl,-9,259.224853515625
step-000012500.pt,abs_kl,-8,261.6055908203125
step-000012500.pt,abs_kl,-7,263.13909912109375
step-000012500.pt,abs_kl,-6,260.08721923828125
step-000012500.pt,abs_kl,-5,259.6976623535156
step-000012500.pt,abs_kl,-4,262.525634765625
step-000012500.pt,abs_kl,-3,262.3285217285156
step-000012500.pt,abs_kl,-2,258.8020324707031
step-000012500.pt,abs_kl,-1,232.43997192382812
step-000012500.pt,abs_kl,0,217.23268127441406
step-000012500.pt,abs_kl,1,211.02845764160156
step-000012500.pt,abs_kl,2,207.3089599609375
step-000012500.pt,abs_kl,3,219.26260375976562
step-000012500.pt,abs_kl,4,227.74307250976562
step-000012500.pt,abs_kl,5,225.13067626953125
step-000012500.pt,abs_kl,6,225.07864379882812
step-000012500.pt,abs_kl,7,223.0324249267578
step-000012500.pt,abs_kl,8,224.26486206054688
step-000012500.pt,abs_kl,9,228.34519958496094
step-000012500.pt,abs_kl,10,234.91416931152344
step-000012500.pt,obs_kl,-10,18.435470581054688
step-000012500.pt,obs_kl,-9,17.525659561157227
step-000012500.pt,obs_kl,-8,18.890792846679688
step-000012500.pt,obs_kl,-7,19.097694396972656
step-000012500.pt,obs_kl,-6,19.055086135864258
step-000012500.pt,obs_kl,-5,17.28243064880371
step-000012500.pt,obs_kl,-4,16.805681228637695
step-000012500.pt,obs_kl,-3,16.322444915771484
step-000012500.pt,obs_kl,-2,15.996007919311523
step-000012500.pt,obs_kl,-1,22.148237228393555
step-000012500.pt,obs_kl,0,43.997901916503906
step-000012500.pt,obs_kl,1,32.45529556274414
step-000012500.pt,obs_kl,2,23.88486671447754
step-000012500.pt,obs_kl,3,19.610837936401367
step-000012500.pt,obs_kl,4,19.62684440612793
step-000012500.pt,obs_kl,5,20.475284576416016
step-000012500.pt,obs_kl,6,19.793853759765625
step-000012500.pt,obs_kl,7,19.175460815429688
step-000012500.pt,obs_kl,8,19.33194923400879
step-000012500.pt,obs_kl,9,19.504056930541992
step-000012500.pt,obs_kl,10,18.964693069458008
step-000012500.pt,abs_pred_err,-10,6.196993827819824
step-000012500.pt,abs_pred_err,-9,6.2011260986328125
step-000012500.pt,abs_pred_err,-8,6.215210437774658
step-000012500.pt,abs_pred_err,-7,6.216345310211182
step-000012500.pt,abs_pred_err,-6,6.196219444274902
step-000012500.pt,abs_pred_err,-5,6.166591167449951
step-000012500.pt,abs_pred_err,-4,6.1883463859558105
step-000012500.pt,abs_pred_err,-3,6.209725856781006
step-000012500.pt,abs_pred_err,-2,6.187802314758301
step-000012500.pt,abs_pred_err,-1,5.761823654174805
step-000012500.pt,abs_pred_err,0,5.635213851928711
step-000012500.pt,abs_pred_err,1,5.664924621582031
step-000012500.pt,abs_pred_err,2,5.558484077453613
step-000012500.pt,abs_pred_err,3,5.6181721687316895
step-000012500.pt,abs_pred_err,4,5.696297645568848
step-000012500.pt,abs_pred_err,5,5.66980504989624
step-000012500.pt,abs_pred_err,6,5.705034255981445
step-000012500.pt,abs_pred_err,7,5.699267864227295
step-000012500.pt,abs_pred_err,8,5.725409984588623
step-000012500.pt,abs_pred_err,9,5.717869281768799
step-000012500.pt,abs_pred_err,10,5.8285112380981445
step-000012500.pt,obs_pred_err,-10,4.591979503631592
step-000012500.pt,obs_pred_err,-9,4.575552463531494
step-000012500.pt,obs_pred_err,-8,4.413449764251709
step-000012500.pt,obs_pred_err,-7,4.240421772003174
step-000012500.pt,obs_pred_err,-6,3.864036798477173
step-000012500.pt,obs_pred_err,-5,3.253901243209839
step-000012500.pt,obs_pred_err,-4,3.531473159790039
step-000012500.pt,obs_pred_err,-3,3.595789670944214
step-000012500.pt,obs_pred_err,-2,3.353886365890503
step-000012500.pt,obs_pred_err,-1,3.9770467281341553
step-000012500.pt,obs_pred_err,0,8.446758270263672
step-000012500.pt,obs_pred_err,1,5.476407527923584
step-000012500.pt,obs_pred_err,2,4.027266502380371
step-000012500.pt,obs_pred_err,3,3.799234628677368
step-000012500.pt,obs_pred_err,4,4.067807197570801
step-000012500.pt,obs_pred_err,5,4.9967780113220215
step-000012500.pt,obs_pred_err,6,4.395895481109619
step-000012500.pt,obs_pred_err,7,4.482702732086182
step-000012500.pt,obs_pred_err,8,4.750957012176514
step-000012500.pt,obs_pred_err,9,5.79857873916626
step-000012500.pt,obs_pred_err,10,5.778548240661621
step-000018750.pt,abs_kl,-10,387.5652770996094
step-000018750.pt,abs_kl,-9,389.4771423339844
step-000018750.pt,abs_kl,-8,394.28863525390625
step-000018750.pt,abs_kl,-7,395.27667236328125
step-000018750.pt,abs_kl,-6,397.4503479003906
step-000018750.pt,abs_kl,-5,399.43585205078125
step-000018750.pt,abs_kl,-4,400.4745788574219
step-000018750.pt,abs_kl,-3,396.03155517578125
step-000018750.pt,abs_kl,-2,390.7167053222656
step-000018750.pt,abs_kl,-1,368.5181579589844
step-000018750.pt,abs_kl,0,360.5391540527344
step-000018750.pt,abs_kl,1,332.7286682128906
step-000018750.pt,abs_kl,2,324.4023742675781
step-000018750.pt,abs_kl,3,342.7767639160156
step-000018750.pt,abs_kl,4,356.7422180175781
step-000018750.pt,abs_kl,5,338.9149169921875
step-000018750.pt,abs_kl,6,347.85101318359375
step-000018750.pt,abs_kl,7,339.375
step-000018750.pt,abs_kl,8,352.2391662597656
step-000018750.pt,abs_kl,9,343.19183349609375
step-000018750.pt,abs_kl,10,357.60003662109375
step-000018750.pt,obs_kl,-10,19.604326248168945
step-000018750.pt,obs_kl,-9,18.441591262817383
step-000018750.pt,obs_kl,-8,20.177804946899414
step-000018750.pt,obs_kl,-7,20.61695098876953
step-000018750.pt,obs_kl,-6,20.1651668548584
step-000018750.pt,obs_kl,-5,19.161376953125
step-000018750.pt,obs_kl,-4,21.52231788635254
step-000018750.pt,obs_kl,-3,20.764005661010742
step-000018750.pt,obs_kl,-2,18.960464477539062
step-000018750.pt,obs_kl,-1,21.983842849731445
step-000018750.pt,obs_kl,0,48.15974426269531
step-000018750.pt,obs_kl,1,34.27662658691406
step-000018750.pt,obs_kl,2,27.01213836669922
step-000018750.pt,obs_kl,3,22.618619918823242
step-000018750.pt,obs_kl,4,23.810754776000977
step-000018750.pt,obs_kl,5,24.016277313232422
step-000018750.pt,obs_kl,6,23.113252639770508
step-000018750.pt,obs_kl,7,22.904428482055664
step-000018750.pt,obs_kl,8,22.909868240356445
step-000018750.pt,obs_kl,9,20.482622146606445
step-000018750.pt,obs_kl,10,19.318235397338867
step-000018750.pt,abs_pred_err,-10,5.918490409851074
step-000018750.pt,abs_pred_err,-9,5.932204246520996
step-000018750.pt,abs_pred_err,-8,5.978614330291748
step-000018750.pt,abs_pred_err,-7,5.98365592956543
step-000018750.pt,abs_pred_err,-6,6.001049518585205
step-000018750.pt,abs_pred_err,-5,6.007978439331055
step-000018750.pt,abs_pred_err,-4,6.012678623199463
step-000018750.pt,abs_pred_err,-3,5.982316493988037
step-000018750.pt,abs_pred_err,-2,5.955977439880371
step-000018750.pt,abs_pred_err,-1,5.704877853393555
step-000018750.pt,abs_pred_err,0,5.672194004058838
step-000018750.pt,abs_pred_err,1,5.567326545715332
step-000018750.pt,abs_pred_err,2,5.4621052742004395
step-000018750.pt,abs_pred_err,3,5.596240520477295
step-000018750.pt,abs_pred_err,4,5.677971363067627
step-000018750.pt,abs_pred_err,5,5.514633655548096
step-000018750.pt,abs_pred_err,6,5.5789666175842285
step-000018750.pt,abs_pred_err,7,5.53602933883667
step-000018750.pt,abs_pred_err,8,5.604526519775391
step-000018750.pt,abs_pred_err,9,5.593135356903076
step-000018750.pt,abs_pred_err,10,5.622878074645996
step-000018750.pt,obs_pred_err,-10,4.857645034790039
step-000018750.pt,obs_pred_err,-9,4.765658378601074
step-000018750.pt,obs_pred_err,-8,4.8040289878845215
step-000018750.pt,obs_pred_err,-7,4.55390739440918
step-000018750.pt,obs_pred_err,-6,4.1197943687438965
step-000018750.pt,obs_pred_err,-5,3.605304718017578
step-000018750.pt,obs_pred_err,-4,3.882955551147461
step-000018750.pt,obs_pred_err,-3,3.68906831741333
step-000018750.pt,obs_pred_err,-2,3.364459991455078
step-000018750.pt,obs_pred_err,-1,3.935232162475586
step-000018750.pt,obs_pred_err,0,8.381319046020508
step-000018750.pt,obs_pred_err,1,5.136878967285156
step-000018750.pt,obs_pred_err,2,4.447032451629639
step-000018750.pt,obs_pred_err,3,4.082831859588623
step-000018750.pt,obs_pred_err,4,4.477625370025635
step-000018750.pt,obs_pred_err,5,4.937580585479736
step-000018750.pt,obs_pred_err,6,4.463371276855469
step-000018750.pt,obs_pred_err,7,4.804627895355225
step-000018750.pt,obs_pred_err,8,5.529388427734375
step-000018750.pt,obs_pred_err,9,6.580909729003906
step-000018750.pt,obs_pred_err,10,6.324657917022705
step-000025000.pt,abs_kl,-10,497.0573425292969
step-000025000.pt,abs_kl,-9,498.07794189453125
step-000025000.pt,abs_kl,-8,496.9395446777344
step-000025000.pt,abs_kl,-7,493.1395568847656
step-000025000.pt,abs_kl,-6,496.94891357421875
step-000025000.pt,abs_kl,-5,496.7609558105469
step-000025000.pt,abs_kl,-4,499.2940368652344
step-000025000.pt,abs_kl,-3,500.2813415527344
step-000025000.pt,abs_kl,-2,497.35723876953125
step-000025000.pt,abs_kl,-1,485.92462158203125
step-000025000.pt,abs_kl,0,480.63214111328125
step-000025000.pt,abs_kl,1,471.2150573730469
step-000025000.pt,abs_kl,2,434.4493713378906
step-000025000.pt,abs_kl,3,449.168701171875
step-000025000.pt,abs_kl,4,468.63360595703125
step-000025000.pt,abs_kl,5,453.70770263671875
step-000025000.pt,abs_kl,6,464.4128723144531
step-000025000.pt,abs_kl,7,447.8457946777344
step-000025000.pt,abs_kl,8,466.9258117675781
step-000025000.pt,abs_kl,9,456.0067138671875
step-000025000.pt,abs_kl,10,474.6085510253906
step-000025000.pt,obs_kl,-10,21.167930603027344
step-000025000.pt,obs_kl,-9,19.891321182250977
step-000025000.pt,obs_kl,-8,21.638774871826172
step-000025000.pt,obs_kl,-7,21.42186737060547
step-000025000.pt,obs_kl,-6,22.744060516357422
step-000025000.pt,obs_kl,-5,19.958045959472656
step-000025000.pt,obs_kl,-4,20.754695892333984
step-000025000.pt,obs_kl,-3,21.473838806152344
step-000025000.pt,obs_kl,-2,19.227357864379883
step-000025000.pt,obs_kl,-1,19.734750747680664
step-000025000.pt,obs_kl,0,54.489295959472656
step-000025000.pt,obs_kl,1,47.40904235839844
step-000025000.pt,obs_kl,2,35.34028625488281
step-000025000.pt,obs_kl,3,27.356353759765625
step-000025000.pt,obs_kl,4,27.17888832092285
step-000025000.pt,obs_kl,5,28.23540687561035
step-000025000.pt,obs_kl,6,25.175230026245117
step-000025000.pt,obs_kl,7,22.90901756286621
step-000025000.pt,obs_kl,8,25.26806640625
step-000025000.pt,obs_kl,9,22.60973358154297
step-000025000.pt,obs_kl,10,22.290878295898438
step-000025000.pt,abs_pred_err,-10,5.3371171951293945
step-000025000.pt,abs_pred_err,-9,5.349392414093018
step-000025000.pt,abs_pred_err,-8,5.352554798126221
step-000025000.pt,abs_pred_err,-7,5.316009044647217
step-000025000.pt,abs_pred_err,-6,5.341230392456055
step-000025000.pt,abs_pred_err,-5,5.3305888175964355
step-000025000.pt,abs_pred_err,-4,5.342200756072998
step-000025000.pt,abs_pred_err,-3,5.349410533905029
step-000025000.pt,abs_pred_err,-2,5.348515033721924
step-000025000.pt,abs_pred_err,-1,5.283407211303711
step-000025000.pt,abs_pred_err,0,5.294269561767578
step-000025000.pt,abs_pred_err,1,5.256095886230469
step-000025000.pt,abs_pred_err,2,5.065151214599609
step-000025000.pt,abs_pred_err,3,5.161650657653809
step-000025000.pt,abs_pred_err,4,5.2857770919799805
step-000025000.pt,abs_pred_err,5,5.155759334564209
step-000025000.pt,abs_pred_err,6,5.2166619300842285
step-000025000.pt,abs_pred_err,7,5.124679088592529
step-000025000.pt,abs_pred_err,8,5.194142818450928
step-000025000.pt,abs_pred_err,9,5.157221794128418
step-000025000.pt,abs_pred_err,10,5.196686267852783
step-000025000.pt,obs_pred_err,-10,5.4938764572143555
step-000025000.pt,obs_pred_err,-9,5.2820353507995605
step-000025000.pt,obs_pred_err,-8,5.1910200119018555
step-000025000.pt,obs_pred_err,-7,4.97257661819458
step-000025000.pt,obs_pred_err,-6,4.483900547027588
step-000025000.pt,obs_pred_err,-5,3.5683815479278564
step-000025000.pt,obs_pred_err,-4,3.679342031478882
step-000025000.pt,obs_pred_err,-3,3.667370080947876
step-000025000.pt,obs_pred_err,-2,3.4631340503692627
step-000025000.pt,obs_pred_err,-1,3.46417236328125
step-000025000.pt,obs_pred_err,0,7.2682719230651855
step-000025000.pt,obs_pred_err,1,5.1214470863342285
step-000025000.pt,obs_pred_err,2,4.235557556152344
step-000025000.pt,obs_pred_err,3,4.004421234130859
step-000025000.pt,obs_pred_err,4,4.531217575073242
step-000025000.pt,obs_pred_err,5,4.887589931488037
step-000025000.pt,obs_pred_err,6,4.002160549163818
step-000025000.pt,obs_pred_err,7,4.267975330352783
step-000025000.pt,obs_pred_err,8,5.516623497009277
step-000025000.pt,obs_pred_err,9,6.536336898803711
step-000025000.pt,obs_pred_err,10,6.1634087562561035
step-000031250.pt,abs_kl,-10,238.38323974609375
step-000031250.pt,abs_kl,-9,238.73681640625
step-000031250.pt,abs_kl,-8,240.71841430664062
step-000031250.pt,abs_kl,-7,246.07086181640625
step-000031250.pt,abs_kl,-6,251.6345977783203
step-000031250.pt,abs_kl,-5,251.04295349121094
step-000031250.pt,abs_kl,-4,250.40597534179688
step-000031250.pt,abs_kl,-3,247.542236328125
step-000031250.pt,abs_kl,-2,244.33132934570312
step-000031250.pt,abs_kl,-1,241.16383361816406
step-000031250.pt,abs_kl,0,238.39752197265625
step-000031250.pt,abs_kl,1,240.8617401123047
step-000031250.pt,abs_kl,2,218.57440185546875
step-000031250.pt,abs_kl,3,228.72097778320312
step-000031250.pt,abs_kl,4,234.3760223388672
step-000031250.pt,abs_kl,5,235.32301330566406
step-000031250.pt,abs_kl,6,225.57339477539062
step-000031250.pt,abs_kl,7,224.53213500976562
step-000031250.pt,abs_kl,8,231.098388671875
step-000031250.pt,abs_kl,9,225.92433166503906
step-000031250.pt,abs_kl,10,238.66419982910156
step-000031250.pt,obs_kl,-10,26.505020141601562
step-000031250.pt,obs_kl,-9,26.147695541381836
step-000031250.pt,obs_kl,-8,27.569604873657227
step-000031250.pt,obs_kl,-7,26.229663848876953
step-000031250.pt,obs_kl,-6,25.60087776184082
step-000031250.pt,obs_kl,-5,23.40546417236328
step-000031250.pt,obs_kl,-4,23.702983856201172
step-000031250.pt,obs_kl,-3,24.02824592590332
step-000031250.pt,obs_kl,-2,22.69270896911621
step-000031250.pt,obs_kl,-1,23.72748565673828
step-000031250.pt,obs_kl,0,59.02811050415039
step-000031250.pt,obs_kl,1,66.06393432617188
step-000031250.pt,obs_kl,2,49.1894416809082
step-000031250.pt,obs_kl,3,36.184696197509766
step-000031250.pt,obs_kl,4,35.23417282104492
step-000031250.pt,obs_kl,5,36.010902404785156
step-000031250.pt,obs_kl,6,35.348609924316406
step-000031250.pt,obs_kl,7,31.074003219604492
step-000031250.pt,obs_kl,8,32.614524841308594
step-000031250.pt,obs_kl,9,30.765966415405273
step-000031250.pt,obs_kl,10,27.929956436157227
step-000031250.pt,abs_pred_err,-10,5.404347896575928
step-000031250.pt,abs_pred_err,-9,5.401485919952393
step-000031250.pt,abs_pred_err,-8,5.432985305786133
step-000031250.pt,abs_pred_err,-7,5.470751762390137
step-000031250.pt,abs_pred_err,-6,5.530180931091309
step-000031250.pt,abs_pred_err,-5,5.544539451599121
step-000031250.pt,abs_pred_err,-4,5.541940212249756
step-000031250.pt,abs_pred_err,-3,5.503798961639404
step-000031250.pt,abs_pred_err,-2,5.481746196746826
step-000031250.pt,abs_pred_err,-1,5.40548849105835
step-000031250.pt,abs_pred_err,0,5.492514610290527
step-000031250.pt,abs_pred_err,1,5.484644889831543
step-000031250.pt,abs_pred_err,2,5.237476825714111
step-000031250.pt,abs_pred_err,3,5.351406574249268
step-000031250.pt,abs_pred_err,4,5.53026008605957
step-000031250.pt,abs_pred_err,5,5.493676662445068
step-000031250.pt,abs_pred_err,6,5.429380416870117
step-000031250.pt,abs_pred_err,7,5.330961227416992
step-000031250.pt,abs_pred_err,8,5.372105598449707
step-000031250.pt,abs_pred_err,9,5.354928016662598
step-000031250.pt,abs_pred_err,10,5.409733772277832
step-000031250.pt,obs_pred_err,-10,5.544351577758789
step-000031250.pt,obs_pred_err,-9,5.227480411529541
step-000031250.pt,obs_pred_err,-8,5.062625885009766
step-000031250.pt,obs_pred_err,-7,4.8940629959106445
step-000031250.pt,obs_pred_err,-6,4.379602432250977
step-000031250.pt,obs_pred_err,-5,3.5415008068084717
step-000031250.pt,obs_pred_err,-4,3.6604204177856445
step-000031250.pt,obs_pred_err,-3,3.6001768112182617
step-000031250.pt,obs_pred_err,-2,3.4223954677581787
step-000031250.pt,obs_pred_err,-1,3.4767212867736816
step-000031250.pt,obs_pred_err,0,6.424055099487305
step-000031250.pt,obs_pred_err,1,4.887721538543701
step-000031250.pt,obs_pred_err,2,4.097919940948486
step-000031250.pt,obs_pred_err,3,3.835754156112671
step-000031250.pt,obs_pred_err,4,4.20205020904541
step-000031250.pt,obs_pred_err,5,4.522794723510742
step-000031250.pt,obs_pred_err,6,3.842664957046509
step-000031250.pt,obs_pred_err,7,4.012657642364502
step-000031250.pt,obs_pred_err,8,5.264546871185303
step-000031250.pt,obs_pred_err,9,6.120155334472656
step-000031250.pt,obs_pred_err,10,5.662623882293701
step-000037500.pt,abs_kl,-10,391.78369140625
step-000037500.pt,abs_kl,-9,392.5179443359375
step-000037500.pt,abs_kl,-8,393.91278076171875
step-000037500.pt,abs_kl,-7,398.8155212402344
step-000037500.pt,abs_kl,-6,402.9123840332031
step-000037500.pt,abs_kl,-5,403.6001892089844
step-000037500.pt,abs_kl,-4,399.29400634765625
step-000037500.pt,abs_kl,-3,395.7269287109375
step-000037500.pt,abs_kl,-2,393.0978698730469
step-000037500.pt,abs_kl,-1,368.1376953125
step-000037500.pt,abs_kl,0,362.9781494140625
step-000037500.pt,abs_kl,1,349.94281005859375
step-000037500.pt,abs_kl,2,320.4957275390625
step-000037500.pt,abs_kl,3,347.17462158203125
step-000037500.pt,abs_kl,4,350.7759704589844
step-000037500.pt,abs_kl,5,339.5994567871094
step-000037500.pt,abs_kl,6,346.2861328125
step-000037500.pt,abs_kl,7,340.28961181640625
step-000037500.pt,abs_kl,8,347.3782958984375
step-000037500.pt,abs_kl,9,329.1009521484375
step-000037500.pt,abs_kl,10,346.443359375
step-000037500.pt,obs_kl,-10,26.55179786682129
step-000037500.pt,obs_kl,-9,25.29129981994629
step-000037500.pt,obs_kl,-8,25.884746551513672
step-000037500.pt,obs_kl,-7,25.113887786865234
step-000037500.pt,obs_kl,-6,23.99481201171875
step-000037500.pt,obs_kl,-5,23.30746078491211
step-000037500.pt,obs_kl,-4,22.84186553955078
step-000037500.pt,obs_kl,-3,21.622360229492188
step-000037500.pt,obs_kl,-2,21.46424102783203
step-000037500.pt,obs_kl,-1,31.681856155395508
step-000037500.pt,obs_kl,0,70.34558868408203
step-000037500.pt,obs_kl,1,48.971038818359375
step-000037500.pt,obs_kl,2,39.748538970947266
step-000037500.pt,obs_kl,3,32.98183059692383
step-000037500.pt,obs_kl,4,35.54150390625
step-000037500.pt,obs_kl,5,31.771686553955078
step-000037500.pt,obs_kl,6,31.241167068481445
step-000037500.pt,obs_kl,7,29.187387466430664
step-000037500.pt,obs_kl,8,32.13680648803711
step-000037500.pt,obs_kl,9,28.848363876342773
step-000037500.pt,obs_kl,10,28.502487182617188
step-000037500.pt,abs_pred_err,-10,5.348186016082764
step-000037500.pt,abs_pred_err,-9,5.356574535369873
step-000037500.pt,abs_pred_err,-8,5.363104820251465
step-000037500.pt,abs_pred_err,-7,5.381206512451172
step-000037500.pt,abs_pred_err,-6,5.408466815948486
step-000037500.pt,abs_pred_err,-5,5.424360752105713
step-000037500.pt,abs_pred_err,-4,5.390038967132568
step-000037500.pt,abs_pred_err,-3,5.363162040710449
step-000037500.pt,abs_pred_err,-2,5.358278274536133
step-000037500.pt,abs_pred_err,-1,5.064779281616211
step-000037500.pt,abs_pred_err,0,5.038705348968506
step-000037500.pt,abs_pred_err,1,4.969771385192871
step-000037500.pt,abs_pred_err,2,4.790862560272217
step-000037500.pt,abs_pred_err,3,5.001617431640625
step-000037500.pt,abs_pred_err,4,5.1469268798828125
step-000037500.pt,abs_pred_err,5,5.021946430206299
step-000037500.pt,abs_pred_err,6,5.093527317047119
step-000037500.pt,abs_pred_err,7,5.054295063018799
step-000037500.pt,abs_pred_err,8,5.022730350494385
step-000037500.pt,abs_pred_err,9,4.945305824279785
step-000037500.pt,abs_pred_err,10,4.971057891845703
step-000037500.pt,obs_pred_err,-10,4.877220153808594
step-000037500.pt,obs_pred_err,-9,4.654916286468506
step-000037500.pt,obs_pred_err,-8,4.399380207061768
step-000037500.pt,obs_pred_err,-7,4.239987850189209
step-000037500.pt,obs_pred_err,-6,3.8257806301116943
step-000037500.pt,obs_pred_err,-5,3.180419921875
step-000037500.pt,obs_pred_err,-4,3.2709786891937256
step-000037500.pt,obs_pred_err,-3,3.151308298110962
step-000037500.pt,obs_pred_err,-2,3.0315113067626953
step-000037500.pt,obs_pred_err,-1,3.500199556350708
step-000037500.pt,obs_pred_err,0,5.988001823425293
step-000037500.pt,obs_pred_err,1,4.4351325035095215
step-000037500.pt,obs_pred_err,2,3.772871732711792
step-000037500.pt,obs_pred_err,3,3.665661096572876
step-000037500.pt,obs_pred_err,4,4.164759635925293
step-000037500.pt,obs_pred_err,5,4.355949878692627
step-000037500.pt,obs_pred_err,6,3.7235448360443115
step-000037500.pt,obs_pred_err,7,4.1588640213012695
step-000037500.pt,obs_pred_err,8,5.334708213806152
step-000037500.pt,obs_pred_err,9,6.139057636260986
step-000037500.pt,obs_pred_err,10,5.911139011383057
step-000043750.pt,abs_kl,-10,436.74078369140625
step-000043750.pt,abs_kl,-9,432.4220275878906
step-000043750.pt,abs_kl,-8,437.2857666015625
step-000043750.pt,abs_kl,-7,448.5752258300781
step-000043750.pt,abs_kl,-6,453.4568176269531
step-000043750.pt,abs_kl,-5,452.3782958984375
step-000043750.pt,abs_kl,-4,446.90826416015625
step-000043750.pt,abs_kl,-3,443.99334716796875
step-000043750.pt,abs_kl,-2,438.5726623535156
step-000043750.pt,abs_kl,-1,408.57647705078125
step-000043750.pt,abs_kl,0,421.3697509765625
step-000043750.pt,abs_kl,1,402.0831604003906
step-000043750.pt,abs_kl,2,374.8622741699219
step-000043750.pt,abs_kl,3,387.0545349121094
step-000043750.pt,abs_kl,4,395.9267578125
step-000043750.pt,abs_kl,5,374.3358459472656
step-000043750.pt,abs_kl,6,380.8617858886719
step-000043750.pt,abs_kl,7,384.5181579589844
step-000043750.pt,abs_kl,8,391.7384338378906
step-000043750.pt,abs_kl,9,377.6305236816406
step-000043750.pt,abs_kl,10,389.0436706542969
step-000043750.pt,obs_kl,-10,30.76659393310547
step-000043750.pt,obs_kl,-9,29.78692054748535
step-000043750.pt,obs_kl,-8,30.716384887695312
step-000043750.pt,obs_kl,-7,30.449792861938477
step-000043750.pt,obs_kl,-6,29.565107345581055
step-000043750.pt,obs_kl,-5,27.94459342956543
step-000043750.pt,obs_kl,-4,27.172454833984375
step-000043750.pt,obs_kl,-3,24.969459533691406
step-000043750.pt,obs_kl,-2,25.68866729736328
step-000043750.pt,obs_kl,-1,40.14041519165039
step-000043750.pt,obs_kl,0,84.72301483154297
step-000043750.pt,obs_kl,1,60.95510482788086
step-000043750.pt,obs_kl,2,43.32355880737305
step-000043750.pt,obs_kl,3,36.68544387817383
step-000043750.pt,obs_kl,4,42.25978469848633
step-000043750.pt,obs_kl,5,38.03120422363281
step-000043750.pt,obs_kl,6,38.831356048583984
step-000043750.pt,obs_kl,7,39.60676193237305
step-000043750.pt,obs_kl,8,42.08192443847656
step-000043750.pt,obs_kl,9,36.032161712646484
step-000043750.pt,obs_kl,10,34.274051666259766
step-000043750.pt,abs_pred_err,-10,5.309966564178467
step-000043750.pt,abs_pred_err,-9,5.291078567504883
step-000043750.pt,abs_pred_err,-8,5.312909126281738
step-000043750.pt,abs_pred_err,-7,5.354511260986328
step-000043750.pt,abs_pred_err,-6,5.394957065582275
step-000043750.pt,abs_pred_err,-5,5.394744396209717
step-000043750.pt,abs_pred_err,-4,5.360158920288086
step-000043750.pt,abs_pred_err,-3,5.345402240753174
step-000043750.pt,abs_pred_err,-2,5.330391883850098
step-000043750.pt,abs_pred_err,-1,5.040955066680908
step-000043750.pt,abs_pred_err,0,5.1798787117004395
step-000043750.pt,abs_pred_err,1,5.082510948181152
step-000043750.pt,abs_pred_err,2,4.895421981811523
step-000043750.pt,abs_pred_err,3,4.995577812194824
step-000043750.pt,abs_pred_err,4,5.159550189971924
step-000043750.pt,abs_pred_err,5,4.934008598327637
step-000043750.pt,abs_pred_err,6,4.992255210876465
step-000043750.pt,abs_pred_err,7,5.050667762756348
step-000043750.pt,abs_pred_err,8,5.003234386444092
step-000043750.pt,abs_pred_err,9,4.931572437286377
step-000043750.pt,abs_pred_err,10,4.934031009674072
step-000043750.pt,obs_pred_err,-10,4.675271987915039
step-000043750.pt,obs_pred_err,-9,4.600975036621094
step-000043750.pt,obs_pred_err,-8,4.369498252868652
step-000043750.pt,obs_pred_err,-7,4.223232269287109
step-000043750.pt,obs_pred_err,-6,3.7989697456359863
step-000043750.pt,obs_pred_err,-5,3.1408493518829346
step-000043750.pt,obs_pred_err,-4,3.1477811336517334
step-000043750.pt,obs_pred_err,-3,3.039959669113159
step-000043750.pt,obs_pred_err,-2,2.9875314235687256
step-000043750.pt,obs_pred_err,-1,3.4011054039001465
step-000043750.pt,obs_pred_err,0,5.519136905670166
step-000043750.pt,obs_pred_err,1,4.29227876663208
step-000043750.pt,obs_pred_err,2,3.662152051925659
step-000043750.pt,obs_pred_err,3,3.5783281326293945
step-000043750.pt,obs_pred_err,4,3.961057662963867
step-000043750.pt,obs_pred_err,5,3.9750609397888184
step-000043750.pt,obs_pred_err,6,3.4638545513153076
step-000043750.pt,obs_pred_err,7,4.143016815185547
step-000043750.pt,obs_pred_err,8,5.5251665115356445
step-000043750.pt,obs_pred_err,9,6.343367099761963
step-000043750.pt,obs_pred_err,10,5.978219509124756
step-000050000.pt,abs_kl,-10,396.02435302734375
step-000050000.pt,abs_kl,-9,388.9186096191406
step-000050000.pt,abs_kl,-8,396.0915222167969
step-000050000.pt,abs_kl,-7,403.7338562011719
step-000050000.pt,abs_kl,-6,405.542236328125
step-000050000.pt,abs_kl,-5,398.970947265625
step-000050000.pt,abs_kl,-4,395.6407470703125
step-000050000.pt,abs_kl,-3,396.694580078125
step-000050000.pt,abs_kl,-2,393.7669372558594
step-000050000.pt,abs_kl,-1,382.5230407714844
step-000050000.pt,abs_kl,0,391.16717529296875
step-000050000.pt,abs_kl,1,404.94757080078125
step-000050000.pt,abs_kl,2,360.2071533203125
step-000050000.pt,abs_kl,3,376.4001770019531
step-000050000.pt,abs_kl,4,380.4539794921875
step-000050000.pt,abs_kl,5,348.4784851074219
step-000050000.pt,abs_kl,6,357.48992919921875
step-000050000.pt,abs_kl,7,370.7613220214844
step-000050000.pt,abs_kl,8,367.1279602050781
step-000050000.pt,abs_kl,9,372.0310363769531
step-000050000.pt,abs_kl,10,390.7622375488281
step-000050000.pt,obs_kl,-10,31.673904418945312
step-000050000.pt,obs_kl,-9,29.256765365600586
step-000050000.pt,obs_kl,-8,29.923118591308594
step-000050000.pt,obs_kl,-7,30.51046371459961
step-000050000.pt,obs_kl,-6,31.041980743408203
step-000050000.pt,obs_kl,-5,28.70566177368164
step-000050000.pt,obs_kl,-4,28.3079891204834
step-000050000.pt,obs_kl,-3,26.286945343017578
step-000050000.pt,obs_kl,-2,25.746015548706055
step-000050000.pt,obs_kl,-1,29.508859634399414
step-000050000.pt,obs_kl,0,85.21699523925781
step-000050000.pt,obs_kl,1,71.7381591796875
step-000050000.pt,obs_kl,2,47.440818786621094
step-000050000.pt,obs_kl,3,39.13079071044922
step-000050000.pt,obs_kl,4,41.55718231201172
step-000050000.pt,obs_kl,5,41.2192497253418
step-000050000.pt,obs_kl,6,43.30606460571289
step-000050000.pt,obs_kl,7,42.6734504699707
step-000050000.pt,obs_kl,8,49.51345443725586
step-000050000.pt,obs_kl,9,36.933197021484375
step-000050000.pt,obs_kl,10,34.148860931396484
step-000050000.pt,abs_pred_err,-10,5.381601810455322
step-000050000.pt,abs_pred_err,-9,5.350698471069336
step-000050000.pt,abs_pred_err,-8,5.382173538208008
step-000050000.pt,abs_pred_err,-7,5.387206077575684
step-000050000.pt,abs_pred_err,-6,5.392395973205566
step-000050000.pt,abs_pred_err,-5,5.362040996551514
step-000050000.pt,abs_pred_err,-4,5.351718902587891
step-000050000.pt,abs_pred_err,-3,5.346616268157959
step-000050000.pt,abs_pred_err,-2,5.343400001525879
step-000050000.pt,abs_pred_err,-1,5.229944229125977
step-000050000.pt,abs_pred_err,0,5.3649516105651855
step-000050000.pt,abs_pred_err,1,5.395097255706787
step-000050000.pt,abs_pred_err,2,5.097068786621094
step-000050000.pt,abs_pred_err,3,5.1935648918151855
step-000050000.pt,abs_pred_err,4,5.323848247528076
step-000050000.pt,abs_pred_err,5,5.032102584838867
step-000050000.pt,abs_pred_err,6,5.1054911613464355
step-000050000.pt,abs_pred_err,7,5.195436954498291
step-000050000.pt,abs_pred_err,8,5.145970344543457
step-000050000.pt,abs_pred_err,9,5.113889694213867
step-000050000.pt,abs_pred_err,10,5.237801551818848
step-000050000.pt,obs_pred_err,-10,5.0591630935668945
step-000050000.pt,obs_pred_err,-9,4.918894290924072
step-000050000.pt,obs_pred_err,-8,4.519836902618408
step-000050000.pt,obs_pred_err,-7,4.225452899932861
step-000050000.pt,obs_pred_err,-6,3.7467525005340576
step-000050000.pt,obs_pred_err,-5,3.17260479927063
step-000050000.pt,obs_pred_err,-4,3.3471856117248535
step-000050000.pt,obs_pred_err,-3,3.2070305347442627
step-000050000.pt,obs_pred_err,-2,3.0190200805664062
step-000050000.pt,obs_pred_err,-1,3.0784904956817627
step-000050000.pt,obs_pred_err,0,5.270666599273682
step-000050000.pt,obs_pred_err,1,4.312309265136719
step-000050000.pt,obs_pred_err,2,3.5733368396759033
step-000050000.pt,obs_pred_err,3,3.422515869140625
step-000050000.pt,obs_pred_err,4,3.7575435638427734
step-000050000.pt,obs_pred_err,5,3.891678810119629
step-000050000.pt,obs_pred_err,6,3.441023826599121
step-000050000.pt,obs_pred_err,7,3.7301723957061768
step-000050000.pt,obs_pred_err,8,4.864015579223633
step-000050000.pt,obs_pred_err,9,5.5649638175964355
step-000050000.pt,obs_pred_err,10,5.405012130737305
step-000056250.pt,abs_kl,-10,334.8435363769531
step-000056250.pt,abs_kl,-9,331.53125
step-000056250.pt,abs_kl,-8,333.7490539550781
step-000056250.pt,abs_kl,-7,337.752685546875
step-000056250.pt,abs_kl,-6,336.79742431640625
step-000056250.pt,abs_kl,-5,336.2974548339844
step-000056250.pt,abs_kl,-4,335.0370178222656
step-000056250.pt,abs_kl,-3,334.89727783203125
step-000056250.pt,abs_kl,-2,333.1795349121094
step-000056250.pt,abs_kl,-1,319.2637634277344
step-000056250.pt,abs_kl,0,322.62554931640625
step-000056250.pt,abs_kl,1,329.43914794921875
step-000056250.pt,abs_kl,2,300.81182861328125
step-000056250.pt,abs_kl,3,315.39300537109375
step-000056250.pt,abs_kl,4,330.8666076660156
step-000056250.pt,abs_kl,5,301.88751220703125
step-000056250.pt,abs_kl,6,311.2016906738281
step-000056250.pt,abs_kl,7,321.0441589355469
step-000056250.pt,abs_kl,8,323.66461181640625
step-000056250.pt,abs_kl,9,320.5997619628906
step-000056250.pt,abs_kl,10,332.26690673828125
step-000056250.pt,obs_kl,-10,36.964569091796875
step-000056250.pt,obs_kl,-9,34.601844787597656
step-000056250.pt,obs_kl,-8,35.80327224731445
step-000056250.pt,obs_kl,-7,38.12864685058594
step-000056250.pt,obs_kl,-6,40.25918197631836
step-000056250.pt,obs_kl,-5,34.71118927001953
step-000056250.pt,obs_kl,-4,32.41702651977539
step-000056250.pt,obs_kl,-3,29.89668083190918
step-000056250.pt,obs_kl,-2,30.315412521362305
step-000056250.pt,obs_kl,-1,37.935325622558594
step-000056250.pt,obs_kl,0,74.51697540283203
step-000056250.pt,obs_kl,1,65.82125854492188
step-000056250.pt,obs_kl,2,41.59461212158203
step-000056250.pt,obs_kl,3,37.30084228515625
step-000056250.pt,obs_kl,4,42.622501373291016
step-000056250.pt,obs_kl,5,44.3702507019043
step-000056250.pt,obs_kl,6,46.388790130615234
step-000056250.pt,obs_kl,7,45.13920211791992
step-000056250.pt,obs_kl,8,46.043357849121094
step-000056250.pt,obs_kl,9,38.167659759521484
step-000056250.pt,obs_kl,10,36.67048263549805
step-000056250.pt,abs_pred_err,-10,5.662530899047852
step-000056250.pt,abs_pred_err,-9,5.663404941558838
step-000056250.pt,abs_pred_err,-8,5.671549320220947
step-000056250.pt,abs_pred_err,-7,5.653566360473633
step-000056250.pt,abs_pred_err,-6,5.647188186645508
step-000056250.pt,abs_pred_err,-5,5.662107467651367
step-000056250.pt,abs_pred_err,-4,5.652374744415283
step-000056250.pt,abs_pred_err,-3,5.634448051452637
step-000056250.pt,abs_pred_err,-2,5.6287007331848145
step-000056250.pt,abs_pred_err,-1,5.411304473876953
step-000056250.pt,abs_pred_err,0,5.55558443069458
step-000056250.pt,abs_pred_err,1,5.54297399520874
step-000056250.pt,abs_pred_err,2,5.315845012664795
step-000056250.pt,abs_pred_err,3,5.434768199920654
step-000056250.pt,abs_pred_err,4,5.647646427154541
step-000056250.pt,abs_pred_err,5,5.357994556427002
step-000056250.pt,abs_pred_err,6,5.410887241363525
step-000056250.pt,abs_pred_err,7,5.470614910125732
step-000056250.pt,abs_pred_err,8,5.468993663787842
step-000056250.pt,abs_pred_err,9,5.388935089111328
step-000056250.pt,abs_pred_err,10,5.483458995819092
step-000056250.pt,obs_pred_err,-10,4.608842849731445
step-000056250.pt,obs_pred_err,-9,4.486136436462402
step-000056250.pt,obs_pred_err,-8,4.096510887145996
step-000056250.pt,obs_pred_err,-7,3.9112515449523926
step-000056250.pt,obs_pred_err,-6,3.549178123474121
step-000056250.pt,obs_pred_err,-5,2.9127678871154785
step-000056250.pt,obs_pred_err,-4,2.9663331508636475
step-000056250.pt,obs_pred_err,-3,2.8585987091064453
step-000056250.pt,obs_pred_err,-2,2.788761615753174
step-000056250.pt,obs_pred_err,-1,2.989093780517578
step-000056250.pt,obs_pred_err,0,5.02640962600708
step-000056250.pt,obs_pred_err,1,4.055012226104736
step-000056250.pt,obs_pred_err,2,3.3057198524475098
step-000056250.pt,obs_pred_err,3,3.204275131225586
step-000056250.pt,obs_pred_err,4,3.657701253890991
step-000056250.pt,obs_pred_err,5,3.852592945098877
step-000056250.pt,obs_pred_err,6,3.319427728652954
step-000056250.pt,obs_pred_err,7,3.601651191711426
step-000056250.pt,obs_pred_err,8,4.639894008636475
step-000056250.pt,obs_pred_err,9,5.478543758392334
step-000056250.pt,obs_pred_err,10,5.325625896453857
step-000062500.pt,abs_kl,-10,387.0725402832031
step-000062500.pt,abs_kl,-9,386.6216125488281
step-000062500.pt,abs_kl,-8,390.6639404296875
step-000062500.pt,abs_kl,-7,396.20037841796875
step-000062500.pt,abs_kl,-6,398.18896484375
step-000062500.pt,abs_kl,-5,399.1500244140625
step-000062500.pt,abs_kl,-4,398.802734375
step-000062500.pt,abs_kl,-3,398.97625732421875
step-000062500.pt,abs_kl,-2,393.8270263671875
step-000062500.pt,abs_kl,-1,379.01947021484375
step-000062500.pt,abs_kl,0,376.2396545410156
step-000062500.pt,abs_kl,1,401.5315246582031
step-000062500.pt,abs_kl,2,365.8397521972656
step-000062500.pt,abs_kl,3,387.87518310546875
step-000062500.pt,abs_kl,4,403.74932861328125
step-000062500.pt,abs_kl,5,374.1065673828125
step-000062500.pt,abs_kl,6,380.6677551269531
step-000062500.pt,abs_kl,7,392.2167053222656
step-000062500.pt,abs_kl,8,395.00537109375
step-000062500.pt,abs_kl,9,384.68609619140625
step-000062500.pt,abs_kl,10,391.8125915527344
step-000062500.pt,obs_kl,-10,37.94286346435547
step-000062500.pt,obs_kl,-9,36.287715911865234
step-000062500.pt,obs_kl,-8,37.285423278808594
step-000062500.pt,obs_kl,-7,40.70928955078125
step-000062500.pt,obs_kl,-6,42.75701141357422
step-000062500.pt,obs_kl,-5,34.50056838989258
step-000062500.pt,obs_kl,-4,33.3078498840332
step-000062500.pt,obs_kl,-3,28.86697006225586
step-000062500.pt,obs_kl,-2,30.259109497070312
step-000062500.pt,obs_kl,-1,32.61722183227539
step-000062500.pt,obs_kl,0,77.32785034179688
step-000062500.pt,obs_kl,1,76.41008758544922
step-000062500.pt,obs_kl,2,46.74226760864258
step-000062500.pt,obs_kl,3,37.12766647338867
step-000062500.pt,obs_kl,4,49.283714294433594
step-000062500.pt,obs_kl,5,48.518043518066406
step-000062500.pt,obs_kl,6,47.915550231933594
step-000062500.pt,obs_kl,7,48.83327865600586
step-000062500.pt,obs_kl,8,52.63090896606445
step-000062500.pt,obs_kl,9,42.808712005615234
step-000062500.pt,obs_kl,10,41.71089172363281
step-000062500.pt,abs_pred_err,-10,5.594813823699951
step-000062500.pt,abs_pred_err,-9,5.61857795715332
step-000062500.pt,abs_pred_err,-8,5.635159492492676
step-000062500.pt,abs_pred_err,-7,5.628986358642578
step-000062500.pt,abs_pred_err,-6,5.621289253234863
step-000062500.pt,abs_pred_err,-5,5.632858753204346
step-000062500.pt,abs_pred_err,-4,5.641665935516357
step-000062500.pt,abs_pred_err,-3,5.639666557312012
step-000062500.pt,abs_pred_err,-2,5.612866401672363
step-000062500.pt,abs_pred_err,-1,5.547462463378906
step-000062500.pt,abs_pred_err,0,5.565725326538086
step-000062500.pt,abs_pred_err,1,5.665532112121582
step-000062500.pt,abs_pred_err,2,5.429847717285156
step-000062500.pt,abs_pred_err,3,5.552368640899658
step-000062500.pt,abs_pred_err,4,5.741688251495361
step-000062500.pt,abs_pred_err,5,5.529842376708984
step-000062500.pt,abs_pred_err,6,5.550628185272217
step-000062500.pt,abs_pred_err,7,5.616046905517578
step-000062500.pt,abs_pred_err,8,5.672646999359131
step-000062500.pt,abs_pred_err,9,5.505923271179199
step-000062500.pt,abs_pred_err,10,5.546757698059082
step-000062500.pt,obs_pred_err,-10,4.6477179527282715
step-000062500.pt,obs_pred_err,-9,4.4399566650390625
step-000062500.pt,obs_pred_err,-8,4.1044020652771
step-000062500.pt,obs_pred_err,-7,3.9646389484405518
step-000062500.pt,obs_pred_err,-6,3.5681209564208984
step-000062500.pt,obs_pred_err,-5,2.886061191558838
step-000062500.pt,obs_pred_err,-4,2.9421868324279785
step-000062500.pt,obs_pred_err,-3,2.7849855422973633
step-000062500.pt,obs_pred_err,-2,2.7209317684173584
step-000062500.pt,obs_pred_err,-1,2.7321367263793945
step-000062500.pt,obs_pred_err,0,4.732971668243408
step-000062500.pt,obs_pred_err,1,4.073896408081055
step-000062500.pt,obs_pred_err,2,3.2913002967834473
step-000062500.pt,obs_pred_err,3,3.026535987854004
step-000062500.pt,obs_pred_err,4,3.602666139602661
step-000062500.pt,obs_pred_err,5,3.917942523956299
step-000062500.pt,obs_pred_err,6,3.4450528621673584
step-000062500.pt,obs_pred_err,7,3.5391287803649902
step-000062500.pt,obs_pred_err,8,4.5014119148254395
step-000062500.pt,obs_pred_err,9,5.069472312927246
step-000062500.pt,obs_pred_err,10,4.946347713470459
step-000068750.pt,abs_kl,-10,406.52789306640625
step-000068750.pt,abs_kl,-9,404.77587890625
step-000068750.pt,abs_kl,-8,402.3923645019531
step-000068750.pt,abs_kl,-7,405.46783447265625
step-000068750.pt,abs_kl,-6,409.1385498046875
step-000068750.pt,abs_kl,-5,412.1210021972656
step-000068750.pt,abs_kl,-4,409.2355651855469
step-000068750.pt,abs_kl,-3,406.5371398925781
step-000068750.pt,abs_kl,-2,402.71026611328125
step-000068750.pt,abs_kl,-1,389.80340576171875
step-000068750.pt,abs_kl,0,387.719482421875
step-000068750.pt,abs_kl,1,413.7851257324219
step-000068750.pt,abs_kl,2,386.14569091796875
step-000068750.pt,abs_kl,3,399.7900085449219
step-000068750.pt,abs_kl,4,403.49151611328125
step-000068750.pt,abs_kl,5,376.91546630859375
step-000068750.pt,abs_kl,6,382.03814697265625
step-000068750.pt,abs_kl,7,383.3813171386719
step-000068750.pt,abs_kl,8,391.55853271484375
step-000068750.pt,abs_kl,9,385.4834289550781
step-000068750.pt,abs_kl,10,401.19598388671875
step-000068750.pt,obs_kl,-10,44.30124282836914
step-000068750.pt,obs_kl,-9,40.92564392089844
step-000068750.pt,obs_kl,-8,42.028072357177734
step-000068750.pt,obs_kl,-7,47.918296813964844
step-000068750.pt,obs_kl,-6,49.34574890136719
step-000068750.pt,obs_kl,-5,41.54787826538086
step-000068750.pt,obs_kl,-4,38.47947692871094
step-000068750.pt,obs_kl,-3,35.09730529785156
step-000068750.pt,obs_kl,-2,37.08672332763672
step-000068750.pt,obs_kl,-1,37.65402603149414
step-000068750.pt,obs_kl,0,92.2425765991211
step-000068750.pt,obs_kl,1,93.77114868164062
step-000068750.pt,obs_kl,2,55.1035270690918
step-000068750.pt,obs_kl,3,43.66416931152344
step-000068750.pt,obs_kl,4,52.08000564575195
step-000068750.pt,obs_kl,5,51.83014678955078
step-000068750.pt,obs_kl,6,49.940853118896484
step-000068750.pt,obs_kl,7,48.701805114746094
step-000068750.pt,obs_kl,8,52.94670104980469
step-000068750.pt,obs_kl,9,43.80966567993164
step-000068750.pt,obs_kl,10,42.63372802734375
step-000068750.pt,abs_pred_err,-10,5.836662292480469
step-000068750.pt,abs_pred_err,-9,5.852412223815918
step-000068750.pt,abs_pred_err,-8,5.831820487976074
step-000068750.pt,abs_pred_err,-7,5.829362869262695
step-000068750.pt,abs_pred_err,-6,5.836415767669678
step-000068750.pt,abs_pred_err,-5,5.872106552124023
step-000068750.pt,abs_pred_err,-4,5.840620517730713
step-000068750.pt,abs_pred_err,-3,5.806445598602295
step-000068750.pt,abs_pred_err,-2,5.791163921356201
step-000068750.pt,abs_pred_err,-1,5.732731819152832
step-000068750.pt,abs_pred_err,0,5.7533793449401855
step-000068750.pt,abs_pred_err,1,5.888697147369385
step-000068750.pt,abs_pred_err,2,5.688315391540527
step-000068750.pt,abs_pred_err,3,5.7481913566589355
step-000068750.pt,abs_pred_err,4,5.859404563903809
step-000068750.pt,abs_pred_err,5,5.670724391937256
step-000068750.pt,abs_pred_err,6,5.6864914894104
step-000068750.pt,abs_pred_err,7,5.663323879241943
step-000068750.pt,abs_pred_err,8,5.727452754974365
step-000068750.pt,abs_pred_err,9,5.600841045379639
step-000068750.pt,abs_pred_err,10,5.732142448425293
step-000068750.pt,obs_pred_err,-10,4.49047327041626
step-000068750.pt,obs_pred_err,-9,4.303131103515625
step-000068750.pt,obs_pred_err,-8,4.066141605377197
step-000068750.pt,obs_pred_err,-7,3.9516923427581787
step-000068750.pt,obs_pred_err,-6,3.625511407852173
step-000068750.pt,obs_pred_err,-5,2.9291529655456543
step-000068750.pt,obs_pred_err,-4,2.8753750324249268
step-000068750.pt,obs_pred_err,-3,2.730639934539795
step-000068750.pt,obs_pred_err,-2,2.715278148651123
step-000068750.pt,obs_pred_err,-1,2.699526786804199
step-000068750.pt,obs_pred_err,0,4.558723449707031
step-000068750.pt,obs_pred_err,1,4.148477554321289
step-000068750.pt,obs_pred_err,2,3.262951374053955
step-000068750.pt,obs_pred_err,3,2.96766996383667
step-000068750.pt,obs_pred_err,4,3.531473398208618
step-000068750.pt,obs_pred_err,5,3.8624980449676514
step-000068750.pt,obs_pred_err,6,3.292067289352417
step-000068750.pt,obs_pred_err,7,3.4048380851745605
step-000068750.pt,obs_pred_err,8,4.373201370239258
step-000068750.pt,obs_pred_err,9,5.117115020751953
step-000068750.pt,obs_pred_err,10,4.927518367767334
step-000075000.pt,abs_kl,-10,439.5652160644531
step-000075000.pt,abs_kl,-9,431.9896240234375
step-000075000.pt,abs_kl,-8,430.9583740234375
step-000075000.pt,abs_kl,-7,430.6396179199219
step-000075000.pt,abs_kl,-6,425.8377380371094
step-000075000.pt,abs_kl,-5,427.633544921875
step-000075000.pt,abs_kl,-4,423.90936279296875
step-000075000.pt,abs_kl,-3,422.6629943847656
step-000075000.pt,abs_kl,-2,420.62445068359375
step-000075000.pt,abs_kl,-1,411.2252197265625
step-000075000.pt,abs_kl,0,415.57159423828125
step-000075000.pt,abs_kl,1,443.052001953125
step-000075000.pt,abs_kl,2,404.99322509765625
step-000075000.pt,abs_kl,3,421.17437744140625
step-000075000.pt,abs_kl,4,439.267822265625
step-000075000.pt,abs_kl,5,404.4033203125
step-000075000.pt,abs_kl,6,409.0523681640625
step-000075000.pt,abs_kl,7,418.60845947265625
step-000075000.pt,abs_kl,8,417.19390869140625
step-000075000.pt,abs_kl,9,407.8789367675781
step-000075000.pt,abs_kl,10,428.9638977050781
step-000075000.pt,obs_kl,-10,48.92837905883789
step-000075000.pt,obs_kl,-9,46.176029205322266
step-000075000.pt,obs_kl,-8,48.9867057800293
step-000075000.pt,obs_kl,-7,50.45169448852539
step-000075000.pt,obs_kl,-6,52.89873504638672
step-000075000.pt,obs_kl,-5,45.592742919921875
step-000075000.pt,obs_kl,-4,42.49364471435547
step-000075000.pt,obs_kl,-3,37.8612060546875
step-000075000.pt,obs_kl,-2,41.01885986328125
step-000075000.pt,obs_kl,-1,43.4550666809082
step-000075000.pt,obs_kl,0,104.27629089355469
step-000075000.pt,obs_kl,1,103.94364166259766
step-000075000.pt,obs_kl,2,65.02871704101562
step-000075000.pt,obs_kl,3,49.98198699951172
step-000075000.pt,obs_kl,4,55.535274505615234
step-000075000.pt,obs_kl,5,60.902870178222656
step-000075000.pt,obs_kl,6,60.87867736816406
step-000075000.pt,obs_kl,7,64.0310287475586
step-000075000.pt,obs_kl,8,74.1846923828125
step-000075000.pt,obs_kl,9,55.91810607910156
step-000075000.pt,obs_kl,10,52.08876037597656
step-000075000.pt,abs_pred_err,-10,5.859576225280762
step-000075000.pt,abs_pred_err,-9,5.83104944229126
step-000075000.pt,abs_pred_err,-8,5.811006546020508
step-000075000.pt,abs_pred_err,-7,5.785613059997559
step-000075000.pt,abs_pred_err,-6,5.74122953414917
step-000075000.pt,abs_pred_err,-5,5.758947372436523
step-000075000.pt,abs_pred_err,-4,5.741107940673828
step-000075000.pt,abs_pred_err,-3,5.729421615600586
step-000075000.pt,abs_pred_err,-2,5.7257161140441895
step-000075000.pt,abs_pred_err,-1,5.677806377410889
step-000075000.pt,abs_pred_err,0,5.732630252838135
step-000075000.pt,abs_pred_err,1,5.861713409423828
step-000075000.pt,abs_pred_err,2,5.634036540985107
step-000075000.pt,abs_pred_err,3,5.689932823181152
step-000075000.pt,abs_pred_err,4,5.882989406585693
step-000075000.pt,abs_pred_err,5,5.656811237335205
step-000075000.pt,abs_pred_err,6,5.658675670623779
step-000075000.pt,abs_pred_err,7,5.739427089691162
step-000075000.pt,abs_pred_err,8,5.747743129730225
step-000075000.pt,abs_pred_err,9,5.585993766784668
step-000075000.pt,abs_pred_err,10,5.746537208557129
step-000075000.pt,obs_pred_err,-10,4.448024749755859
step-000075000.pt,obs_pred_err,-9,4.162730693817139
step-000075000.pt,obs_pred_err,-8,4.033900260925293
step-000075000.pt,obs_pred_err,-7,3.9398486614227295
step-000075000.pt,obs_pred_err,-6,3.5484883785247803
step-000075000.pt,obs_pred_err,-5,2.82212495803833
step-000075000.pt,obs_pred_err,-4,2.752943277359009
step-000075000.pt,obs_pred_err,-3,2.5834507942199707
step-000075000.pt,obs_pred_err,-2,2.603257179260254
step-000075000.pt,obs_pred_err,-1,2.6094510555267334
step-000075000.pt,obs_pred_err,0,4.714968681335449
step-000075000.pt,obs_pred_err,1,4.15745735168457
step-000075000.pt,obs_pred_err,2,3.2714009284973145
step-000075000.pt,obs_pred_err,3,3.032531499862671
step-000075000.pt,obs_pred_err,4,3.4786806106567383
step-000075000.pt,obs_pred_err,5,3.7743582725524902
step-000075000.pt,obs_pred_err,6,3.2588086128234863
step-000075000.pt,obs_pred_err,7,3.4476318359375
step-000075000.pt,obs_pred_err,8,4.41954231262207
step-000075000.pt,obs_pred_err,9,5.060863018035889
step-000075000.pt,obs_pred_err,10,4.9424729347229
step-000081250.pt,abs_kl,-10,499.41424560546875
step-000081250.pt,abs_kl,-9,495.65020751953125
step-000081250.pt,abs_kl,-8,498.8800964355469
step-000081250.pt,abs_kl,-7,502.254638671875
step-000081250.pt,abs_kl,-6,495.51519775390625
step-000081250.pt,abs_kl,-5,492.116455078125
step-000081250.pt,abs_kl,-4,486.41925048828125
step-000081250.pt,abs_kl,-3,493.5108947753906
step-000081250.pt,abs_kl,-2,495.65924072265625
step-000081250.pt,abs_kl,-1,475.79510498046875
step-000081250.pt,abs_kl,0,480.77862548828125
step-000081250.pt,abs_kl,1,503.3675842285156
step-000081250.pt,abs_kl,2,465.9169921875
step-000081250.pt,abs_kl,3,479.57403564453125
step-000081250.pt,abs_kl,4,495.55035400390625
step-000081250.pt,abs_kl,5,461.8452453613281
step-000081250.pt,abs_kl,6,473.3660888671875
step-000081250.pt,abs_kl,7,475.6372985839844
step-000081250.pt,abs_kl,8,482.3864440917969
step-000081250.pt,abs_kl,9,470.3601989746094
step-000081250.pt,abs_kl,10,499.118896484375
step-000081250.pt,obs_kl,-10,52.22911834716797
step-000081250.pt,obs_kl,-9,49.99923324584961
step-000081250.pt,obs_kl,-8,52.66267013549805
step-000081250.pt,obs_kl,-7,51.54402160644531
step-000081250.pt,obs_kl,-6,52.589168548583984
step-000081250.pt,obs_kl,-5,47.20268249511719
step-000081250.pt,obs_kl,-4,45.507720947265625
step-000081250.pt,obs_kl,-3,41.692935943603516
step-000081250.pt,obs_kl,-2,45.02855682373047
step-000081250.pt,obs_kl,-1,55.73492431640625
step-000081250.pt,obs_kl,0,123.37075805664062
step-000081250.pt,obs_kl,1,117.69269561767578
step-000081250.pt,obs_kl,2,68.97156524658203
step-000081250.pt,obs_kl,3,53.439544677734375
step-000081250.pt,obs_kl,4,56.160274505615234
step-000081250.pt,obs_kl,5,58.40092468261719
step-000081250.pt,obs_kl,6,58.88228225708008
step-000081250.pt,obs_kl,7,60.666473388671875
step-000081250.pt,obs_kl,8,67.49227142333984
step-000081250.pt,obs_kl,9,54.90904235839844
step-000081250.pt,obs_kl,10,52.44158172607422
step-000081250.pt,abs_pred_err,-10,5.947456359863281
step-000081250.pt,abs_pred_err,-9,5.955910682678223
step-000081250.pt,abs_pred_err,-8,5.974419593811035
step-000081250.pt,abs_pred_err,-7,5.962250232696533
step-000081250.pt,abs_pred_err,-6,5.916579246520996
step-000081250.pt,abs_pred_err,-5,5.907708168029785
step-000081250.pt,abs_pred_err,-4,5.872970104217529
step-000081250.pt,abs_pred_err,-3,5.892868995666504
step-000081250.pt,abs_pred_err,-2,5.907731533050537
step-000081250.pt,abs_pred_err,-1,5.7699737548828125
step-000081250.pt,abs_pred_err,0,5.852097034454346
step-000081250.pt,abs_pred_err,1,5.926597595214844
step-000081250.pt,abs_pred_err,2,5.7131028175354
step-000081250.pt,abs_pred_err,3,5.793892860412598
step-000081250.pt,abs_pred_err,4,5.973251819610596
step-000081250.pt,abs_pred_err,5,5.728336811065674
step-000081250.pt,abs_pred_err,6,5.77451229095459
step-000081250.pt,abs_pred_err,7,5.808938980102539
step-000081250.pt,abs_pred_err,8,5.838933944702148
step-000081250.pt,abs_pred_err,9,5.685019493103027
step-000081250.pt,abs_pred_err,10,5.849363327026367
step-000081250.pt,obs_pred_err,-10,4.224398136138916
step-000081250.pt,obs_pred_err,-9,4.17067813873291
step-000081250.pt,obs_pred_err,-8,4.0134501457214355
step-000081250.pt,obs_pred_err,-7,3.8862106800079346
step-000081250.pt,obs_pred_err,-6,3.4492452144622803
step-000081250.pt,obs_pred_err,-5,2.7792129516601562
step-000081250.pt,obs_pred_err,-4,2.6928906440734863
step-000081250.pt,obs_pred_err,-3,2.4997406005859375
step-000081250.pt,obs_pred_err,-2,2.480410099029541
step-000081250.pt,obs_pred_err,-1,2.6939077377319336
step-000081250.pt,obs_pred_err,0,4.672027587890625
step-000081250.pt,obs_pred_err,1,4.043769836425781
step-000081250.pt,obs_pred_err,2,3.202493906021118
step-000081250.pt,obs_pred_err,3,2.8659088611602783
step-000081250.pt,obs_pred_err,4,3.1874494552612305
step-000081250.pt,obs_pred_err,5,3.465614080429077
step-000081250.pt,obs_pred_err,6,2.9955291748046875
step-000081250.pt,obs_pred_err,7,3.2426328659057617
step-000081250.pt,obs_pred_err,8,4.34679651260376
step-000081250.pt,obs_pred_err,9,5.08671236038208
step-000081250.pt,obs_pred_err,10,4.807024002075195
step-000087500.pt,abs_kl,-10,444.30169677734375
step-000087500.pt,abs_kl,-9,439.6002502441406
step-000087500.pt,abs_kl,-8,437.7395935058594
step-000087500.pt,abs_kl,-7,438.6053161621094
step-000087500.pt,abs_kl,-6,434.0178527832031
step-000087500.pt,abs_kl,-5,434.7459411621094
step-000087500.pt,abs_kl,-4,431.0839538574219
step-000087500.pt,abs_kl,-3,433.7726745605469
step-000087500.pt,abs_kl,-2,439.6407165527344
step-000087500.pt,abs_kl,-1,429.23919677734375
step-000087500.pt,abs_kl,0,447.2825012207031
step-000087500.pt,abs_kl,1,477.92047119140625
step-000087500.pt,abs_kl,2,445.57305908203125
step-000087500.pt,abs_kl,3,455.0985412597656
step-000087500.pt,abs_kl,4,466.80084228515625
step-000087500.pt,abs_kl,5,429.9205322265625
step-000087500.pt,abs_kl,6,449.083984375
step-000087500.pt,abs_kl,7,456.5724792480469
step-000087500.pt,abs_kl,8,460.4306945800781
step-000087500.pt,abs_kl,9,448.4276123046875
step-000087500.pt,abs_kl,10,464.0022888183594
step-000087500.pt,obs_kl,-10,51.90285110473633
step-000087500.pt,obs_kl,-9,52.28138732910156
step-000087500.pt,obs_kl,-8,55.80642318725586
step-000087500.pt,obs_kl,-7,52.99136734008789
step-000087500.pt,obs_kl,-6,51.886634826660156
step-000087500.pt,obs_kl,-5,47.388084411621094
step-000087500.pt,obs_kl,-4,47.1240234375
step-000087500.pt,obs_kl,-3,41.15805435180664
step-000087500.pt,obs_kl,-2,45.57467269897461
step-000087500.pt,obs_kl,-1,47.0546760559082
step-000087500.pt,obs_kl,0,112.89697265625
step-000087500.pt,obs_kl,1,113.46732330322266
step-000087500.pt,obs_kl,2,69.2534408569336
step-000087500.pt,obs_kl,3,55.38838577270508
step-000087500.pt,obs_kl,4,55.2401008605957
step-000087500.pt,obs_kl,5,61.8603401184082
step-000087500.pt,obs_kl,6,62.55669021606445
step-000087500.pt,obs_kl,7,68.72004699707031
step-000087500.pt,obs_kl,8,80.88035583496094
step-000087500.pt,obs_kl,9,57.7786865234375
step-000087500.pt,obs_kl,10,53.41095733642578
step-000087500.pt,abs_pred_err,-10,5.7202982902526855
step-000087500.pt,abs_pred_err,-9,5.698627471923828
step-000087500.pt,abs_pred_err,-8,5.697059154510498
step-000087500.pt,abs_pred_err,-7,5.662408351898193
step-000087500.pt,abs_pred_err,-6,5.623835563659668
step-000087500.pt,abs_pred_err,-5,5.635565280914307
step-000087500.pt,abs_pred_err,-4,5.6195831298828125
step-000087500.pt,abs_pred_err,-3,5.631182670593262
step-000087500.pt,abs_pred_err,-2,5.665371894836426
step-000087500.pt,abs_pred_err,-1,5.629948139190674
step-000087500.pt,abs_pred_err,0,5.735628604888916
step-000087500.pt,abs_pred_err,1,5.848722457885742
step-000087500.pt,abs_pred_err,2,5.6614274978637695
step-000087500.pt,abs_pred_err,3,5.685471057891846
step-000087500.pt,abs_pred_err,4,5.830135822296143
step-000087500.pt,abs_pred_err,5,5.579371929168701
step-000087500.pt,abs_pred_err,6,5.6552863121032715
step-000087500.pt,abs_pred_err,7,5.728736400604248
step-000087500.pt,abs_pred_err,8,5.7671122550964355
step-000087500.pt,abs_pred_err,9,5.599653720855713
step-000087500.pt,abs_pred_err,10,5.72520112991333
step-000087500.pt,obs_pred_err,-10,4.115066051483154
step-000087500.pt,obs_pred_err,-9,3.9599921703338623
step-000087500.pt,obs_pred_err,-8,3.8176050186157227
step-000087500.pt,obs_pred_err,-7,3.7541801929473877
step-000087500.pt,obs_pred_err,-6,3.4019978046417236
step-000087500.pt,obs_pred_err,-5,2.837179183959961
step-000087500.pt,obs_pred_err,-4,2.751918315887451
step-000087500.pt,obs_pred_err,-3,2.529996633529663
step-000087500.pt,obs_pred_err,-2,2.510821580886841
step-000087500.pt,obs_pred_err,-1,2.560246229171753
step-000087500.pt,obs_pred_err,0,4.825070858001709
step-000087500.pt,obs_pred_err,1,4.11709451675415
step-000087500.pt,obs_pred_err,2,3.2593259811401367
step-000087500.pt,obs_pred_err,3,2.9841182231903076
step-000087500.pt,obs_pred_err,4,3.2708497047424316
step-000087500.pt,obs_pred_err,5,3.6346166133880615
step-000087500.pt,obs_pred_err,6,3.1864912509918213
step-000087500.pt,obs_pred_err,7,3.4625771045684814
step-000087500.pt,obs_pred_err,8,4.414833068847656
step-000087500.pt,obs_pred_err,9,5.109506607055664
step-000087500.pt,obs_pred_err,10,4.852874755859375
step-000093750.pt,abs_kl,-10,538.1018676757812
step-000093750.pt,abs_kl,-9,537.1051635742188
step-000093750.pt,abs_kl,-8,537.7849731445312
step-000093750.pt,abs_kl,-7,537.5950317382812
step-000093750.pt,abs_kl,-6,527.6573486328125
step-000093750.pt,abs_kl,-5,526.1784057617188
step-000093750.pt,abs_kl,-4,520.333984375
step-000093750.pt,abs_kl,-3,526.4808349609375
step-000093750.pt,abs_kl,-2,530.8963623046875
step-000093750.pt,abs_kl,-1,518.1898803710938
step-000093750.pt,abs_kl,0,530.8026123046875
step-000093750.pt,abs_kl,1,569.6514892578125
step-000093750.pt,abs_kl,2,525.9999389648438
step-000093750.pt,abs_kl,3,522.6385498046875
step-000093750.pt,abs_kl,4,545.6160888671875
step-000093750.pt,abs_kl,5,517.4696655273438
step-000093750.pt,abs_kl,6,541.4772338867188
step-000093750.pt,abs_kl,7,557.7947998046875
step-000093750.pt,abs_kl,8,554.602294921875
step-000093750.pt,abs_kl,9,534.9151611328125
step-000093750.pt,abs_kl,10,577.7088623046875
step-000093750.pt,obs_kl,-10,48.468570709228516
step-000093750.pt,obs_kl,-9,47.565067291259766
step-000093750.pt,obs_kl,-8,49.139163970947266
step-000093750.pt,obs_kl,-7,45.36079788208008
step-000093750.pt,obs_kl,-6,46.29386520385742
step-000093750.pt,obs_kl,-5,41.85755157470703
step-000093750.pt,obs_kl,-4,43.08606719970703
step-000093750.pt,obs_kl,-3,39.041534423828125
step-000093750.pt,obs_kl,-2,41.419891357421875
step-000093750.pt,obs_kl,-1,47.476844787597656
step-000093750.pt,obs_kl,0,136.97047424316406
step-000093750.pt,obs_kl,1,120.78712463378906
step-000093750.pt,obs_kl,2,70.19046783447266
step-000093750.pt,obs_kl,3,53.02900695800781
step-000093750.pt,obs_kl,4,53.39392852783203
step-000093750.pt,obs_kl,5,55.42988586425781
step-000093750.pt,obs_kl,6,58.23680877685547
step-000093750.pt,obs_kl,7,57.18522644042969
step-000093750.pt,obs_kl,8,66.52640533447266
step-000093750.pt,obs_kl,9,51.02775192260742
step-000093750.pt,obs_kl,10,48.45746612548828
step-000093750.pt,abs_pred_err,-10,5.95133113861084
step-000093750.pt,abs_pred_err,-9,5.956672191619873
step-000093750.pt,abs_pred_err,-8,5.971630573272705
step-000093750.pt,abs_pred_err,-7,5.941544532775879
step-000093750.pt,abs_pred_err,-6,5.878608703613281
step-000093750.pt,abs_pred_err,-5,5.880092620849609
step-000093750.pt,abs_pred_err,-4,5.854903697967529
step-000093750.pt,abs_pred_err,-3,5.873012542724609
step-000093750.pt,abs_pred_err,-2,5.896620273590088
step-000093750.pt,abs_pred_err,-1,5.840285778045654
step-000093750.pt,abs_pred_err,0,5.9667649269104
step-000093750.pt,abs_pred_err,1,6.064815044403076
step-000093750.pt,abs_pred_err,2,5.828903675079346
step-000093750.pt,abs_pred_err,3,5.807024002075195
step-000093750.pt,abs_pred_err,4,6.000545024871826
step-000093750.pt,abs_pred_err,5,5.79428243637085
step-000093750.pt,abs_pred_err,6,5.858744144439697
step-000093750.pt,abs_pred_err,7,5.980513095855713
step-000093750.pt,abs_pred_err,8,5.971538543701172
step-000093750.pt,abs_pred_err,9,5.79146671295166
step-000093750.pt,abs_pred_err,10,6.006322383880615
step-000093750.pt,obs_pred_err,-10,4.194573402404785
step-000093750.pt,obs_pred_err,-9,4.0527663230896
step-000093750.pt,obs_pred_err,-8,3.957608461380005
step-000093750.pt,obs_pred_err,-7,3.837380886077881
step-000093750.pt,obs_pred_err,-6,3.36264967918396
step-000093750.pt,obs_pred_err,-5,2.751162052154541
step-000093750.pt,obs_pred_err,-4,2.7843756675720215
step-000093750.pt,obs_pred_err,-3,2.591191530227661
step-000093750.pt,obs_pred_err,-2,2.5826613903045654
step-000093750.pt,obs_pred_err,-1,2.709303379058838
step-000093750.pt,obs_pred_err,0,4.978182792663574
step-000093750.pt,obs_pred_err,1,4.277425765991211
step-000093750.pt,obs_pred_err,2,3.4008970260620117
step-000093750.pt,obs_pred_err,3,3.024385452270508
step-000093750.pt,obs_pred_err,4,3.271073818206787
step-000093750.pt,obs_pred_err,5,3.6006295680999756
step-000093750.pt,obs_pred_err,6,3.1143124103546143
step-000093750.pt,obs_pred_err,7,3.2778499126434326
step-000093750.pt,obs_pred_err,8,4.268436431884766
step-000093750.pt,obs_pred_err,9,5.101784706115723
step-000093750.pt,obs_pred_err,10,4.8335771560668945
step-000100000.pt,abs_kl,-10,763.1572265625
step-000100000.pt,abs_kl,-9,756.1461791992188
step-000100000.pt,abs_kl,-8,760.7997436523438
step-000100000.pt,abs_kl,-7,756.6358032226562
step-000100000.pt,abs_kl,-6,743.4450073242188
step-000100000.pt,abs_kl,-5,744.9758911132812
step-000100000.pt,abs_kl,-4,730.7457275390625
step-000100000.pt,abs_kl,-3,732.9971923828125
step-000100000.pt,abs_kl,-2,741.2503051757812
step-000100000.pt,abs_kl,-1,711.4420166015625
step-000100000.pt,abs_kl,0,763.0413208007812
step-000100000.pt,abs_kl,1,781.4714965820312
step-000100000.pt,abs_kl,2,734.9148559570312
step-000100000.pt,abs_kl,3,706.8576049804688
step-000100000.pt,abs_kl,4,735.02978515625
step-000100000.pt,abs_kl,5,690.7532348632812
step-000100000.pt,abs_kl,6,720.4772338867188
step-000100000.pt,abs_kl,7,741.51708984375
step-000100000.pt,abs_kl,8,737.9658813476562
step-000100000.pt,abs_kl,9,704.5759887695312
step-000100000.pt,abs_kl,10,759.6262817382812
step-000100000.pt,obs_kl,-10,52.33279800415039
step-000100000.pt,obs_kl,-9,51.689117431640625
step-000100000.pt,obs_kl,-8,53.22402572631836
step-000100000.pt,obs_kl,-7,49.83890914916992
step-000100000.pt,obs_kl,-6,50.652957916259766
step-000100000.pt,obs_kl,-5,48.107749938964844
step-000100000.pt,obs_kl,-4,46.59930419921875
step-000100000.pt,obs_kl,-3,42.6143798828125
step-000100000.pt,obs_kl,-2,45.78148651123047
step-000100000.pt,obs_kl,-1,65.99616241455078
step-000100000.pt,obs_kl,0,154.31190490722656
step-000100000.pt,obs_kl,1,122.86474609375
step-000100000.pt,obs_kl,2,71.58462524414062
step-000100000.pt,obs_kl,3,55.662628173828125
step-000100000.pt,obs_kl,4,58.49100875854492
step-000100000.pt,obs_kl,5,54.928348541259766
step-000100000.pt,obs_kl,6,56.39979553222656
step-000100000.pt,obs_kl,7,55.7249870300293
step-000100000.pt,obs_kl,8,60.00807571411133
step-000100000.pt,obs_kl,9,48.00384521484375
step-000100000.pt,obs_kl,10,50.30755615234375
step-000100000.pt,abs_pred_err,-10,6.205961227416992
step-000100000.pt,abs_pred_err,-9,6.198356628417969
step-000100000.pt,abs_pred_err,-8,6.209202766418457
step-000100000.pt,abs_pred_err,-7,6.157888889312744
step-000100000.pt,abs_pred_err,-6,6.111595153808594
step-000100000.pt,abs_pred_err,-5,6.136887550354004
step-000100000.pt,abs_pred_err,-4,6.086427211761475
step-000100000.pt,abs_pred_err,-3,6.081981182098389
step-000100000.pt,abs_pred_err,-2,6.131013870239258
step-000100000.pt,abs_pred_err,-1,5.9535393714904785
step-000100000.pt,abs_pred_err,0,6.207944393157959
step-000100000.pt,abs_pred_err,1,6.2524847984313965
step-000100000.pt,abs_pred_err,2,6.05722188949585
step-000100000.pt,abs_pred_err,3,5.960184574127197
step-000100000.pt,abs_pred_err,4,6.1623759269714355
step-000100000.pt,abs_pred_err,5,5.889279842376709
step-000100000.pt,abs_pred_err,6,5.966938018798828
step-000100000.pt,abs_pred_err,7,6.102119445800781
step-000100000.pt,abs_pred_err,8,6.047626495361328
step-000100000.pt,abs_pred_err,9,5.851098537445068
step-000100000.pt,abs_pred_err,10,6.069149494171143
step-000100000.pt,obs_pred_err,-10,4.186908721923828
step-000100000.pt,obs_pred_err,-9,3.9439127445220947
step-000100000.pt,obs_pred_err,-8,3.792050361633301
step-000100000.pt,obs_pred_err,-7,3.7314536571502686
step-000100000.pt,obs_pred_err,-6,3.3857357501983643
step-000100000.pt,obs_pred_err,-5,2.7666280269622803
step-000100000.pt,obs_pred_err,-4,2.618896722793579
step-000100000.pt,obs_pred_err,-3,2.4072558879852295
step-000100000.pt,obs_pred_err,-2,2.3768928050994873
step-000100000.pt,obs_pred_err,-1,2.744232654571533
step-000100000.pt,obs_pred_err,0,4.732194900512695
step-000100000.pt,obs_pred_err,1,3.9591376781463623
step-000100000.pt,obs_pred_err,2,3.276540756225586
step-000100000.pt,obs_pred_err,3,2.9332435131073
step-000100000.pt,obs_pred_err,4,3.143106460571289
step-000100000.pt,obs_pred_err,5,3.432819366455078
step-000100000.pt,obs_pred_err,6,3.008455991744995
step-000100000.pt,obs_pred_err,7,3.275503396987915
step-000100000.pt,obs_pred_err,8,4.435213088989258
step-000100000.pt,obs_pred_err,9,5.437870025634766
step-000100000.pt,obs_pred_err,10,5.138512134552002
latest.pt,abs_kl,-10,740.6788940429688
latest.pt,abs_kl,-9,735.248779296875
latest.pt,abs_kl,-8,736.1588134765625
latest.pt,abs_kl,-7,731.7467041015625
latest.pt,abs_kl,-6,719.4942016601562
latest.pt,abs_kl,-5,720.1470336914062
latest.pt,abs_kl,-4,705.9480590820312
latest.pt,abs_kl,-3,709.78173828125
latest.pt,abs_kl,-2,719.7202758789062
latest.pt,abs_kl,-1,703.40087890625
latest.pt,abs_kl,0,727.56298828125
latest.pt,abs_kl,1,763.7054443359375
latest.pt,abs_kl,2,719.410400390625
latest.pt,abs_kl,3,694.0532836914062
latest.pt,abs_kl,4,718.6161499023438
latest.pt,abs_kl,5,680.4119873046875
latest.pt,abs_kl,6,702.4811401367188
latest.pt,abs_kl,7,725.3272705078125
latest.pt,abs_kl,8,728.4613037109375
latest.pt,abs_kl,9,703.21142578125
latest.pt,abs_kl,10,748.1820678710938
latest.pt,obs_kl,-10,51.68217468261719
latest.pt,obs_kl,-9,52.48516082763672
latest.pt,obs_kl,-8,53.62071990966797
latest.pt,obs_kl,-7,50.04822540283203
latest.pt,obs_kl,-6,50.891357421875
latest.pt,obs_kl,-5,45.58856964111328
latest.pt,obs_kl,-4,46.015987396240234
latest.pt,obs_kl,-3,41.604610443115234
latest.pt,obs_kl,-2,45.47539138793945
latest.pt,obs_kl,-1,59.28280258178711
latest.pt,obs_kl,0,165.87161254882812
latest.pt,obs_kl,1,139.241455078125
latest.pt,obs_kl,2,76.18812561035156
latest.pt,obs_kl,3,60.30049133300781
latest.pt,obs_kl,4,60.28101348876953
latest.pt,obs_kl,5,59.183921813964844
latest.pt,obs_kl,6,59.5784797668457
latest.pt,obs_kl,7,60.12782287597656
latest.pt,obs_kl,8,67.94061279296875
latest.pt,obs_kl,9,49.91730880737305
latest.pt,obs_kl,10,51.87887954711914
latest.pt,abs_pred_err,-10,6.09693717956543
latest.pt,abs_pred_err,-9,6.092672824859619
latest.pt,abs_pred_err,-8,6.095932960510254
latest.pt,abs_pred_err,-7,6.046183109283447
latest.pt,abs_pred_err,-6,6.003589153289795
latest.pt,abs_pred_err,-5,6.01400089263916
latest.pt,abs_pred_err,-4,5.955865859985352
latest.pt,abs_pred_err,-3,5.96260404586792
latest.pt,abs_pred_err,-2,6.010867595672607
latest.pt,abs_pred_err,-1,5.934700012207031
latest.pt,abs_pred_err,0,6.0656280517578125
latest.pt,abs_pred_err,1,6.1807708740234375
latest.pt,abs_pred_err,2,6.010752201080322
latest.pt,abs_pred_err,3,5.927073001861572
latest.pt,abs_pred_err,4,6.101352691650391
latest.pt,abs_pred_err,5,5.8570475578308105
latest.pt,abs_pred_err,6,5.918058395385742
latest.pt,abs_pred_err,7,6.053930759429932
latest.pt,abs_pred_err,8,6.0260090827941895
latest.pt,abs_pred_err,9,5.860307216644287
latest.pt,abs_pred_err,10,6.039100170135498
latest.pt,obs_pred_err,-10,4.216935634613037
latest.pt,obs_pred_err,-9,4.02786111831665
latest.pt,obs_pred_err,-8,3.9189963340759277
latest.pt,obs_pred_err,-7,3.818781614303589
latest.pt,obs_pred_err,-6,3.4266343116760254
latest.pt,obs_pred_err,-5,2.7663495540618896
latest.pt,obs_pred_err,-4,2.6637001037597656
latest.pt,obs_pred_err,-3,2.4480316638946533
latest.pt,obs_pred_err,-2,2.4390108585357666
latest.pt,obs_pred_err,-1,2.6323792934417725
latest.pt,obs_pred_err,0,4.820096969604492
latest.pt,obs_pred_err,1,4.072793483734131
latest.pt,obs_pred_err,2,3.327051877975464
latest.pt,obs_pred_err,3,2.9874515533447266
latest.pt,obs_pred_err,4,3.1494522094726562
latest.pt,obs_pred_err,5,3.3994603157043457
latest.pt,obs_pred_err,6,3.013080358505249
latest.pt,obs_pred_err,7,3.233574390411377
latest.pt,obs_pred_err,8,4.36637544631958
latest.pt,obs_pred_err,9,5.137293338775635
latest.pt,obs_pred_err,10,4.950292110443115
