ckpt,segment_index,segment_len
step-000006250.pt,0,228
step-000006250.pt,1,99
step-000006250.pt,2,106
step-000006250.pt,3,1
step-000006250.pt,4,238
step-000006250.pt,5,60
step-000006250.pt,6,239
step-000006250.pt,7,73
step-000006250.pt,8,239
step-000006250.pt,9,58
step-000006250.pt,10,1
step-000006250.pt,11,238
step-000006250.pt,12,102
step-000006250.pt,13,239
step-000006250.pt,14,27
step-000006250.pt,15,1
step-000006250.pt,16,238
step-000006250.pt,17,16
step-000006250.pt,18,1
step-000006250.pt,19,238
step-000006250.pt,20,24
step-000006250.pt,21,239
step-000006250.pt,22,116
step-000006250.pt,23,239
step-000006250.pt,24,40
step-000006250.pt,25,239
step-000006250.pt,26,60
step-000006250.pt,27,1
step-000006250.pt,28,238
step-000006250.pt,29,28
step-000006250.pt,30,239
step-000006250.pt,31,43
step-000006250.pt,32,239
step-000006250.pt,33,57
step-000006250.pt,34,239
step-000006250.pt,35,67
step-000006250.pt,36,239
step-000006250.pt,37,62
step-000006250.pt,38,239
step-000006250.pt,39,59
step-000006250.pt,40,239
step-000006250.pt,41,116
step-000006250.pt,42,1
step-000006250.pt,43,238
step-000006250.pt,44,157
step-000006250.pt,45,1
step-000006250.pt,46,238
step-000006250.pt,47,106
step-000006250.pt,48,239
step-000006250.pt,49,41
step-000006250.pt,50,1
step-000006250.pt,51,238
step-000006250.pt,52,169
step-000006250.pt,53,1
step-000006250.pt,54,238
step-000006250.pt,55,63
step-000006250.pt,56,239
step-000006250.pt,57,64
step-000006250.pt,58,1
step-000006250.pt,59,238
step-000006250.pt,60,20
step-000006250.pt,61,1
step-000006250.pt,62,238
step-000006250.pt,63,176
step-000006250.pt,64,1
step-000006250.pt,65,238
step-000006250.pt,66,20
step-000006250.pt,67,239
step-000006250.pt,68,145
step-000006250.pt,69,238
step-000006250.pt,70,17
step-000006250.pt,71,1
step-000006250.pt,72,238
step-000006250.pt,73,48
step-000006250.pt,74,239
step-000006250.pt,75,35
step-000006250.pt,76,239
step-000006250.pt,77,92
step-000006250.pt,78,239
step-000006250.pt,79,39
step-000006250.pt,80,239
step-000006250.pt,81,60
step-000006250.pt,82,239
step-000006250.pt,83,69
step-000006250.pt,84,1
step-000006250.pt,85,238
step-000006250.pt,86,116
step-000006250.pt,87,1
step-000006250.pt,88,238
step-000006250.pt,89,100
step-000006250.pt,90,239
step-000006250.pt,91,59
step-000006250.pt,92,1
step-000006250.pt,93,238
step-000006250.pt,94,118
step-000006250.pt,95,239
step-000006250.pt,96,62
step-000006250.pt,97,1
step-000006250.pt,98,238
step-000006250.pt,99,46
step-000006250.pt,100,239
step-000006250.pt,101,44
step-000006250.pt,102,1
step-000006250.pt,103,238
step-000006250.pt,104,87
step-000006250.pt,105,1
step-000006250.pt,106,238
step-000006250.pt,107,47
step-000006250.pt,108,239
step-000006250.pt,109,69
step-000006250.pt,110,1
step-000006250.pt,111,238
step-000006250.pt,112,152
step-000006250.pt,113,1
step-000006250.pt,114,238
step-000006250.pt,115,27
step-000006250.pt,116,239
step-000006250.pt,117,153
step-000006250.pt,118,1
step-000006250.pt,119,238
step-000006250.pt,120,132
step-000006250.pt,121,239
step-000006250.pt,122,32
step-000006250.pt,123,239
step-000006250.pt,124,80
step-000006250.pt,125,1
step-000006250.pt,126,238
step-000006250.pt,127,185
step-000006250.pt,128,1
step-000006250.pt,129,238
step-000006250.pt,130,225
step-000006250.pt,131,239
step-000006250.pt,132,29
step-000006250.pt,133,239
step-000006250.pt,134,82
step-000006250.pt,135,239
step-000006250.pt,136,43
step-000006250.pt,137,1
step-000006250.pt,138,238
step-000006250.pt,139,332
step-000006250.pt,140,239
step-000006250.pt,141,32
step-000006250.pt,142,239
step-000006250.pt,143,61
step-000006250.pt,144,1
step-000006250.pt,145,238
step-000006250.pt,146,154
step-000006250.pt,147,239
step-000006250.pt,148,33
step-000006250.pt,149,239
step-000006250.pt,150,32
step-000006250.pt,151,1
step-000006250.pt,152,238
step-000006250.pt,153,63
step-000006250.pt,154,239
step-000006250.pt,155,129
step-000006250.pt,156,239
step-000006250.pt,157,72
step-000006250.pt,158,239
step-000006250.pt,159,18
step-000006250.pt,160,239
step-000006250.pt,161,118
step-000006250.pt,162,239
step-000006250.pt,163,28
step-000006250.pt,164,239
step-000006250.pt,165,70
step-000006250.pt,166,239
step-000006250.pt,167,55
step-000006250.pt,168,1
step-000006250.pt,169,238
step-000006250.pt,170,147
step-000006250.pt,171,1
step-000006250.pt,172,238
step-000006250.pt,173,48
step-000006250.pt,174,239
step-000006250.pt,175,36
step-000006250.pt,176,239
step-000006250.pt,177,87
step-000006250.pt,178,239
step-000006250.pt,179,72
step-000006250.pt,180,239
step-000006250.pt,181,50
step-000006250.pt,182,238
step-000006250.pt,183,56
step-000006250.pt,184,1
step-000006250.pt,185,238
step-000006250.pt,186,93
step-000006250.pt,187,1
step-000006250.pt,188,238
step-000006250.pt,189,199
step-000006250.pt,190,239
step-000006250.pt,191,45
step-000006250.pt,192,239
step-000006250.pt,193,60
step-000006250.pt,194,239
step-000006250.pt,195,23
step-000006250.pt,196,1
step-000006250.pt,197,238
step-000006250.pt,198,41
step-000006250.pt,199,239
step-000006250.pt,200,31
step-000006250.pt,201,1
step-000006250.pt,202,238
step-000006250.pt,203,77
step-000006250.pt,204,1
step-000006250.pt,205,14
step-000012500.pt,0,228
step-000012500.pt,1,99
step-000012500.pt,2,106
step-000012500.pt,3,1
step-000012500.pt,4,238
step-000012500.pt,5,60
step-000012500.pt,6,239
step-000012500.pt,7,73
step-000012500.pt,8,239
step-000012500.pt,9,58
step-000012500.pt,10,239
step-000012500.pt,11,102
step-000012500.pt,12,239
step-000012500.pt,13,27
step-000012500.pt,14,239
step-000012500.pt,15,16
step-000012500.pt,16,1
step-000012500.pt,17,238
step-000012500.pt,18,24
step-000012500.pt,19,239
step-000012500.pt,20,116
step-000012500.pt,21,239
step-000012500.pt,22,40
step-000012500.pt,23,239
step-000012500.pt,24,60
step-000012500.pt,25,239
step-000012500.pt,26,28
step-000012500.pt,27,239
step-000012500.pt,28,43
step-000012500.pt,29,239
step-000012500.pt,30,57
step-000012500.pt,31,239
step-000012500.pt,32,67
step-000012500.pt,33,239
step-000012500.pt,34,62
step-000012500.pt,35,239
step-000012500.pt,36,59
step-000012500.pt,37,239
step-000012500.pt,38,116
step-000012500.pt,39,1
step-000012500.pt,40,238
step-000012500.pt,41,157
step-000012500.pt,42,1
step-000012500.pt,43,238
step-000012500.pt,44,106
step-000012500.pt,45,239
step-000012500.pt,46,41
step-000012500.pt,47,1
step-000012500.pt,48,238
step-000012500.pt,49,169
step-000012500.pt,50,239
step-000012500.pt,51,63
step-000012500.pt,52,239
step-000012500.pt,53,64
step-000012500.pt,54,1
step-000012500.pt,55,238
step-000012500.pt,56,20
step-000012500.pt,57,1
step-000012500.pt,58,238
step-000012500.pt,59,176
step-000012500.pt,60,1
step-000012500.pt,61,238
step-000012500.pt,62,20
step-000012500.pt,63,239
step-000012500.pt,64,145
step-000012500.pt,65,238
step-000012500.pt,66,17
step-000012500.pt,67,239
step-000012500.pt,68,48
step-000012500.pt,69,239
step-000012500.pt,70,35
step-000012500.pt,71,239
step-000012500.pt,72,92
step-000012500.pt,73,239
step-000012500.pt,74,39
step-000012500.pt,75,239
step-000012500.pt,76,60
step-000012500.pt,77,239
step-000012500.pt,78,69
step-000012500.pt,79,239
step-000012500.pt,80,116
step-000012500.pt,81,1
step-000012500.pt,82,238
step-000012500.pt,83,100
step-000012500.pt,84,239
step-000012500.pt,85,59
step-000012500.pt,86,239
step-000012500.pt,87,118
step-000012500.pt,88,239
step-000012500.pt,89,62
step-000012500.pt,90,239
step-000012500.pt,91,46
step-000012500.pt,92,239
step-000012500.pt,93,44
step-000012500.pt,94,239
step-000012500.pt,95,87
step-000012500.pt,96,1
step-000012500.pt,97,238
step-000012500.pt,98,47
step-000012500.pt,99,239
step-000012500.pt,100,69
step-000012500.pt,101,1
step-000012500.pt,102,238
step-000012500.pt,103,152
step-000012500.pt,104,1
step-000012500.pt,105,238
step-000012500.pt,106,27
step-000012500.pt,107,239
step-000012500.pt,108,153
step-000012500.pt,109,239
step-000012500.pt,110,132
step-000012500.pt,111,239
step-000012500.pt,112,32
step-000012500.pt,113,239
step-000012500.pt,114,80
step-000012500.pt,115,239
step-000012500.pt,116,185
step-000012500.pt,117,1
step-000012500.pt,118,238
step-000012500.pt,119,225
step-000012500.pt,120,239
step-000012500.pt,121,29
step-000012500.pt,122,239
step-000012500.pt,123,82
step-000012500.pt,124,239
step-000012500.pt,125,43
step-000012500.pt,126,1
step-000012500.pt,127,238
step-000012500.pt,128,332
step-000012500.pt,129,239
step-000012500.pt,130,32
step-000012500.pt,131,239
step-000012500.pt,132,61
step-000012500.pt,133,1
step-000012500.pt,134,238
step-000012500.pt,135,154
step-000012500.pt,136,239
step-000012500.pt,137,33
step-000012500.pt,138,239
step-000012500.pt,139,32
step-000012500.pt,140,1
step-000012500.pt,141,238
step-000012500.pt,142,63
step-000012500.pt,143,239
step-000012500.pt,144,129
step-000012500.pt,145,239
step-000012500.pt,146,72
step-000012500.pt,147,239
step-000012500.pt,148,18
step-000012500.pt,149,239
step-000012500.pt,150,118
step-000012500.pt,151,239
step-000012500.pt,152,28
step-000012500.pt,153,239
step-000012500.pt,154,70
step-000012500.pt,155,239
step-000012500.pt,156,55
step-000012500.pt,157,1
step-000012500.pt,158,238
step-000012500.pt,159,147
step-000012500.pt,160,1
step-000012500.pt,161,238
step-000012500.pt,162,48
step-000012500.pt,163,239
step-000012500.pt,164,36
step-000012500.pt,165,1
step-000012500.pt,166,238
step-000012500.pt,167,87
step-000012500.pt,168,239
step-000012500.pt,169,72
step-000012500.pt,170,239
step-000012500.pt,171,50
step-000012500.pt,172,238
step-000012500.pt,173,57
step-000012500.pt,174,238
step-000012500.pt,175,93
step-000012500.pt,176,239
step-000012500.pt,177,199
step-000012500.pt,178,239
step-000012500.pt,179,45
step-000012500.pt,180,239
step-000012500.pt,181,60
step-000012500.pt,182,1
step-000012500.pt,183,238
step-000012500.pt,184,23
step-000012500.pt,185,1
step-000012500.pt,186,238
step-000012500.pt,187,41
step-000012500.pt,188,239
step-000012500.pt,189,31
step-000012500.pt,190,1
step-000012500.pt,191,238
step-000012500.pt,192,78
step-000012500.pt,193,14
step-000018750.pt,0,228
step-000018750.pt,1,99
step-000018750.pt,2,106
step-000018750.pt,3,1
step-000018750.pt,4,238
step-000018750.pt,5,60
step-000018750.pt,6,239
step-000018750.pt,7,73
step-000018750.pt,8,239
step-000018750.pt,9,58
step-000018750.pt,10,239
step-000018750.pt,11,102
step-000018750.pt,12,239
step-000018750.pt,13,27
step-000018750.pt,14,239
step-000018750.pt,15,16
step-000018750.pt,16,1
step-000018750.pt,17,238
step-000018750.pt,18,24
step-000018750.pt,19,239
step-000018750.pt,20,116
step-000018750.pt,21,239
step-000018750.pt,22,40
step-000018750.pt,23,239
step-000018750.pt,24,60
step-000018750.pt,25,239
step-000018750.pt,26,28
step-000018750.pt,27,239
step-000018750.pt,28,43
step-000018750.pt,29,239
step-000018750.pt,30,57
step-000018750.pt,31,239
step-000018750.pt,32,67
step-000018750.pt,33,239
step-000018750.pt,34,62
step-000018750.pt,35,239
step-000018750.pt,36,59
step-000018750.pt,37,239
step-000018750.pt,38,116
step-000018750.pt,39,1
step-000018750.pt,40,238
step-000018750.pt,41,157
step-000018750.pt,42,1
step-000018750.pt,43,238
step-000018750.pt,44,106
step-000018750.pt,45,239
step-000018750.pt,46,41
step-000018750.pt,47,1
step-000018750.pt,48,238
step-000018750.pt,49,169
step-000018750.pt,50,239
step-000018750.pt,51,63
step-000018750.pt,52,239
step-000018750.pt,53,64
step-000018750.pt,54,1
step-000018750.pt,55,238
step-000018750.pt,56,20
step-000018750.pt,57,1
step-000018750.pt,58,238
step-000018750.pt,59,176
step-000018750.pt,60,1
step-000018750.pt,61,238
step-000018750.pt,62,20
step-000018750.pt,63,239
step-000018750.pt,64,144
step-000018750.pt,65,1
step-000018750.pt,66,238
step-000018750.pt,67,17
step-000018750.pt,68,239
step-000018750.pt,69,48
step-000018750.pt,70,239
step-000018750.pt,71,35
step-000018750.pt,72,239
step-000018750.pt,73,92
step-000018750.pt,74,239
step-000018750.pt,75,39
step-000018750.pt,76,239
step-000018750.pt,77,60
step-000018750.pt,78,239
step-000018750.pt,79,69
step-000018750.pt,80,239
step-000018750.pt,81,116
step-000018750.pt,82,1
step-000018750.pt,83,238
step-000018750.pt,84,100
step-000018750.pt,85,239
step-000018750.pt,86,59
step-000018750.pt,87,239
step-000018750.pt,88,118
step-000018750.pt,89,239
step-000018750.pt,90,62
step-000018750.pt,91,239
step-000018750.pt,92,46
step-000018750.pt,93,239
step-000018750.pt,94,44
step-000018750.pt,95,1
step-000018750.pt,96,238
step-000018750.pt,97,87
step-000018750.pt,98,1
step-000018750.pt,99,238
step-000018750.pt,100,47
step-000018750.pt,101,239
step-000018750.pt,102,69
step-000018750.pt,103,1
step-000018750.pt,104,238
step-000018750.pt,105,152
step-000018750.pt,106,1
step-000018750.pt,107,238
step-000018750.pt,108,27
step-000018750.pt,109,239
step-000018750.pt,110,153
step-000018750.pt,111,239
step-000018750.pt,112,132
step-000018750.pt,113,239
step-000018750.pt,114,32
step-000018750.pt,115,239
step-000018750.pt,116,80
step-000018750.pt,117,239
step-000018750.pt,118,185
step-000018750.pt,119,1
step-000018750.pt,120,238
step-000018750.pt,121,225
step-000018750.pt,122,239
step-000018750.pt,123,29
step-000018750.pt,124,239
step-000018750.pt,125,82
step-000018750.pt,126,239
step-000018750.pt,127,43
step-000018750.pt,128,1
step-000018750.pt,129,238
step-000018750.pt,130,332
step-000018750.pt,131,239
step-000018750.pt,132,32
step-000018750.pt,133,239
step-000018750.pt,134,61
step-000018750.pt,135,1
step-000018750.pt,136,238
step-000018750.pt,137,154
step-000018750.pt,138,239
step-000018750.pt,139,33
step-000018750.pt,140,239
step-000018750.pt,141,32
step-000018750.pt,142,1
step-000018750.pt,143,238
step-000018750.pt,144,63
step-000018750.pt,145,239
step-000018750.pt,146,129
step-000018750.pt,147,239
step-000018750.pt,148,72
step-000018750.pt,149,239
step-000018750.pt,150,18
step-000018750.pt,151,239
step-000018750.pt,152,118
step-000018750.pt,153,239
step-000018750.pt,154,28
step-000018750.pt,155,239
step-000018750.pt,156,70
step-000018750.pt,157,239
step-000018750.pt,158,55
step-000018750.pt,159,1
step-000018750.pt,160,238
step-000018750.pt,161,147
step-000018750.pt,162,1
step-000018750.pt,163,238
step-000018750.pt,164,48
step-000018750.pt,165,239
step-000018750.pt,166,36
step-000018750.pt,167,1
step-000018750.pt,168,238
step-000018750.pt,169,87
step-000018750.pt,170,239
step-000018750.pt,171,72
step-000018750.pt,172,239
step-000018750.pt,173,49
step-000018750.pt,174,1
step-000018750.pt,175,238
step-000018750.pt,176,56
step-000018750.pt,177,1
step-000018750.pt,178,238
step-000018750.pt,179,93
step-000018750.pt,180,239
step-000018750.pt,181,199
step-000018750.pt,182,239
step-000018750.pt,183,45
step-000018750.pt,184,239
step-000018750.pt,185,60
step-000018750.pt,186,1
step-000018750.pt,187,238
step-000018750.pt,188,23
step-000018750.pt,189,1
step-000018750.pt,190,238
step-000018750.pt,191,41
step-000018750.pt,192,239
step-000018750.pt,193,31
step-000018750.pt,194,1
step-000018750.pt,195,238
step-000018750.pt,196,77
step-000018750.pt,197,1
step-000018750.pt,198,14
step-000025000.pt,0,228
step-000025000.pt,1,99
step-000025000.pt,2,106
step-000025000.pt,3,1
step-000025000.pt,4,238
step-000025000.pt,5,60
step-000025000.pt,6,239
step-000025000.pt,7,73
step-000025000.pt,8,239
step-000025000.pt,9,58
step-000025000.pt,10,239
step-000025000.pt,11,102
step-000025000.pt,12,239
step-000025000.pt,13,27
step-000025000.pt,14,239
step-000025000.pt,15,16
step-000025000.pt,16,239
step-000025000.pt,17,24
step-000025000.pt,18,239
step-000025000.pt,19,116
step-000025000.pt,20,239
step-000025000.pt,21,40
step-000025000.pt,22,239
step-000025000.pt,23,60
step-000025000.pt,24,239
step-000025000.pt,25,28
step-000025000.pt,26,239
step-000025000.pt,27,43
step-000025000.pt,28,239
step-000025000.pt,29,57
step-000025000.pt,30,239
step-000025000.pt,31,67
step-000025000.pt,32,239
step-000025000.pt,33,62
step-000025000.pt,34,239
step-000025000.pt,35,59
step-000025000.pt,36,239
step-000025000.pt,37,116
step-000025000.pt,38,239
step-000025000.pt,39,157
step-000025000.pt,40,239
step-000025000.pt,41,106
step-000025000.pt,42,239
step-000025000.pt,43,41
step-000025000.pt,44,239
step-000025000.pt,45,169
step-000025000.pt,46,239
step-000025000.pt,47,63
step-000025000.pt,48,239
step-000025000.pt,49,64
step-000025000.pt,50,1
step-000025000.pt,51,238
step-000025000.pt,52,20
step-000025000.pt,53,239
step-000025000.pt,54,176
step-000025000.pt,55,239
step-000025000.pt,56,20
step-000025000.pt,57,239
step-000025000.pt,58,144
step-000025000.pt,59,239
step-000025000.pt,60,17
step-000025000.pt,61,239
step-000025000.pt,62,48
step-000025000.pt,63,239
step-000025000.pt,64,35
step-000025000.pt,65,239
step-000025000.pt,66,92
step-000025000.pt,67,239
step-000025000.pt,68,39
step-000025000.pt,69,239
step-000025000.pt,70,60
step-000025000.pt,71,239
step-000025000.pt,72,69
step-000025000.pt,73,239
step-000025000.pt,74,355
step-000025000.pt,75,100
step-000025000.pt,76,239
step-000025000.pt,77,59
step-000025000.pt,78,239
step-000025000.pt,79,118
step-000025000.pt,80,239
step-000025000.pt,81,62
step-000025000.pt,82,239
step-000025000.pt,83,46
step-000025000.pt,84,239
step-000025000.pt,85,44
step-000025000.pt,86,239
step-000025000.pt,87,87
step-000025000.pt,88,1
step-000025000.pt,89,238
step-000025000.pt,90,47
step-000025000.pt,91,239
step-000025000.pt,92,69
step-000025000.pt,93,1
step-000025000.pt,94,238
step-000025000.pt,95,152
step-000025000.pt,96,239
step-000025000.pt,97,27
step-000025000.pt,98,239
step-000025000.pt,99,153
step-000025000.pt,100,239
step-000025000.pt,101,371
step-000025000.pt,102,32
step-000025000.pt,103,239
step-000025000.pt,104,80
step-000025000.pt,105,239
step-000025000.pt,106,185
step-000025000.pt,107,239
step-000025000.pt,108,225
step-000025000.pt,109,239
step-000025000.pt,110,29
step-000025000.pt,111,239
step-000025000.pt,112,82
step-000025000.pt,113,239
step-000025000.pt,114,43
step-000025000.pt,115,1
step-000025000.pt,116,238
step-000025000.pt,117,332
step-000025000.pt,118,239
step-000025000.pt,119,32
step-000025000.pt,120,239
step-000025000.pt,121,61
step-000025000.pt,122,239
step-000025000.pt,123,154
step-000025000.pt,124,239
step-000025000.pt,125,33
step-000025000.pt,126,239
step-000025000.pt,127,32
step-000025000.pt,128,1
step-000025000.pt,129,238
step-000025000.pt,130,63
step-000025000.pt,131,239
step-000025000.pt,132,129
step-000025000.pt,133,239
step-000025000.pt,134,72
step-000025000.pt,135,239
step-000025000.pt,136,18
step-000025000.pt,137,239
step-000025000.pt,138,118
step-000025000.pt,139,239
step-000025000.pt,140,28
step-000025000.pt,141,239
step-000025000.pt,142,70
step-000025000.pt,143,239
step-000025000.pt,144,55
step-000025000.pt,145,239
step-000025000.pt,146,147
step-000025000.pt,147,239
step-000025000.pt,148,48
step-000025000.pt,149,239
step-000025000.pt,150,275
step-000025000.pt,151,87
step-000025000.pt,152,239
step-000025000.pt,153,72
step-000025000.pt,154,239
step-000025000.pt,155,49
step-000025000.pt,156,239
step-000025000.pt,157,56
step-000025000.pt,158,239
step-000025000.pt,159,93
step-000025000.pt,160,239
step-000025000.pt,161,199
step-000025000.pt,162,239
step-000025000.pt,163,45
step-000025000.pt,164,239
step-000025000.pt,165,299
step-000025000.pt,166,23
step-000025000.pt,167,1
step-000025000.pt,168,238
step-000025000.pt,169,41
step-000025000.pt,170,239
step-000025000.pt,171,31
step-000025000.pt,172,1
step-000025000.pt,173,238
step-000025000.pt,174,77
step-000025000.pt,175,1
step-000025000.pt,176,14
step-000031250.pt,0,228
step-000031250.pt,1,99
step-000031250.pt,2,106
step-000031250.pt,3,1
step-000031250.pt,4,238
step-000031250.pt,5,60
step-000031250.pt,6,239
step-000031250.pt,7,73
step-000031250.pt,8,239
step-000031250.pt,9,58
step-000031250.pt,10,239
step-000031250.pt,11,102
step-000031250.pt,12,239
step-000031250.pt,13,27
step-000031250.pt,14,239
step-000031250.pt,15,16
step-000031250.pt,16,239
step-000031250.pt,17,263
step-000031250.pt,18,116
step-000031250.pt,19,239
step-000031250.pt,20,40
step-000031250.pt,21,239
step-000031250.pt,22,60
step-000031250.pt,23,239
step-000031250.pt,24,28
step-000031250.pt,25,239
step-000031250.pt,26,43
step-000031250.pt,27,239
step-000031250.pt,28,57
step-000031250.pt,29,239
step-000031250.pt,30,67
step-000031250.pt,31,239
step-000031250.pt,32,62
step-000031250.pt,33,239
step-000031250.pt,34,59
step-000031250.pt,35,239
step-000031250.pt,36,116
step-000031250.pt,37,239
step-000031250.pt,38,157
step-000031250.pt,39,239
step-000031250.pt,40,106
step-000031250.pt,41,239
step-000031250.pt,42,41
step-000031250.pt,43,239
step-000031250.pt,44,169
step-000031250.pt,45,239
step-000031250.pt,46,63
step-000031250.pt,47,239
step-000031250.pt,48,64
step-000031250.pt,49,1
step-000031250.pt,50,238
step-000031250.pt,51,20
step-000031250.pt,52,239
step-000031250.pt,53,176
step-000031250.pt,54,239
step-000031250.pt,55,20
step-000031250.pt,56,239
step-000031250.pt,57,383
step-000031250.pt,58,17
step-000031250.pt,59,239
step-000031250.pt,60,48
step-000031250.pt,61,239
step-000031250.pt,62,35
step-000031250.pt,63,239
step-000031250.pt,64,92
step-000031250.pt,65,239
step-000031250.pt,66,39
step-000031250.pt,67,239
step-000031250.pt,68,60
step-000031250.pt,69,239
step-000031250.pt,70,69
step-000031250.pt,71,239
step-000031250.pt,72,355
step-000031250.pt,73,100
step-000031250.pt,74,239
step-000031250.pt,75,59
step-000031250.pt,76,239
step-000031250.pt,77,118
step-000031250.pt,78,239
step-000031250.pt,79,62
step-000031250.pt,80,239
step-000031250.pt,81,46
step-000031250.pt,82,239
step-000031250.pt,83,44
step-000031250.pt,84,239
step-000031250.pt,85,87
step-000031250.pt,86,1
step-000031250.pt,87,238
step-000031250.pt,88,47
step-000031250.pt,89,239
step-000031250.pt,90,69
step-000031250.pt,91,239
step-000031250.pt,92,152
step-000031250.pt,93,239
step-000031250.pt,94,266
step-000031250.pt,95,153
step-000031250.pt,96,239
step-000031250.pt,97,371
step-000031250.pt,98,32
step-000031250.pt,99,239
step-000031250.pt,100,80
step-000031250.pt,101,239
step-000031250.pt,102,185
step-000031250.pt,103,239
step-000031250.pt,104,225
step-000031250.pt,105,239
step-000031250.pt,106,29
step-000031250.pt,107,239
step-000031250.pt,108,82
step-000031250.pt,109,239
step-000031250.pt,110,43
step-000031250.pt,111,1
step-000031250.pt,112,238
step-000031250.pt,113,332
step-000031250.pt,114,239
step-000031250.pt,115,32
step-000031250.pt,116,239
step-000031250.pt,117,61
step-000031250.pt,118,239
step-000031250.pt,119,154
step-000031250.pt,120,239
step-000031250.pt,121,33
step-000031250.pt,122,239
step-000031250.pt,123,32
step-000031250.pt,124,1
step-000031250.pt,125,238
step-000031250.pt,126,63
step-000031250.pt,127,239
step-000031250.pt,128,129
step-000031250.pt,129,239
step-000031250.pt,130,72
step-000031250.pt,131,239
step-000031250.pt,132,18
step-000031250.pt,133,239
step-000031250.pt,134,118
step-000031250.pt,135,239
step-000031250.pt,136,267
step-000031250.pt,137,70
step-000031250.pt,138,239
step-000031250.pt,139,55
step-000031250.pt,140,239
step-000031250.pt,141,386
step-000031250.pt,142,48
step-000031250.pt,143,239
step-000031250.pt,144,36
step-000031250.pt,145,239
step-000031250.pt,146,87
step-000031250.pt,147,239
step-000031250.pt,148,72
step-000031250.pt,149,239
step-000031250.pt,150,49
step-000031250.pt,151,239
step-000031250.pt,152,56
step-000031250.pt,153,1
step-000031250.pt,154,238
step-000031250.pt,155,93
step-000031250.pt,156,239
step-000031250.pt,157,199
step-000031250.pt,158,239
step-000031250.pt,159,45
step-000031250.pt,160,239
step-000031250.pt,161,60
step-000031250.pt,162,239
step-000031250.pt,163,23
step-000031250.pt,164,239
step-000031250.pt,165,41
step-000031250.pt,166,239
step-000031250.pt,167,31
step-000031250.pt,168,1
step-000031250.pt,169,238
step-000031250.pt,170,77
step-000031250.pt,171,15
step-000037500.pt,0,228
step-000037500.pt,1,99
step-000037500.pt,2,106
step-000037500.pt,3,1
step-000037500.pt,4,238
step-000037500.pt,5,60
step-000037500.pt,6,239
step-000037500.pt,7,73
step-000037500.pt,8,239
step-000037500.pt,9,58
step-000037500.pt,10,239
step-000037500.pt,11,102
step-000037500.pt,12,1
step-000037500.pt,13,238
step-000037500.pt,14,27
step-000037500.pt,15,239
step-000037500.pt,16,16
step-000037500.pt,17,1
step-000037500.pt,18,238
step-000037500.pt,19,24
step-000037500.pt,20,239
step-000037500.pt,21,116
step-000037500.pt,22,239
step-000037500.pt,23,40
step-000037500.pt,24,239
step-000037500.pt,25,60
step-000037500.pt,26,239
step-000037500.pt,27,28
step-000037500.pt,28,239
step-000037500.pt,29,43
step-000037500.pt,30,239
step-000037500.pt,31,57
step-000037500.pt,32,239
step-000037500.pt,33,67
step-000037500.pt,34,239
step-000037500.pt,35,62
step-000037500.pt,36,239
step-000037500.pt,37,59
step-000037500.pt,38,239
step-000037500.pt,39,116
step-000037500.pt,40,1
step-000037500.pt,41,238
step-000037500.pt,42,157
step-000037500.pt,43,1
step-000037500.pt,44,238
step-000037500.pt,45,106
step-000037500.pt,46,239
step-000037500.pt,47,41
step-000037500.pt,48,1
step-000037500.pt,49,238
step-000037500.pt,50,169
step-000037500.pt,51,239
step-000037500.pt,52,63
step-000037500.pt,53,239
step-000037500.pt,54,64
step-000037500.pt,55,1
step-000037500.pt,56,238
step-000037500.pt,57,20
step-000037500.pt,58,1
step-000037500.pt,59,238
step-000037500.pt,60,176
step-000037500.pt,61,1
step-000037500.pt,62,238
step-000037500.pt,63,20
step-000037500.pt,64,1
step-000037500.pt,65,238
step-000037500.pt,66,144
step-000037500.pt,67,1
step-000037500.pt,68,238
step-000037500.pt,69,17
step-000037500.pt,70,239
step-000037500.pt,71,48
step-000037500.pt,72,239
step-000037500.pt,73,35
step-000037500.pt,74,239
step-000037500.pt,75,92
step-000037500.pt,76,239
step-000037500.pt,77,39
step-000037500.pt,78,239
step-000037500.pt,79,60
step-000037500.pt,80,239
step-000037500.pt,81,69
step-000037500.pt,82,239
step-000037500.pt,83,116
step-000037500.pt,84,1
step-000037500.pt,85,238
step-000037500.pt,86,100
step-000037500.pt,87,239
step-000037500.pt,88,59
step-000037500.pt,89,239
step-000037500.pt,90,118
step-000037500.pt,91,239
step-000037500.pt,92,62
step-000037500.pt,93,239
step-000037500.pt,94,46
step-000037500.pt,95,239
step-000037500.pt,96,44
step-000037500.pt,97,1
step-000037500.pt,98,238
step-000037500.pt,99,87
step-000037500.pt,100,1
step-000037500.pt,101,238
step-000037500.pt,102,47
step-000037500.pt,103,239
step-000037500.pt,104,69
step-000037500.pt,105,1
step-000037500.pt,106,238
step-000037500.pt,107,152
step-000037500.pt,108,1
step-000037500.pt,109,238
step-000037500.pt,110,27
step-000037500.pt,111,239
step-000037500.pt,112,153
step-000037500.pt,113,239
step-000037500.pt,114,132
step-000037500.pt,115,239
step-000037500.pt,116,32
step-000037500.pt,117,239
step-000037500.pt,118,80
step-000037500.pt,119,239
step-000037500.pt,120,185
step-000037500.pt,121,1
step-000037500.pt,122,238
step-000037500.pt,123,225
step-000037500.pt,124,239
step-000037500.pt,125,29
step-000037500.pt,126,239
step-000037500.pt,127,82
step-000037500.pt,128,239
step-000037500.pt,129,43
step-000037500.pt,130,1
step-000037500.pt,131,238
step-000037500.pt,132,332
step-000037500.pt,133,239
step-000037500.pt,134,32
step-000037500.pt,135,239
step-000037500.pt,136,61
step-000037500.pt,137,1
step-000037500.pt,138,238
step-000037500.pt,139,154
step-000037500.pt,140,239
step-000037500.pt,141,33
step-000037500.pt,142,239
step-000037500.pt,143,32
step-000037500.pt,144,1
step-000037500.pt,145,238
step-000037500.pt,146,63
step-000037500.pt,147,239
step-000037500.pt,148,129
step-000037500.pt,149,239
step-000037500.pt,150,72
step-000037500.pt,151,239
step-000037500.pt,152,18
step-000037500.pt,153,239
step-000037500.pt,154,118
step-000037500.pt,155,239
step-000037500.pt,156,28
step-000037500.pt,157,309
step-000037500.pt,158,239
step-000037500.pt,159,55
step-000037500.pt,160,1
step-000037500.pt,161,238
step-000037500.pt,162,147
step-000037500.pt,163,1
step-000037500.pt,164,238
step-000037500.pt,165,48
step-000037500.pt,166,239
step-000037500.pt,167,36
step-000037500.pt,168,1
step-000037500.pt,169,238
step-000037500.pt,170,87
step-000037500.pt,171,239
step-000037500.pt,172,72
step-000037500.pt,173,239
step-000037500.pt,174,49
step-000037500.pt,175,1
step-000037500.pt,176,238
step-000037500.pt,177,56
step-000037500.pt,178,1
step-000037500.pt,179,238
step-000037500.pt,180,93
step-000037500.pt,181,239
step-000037500.pt,182,199
step-000037500.pt,183,239
step-000037500.pt,184,45
step-000037500.pt,185,239
step-000037500.pt,186,60
step-000037500.pt,187,1
step-000037500.pt,188,238
step-000037500.pt,189,23
step-000037500.pt,190,1
step-000037500.pt,191,238
step-000037500.pt,192,41
step-000037500.pt,193,239
step-000037500.pt,194,31
step-000037500.pt,195,1
step-000037500.pt,196,238
step-000037500.pt,197,77
step-000037500.pt,198,1
step-000037500.pt,199,14
step-000043750.pt,0,228
step-000043750.pt,1,99
step-000043750.pt,2,106
step-000043750.pt,3,1
step-000043750.pt,4,238
step-000043750.pt,5,60
step-000043750.pt,6,239
step-000043750.pt,7,73
step-000043750.pt,8,239
step-000043750.pt,9,58
step-000043750.pt,10,239
step-000043750.pt,11,102
step-000043750.pt,12,1
step-000043750.pt,13,238
step-000043750.pt,14,27
step-000043750.pt,15,239
step-000043750.pt,16,16
step-000043750.pt,17,1
step-000043750.pt,18,238
step-000043750.pt,19,24
step-000043750.pt,20,239
step-000043750.pt,21,116
step-000043750.pt,22,279
step-000043750.pt,23,299
step-000043750.pt,24,239
step-000043750.pt,25,28
step-000043750.pt,26,239
step-000043750.pt,27,43
step-000043750.pt,28,239
step-000043750.pt,29,57
step-000043750.pt,30,239
step-000043750.pt,31,67
step-000043750.pt,32,239
step-000043750.pt,33,62
step-000043750.pt,34,239
step-000043750.pt,35,59
step-000043750.pt,36,239
step-000043750.pt,37,116
step-000043750.pt,38,1
step-000043750.pt,39,238
step-000043750.pt,40,157
step-000043750.pt,41,1
step-000043750.pt,42,238
step-000043750.pt,43,106
step-000043750.pt,44,239
step-000043750.pt,45,41
step-000043750.pt,46,1
step-000043750.pt,47,238
step-000043750.pt,48,169
step-000043750.pt,49,239
step-000043750.pt,50,63
step-000043750.pt,51,239
step-000043750.pt,52,64
step-000043750.pt,53,1
step-000043750.pt,54,238
step-000043750.pt,55,20
step-000043750.pt,56,1
step-000043750.pt,57,238
step-000043750.pt,58,176
step-000043750.pt,59,1
step-000043750.pt,60,238
step-000043750.pt,61,20
step-000043750.pt,62,1
step-000043750.pt,63,238
step-000043750.pt,64,145
step-000043750.pt,65,238
step-000043750.pt,66,17
step-000043750.pt,67,239
step-000043750.pt,68,48
step-000043750.pt,69,239
step-000043750.pt,70,35
step-000043750.pt,71,239
step-000043750.pt,72,92
step-000043750.pt,73,239
step-000043750.pt,74,39
step-000043750.pt,75,239
step-000043750.pt,76,60
step-000043750.pt,77,239
step-000043750.pt,78,69
step-000043750.pt,79,239
step-000043750.pt,80,116
step-000043750.pt,81,1
step-000043750.pt,82,238
step-000043750.pt,83,100
step-000043750.pt,84,239
step-000043750.pt,85,59
step-000043750.pt,86,239
step-000043750.pt,87,118
step-000043750.pt,88,239
step-000043750.pt,89,62
step-000043750.pt,90,239
step-000043750.pt,91,46
step-000043750.pt,92,239
step-000043750.pt,93,44
step-000043750.pt,94,1
step-000043750.pt,95,238
step-000043750.pt,96,87
step-000043750.pt,97,1
step-000043750.pt,98,238
step-000043750.pt,99,47
step-000043750.pt,100,239
step-000043750.pt,101,69
step-000043750.pt,102,1
step-000043750.pt,103,238
step-000043750.pt,104,152
step-000043750.pt,105,1
step-000043750.pt,106,238
step-000043750.pt,107,27
step-000043750.pt,108,392
step-000043750.pt,109,239
step-000043750.pt,110,132
step-000043750.pt,111,239
step-000043750.pt,112,32
step-000043750.pt,113,239
step-000043750.pt,114,80
step-000043750.pt,115,239
step-000043750.pt,116,185
step-000043750.pt,117,1
step-000043750.pt,118,238
step-000043750.pt,119,225
step-000043750.pt,120,239
step-000043750.pt,121,29
step-000043750.pt,122,239
step-000043750.pt,123,82
step-000043750.pt,124,282
step-000043750.pt,125,1
step-000043750.pt,126,238
step-000043750.pt,127,332
step-000043750.pt,128,239
step-000043750.pt,129,32
step-000043750.pt,130,239
step-000043750.pt,131,61
step-000043750.pt,132,1
step-000043750.pt,133,238
step-000043750.pt,134,154
step-000043750.pt,135,239
step-000043750.pt,136,33
step-000043750.pt,137,239
step-000043750.pt,138,32
step-000043750.pt,139,1
step-000043750.pt,140,238
step-000043750.pt,141,63
step-000043750.pt,142,239
step-000043750.pt,143,129
step-000043750.pt,144,311
step-000043750.pt,145,239
step-000043750.pt,146,18
step-000043750.pt,147,239
step-000043750.pt,148,118
step-000043750.pt,149,239
step-000043750.pt,150,28
step-000043750.pt,151,239
step-000043750.pt,152,70
step-000043750.pt,153,239
step-000043750.pt,154,55
step-000043750.pt,155,1
step-000043750.pt,156,238
step-000043750.pt,157,147
step-000043750.pt,158,1
step-000043750.pt,159,238
step-000043750.pt,160,48
step-000043750.pt,161,239
step-000043750.pt,162,36
step-000043750.pt,163,1
step-000043750.pt,164,238
step-000043750.pt,165,87
step-000043750.pt,166,239
step-000043750.pt,167,72
step-000043750.pt,168,239
step-000043750.pt,169,49
step-000043750.pt,170,1
step-000043750.pt,171,238
step-000043750.pt,172,56
step-000043750.pt,173,1
step-000043750.pt,174,238
step-000043750.pt,175,93
step-000043750.pt,176,239
step-000043750.pt,177,199
step-000043750.pt,178,239
step-000043750.pt,179,45
step-000043750.pt,180,239
step-000043750.pt,181,60
step-000043750.pt,182,1
step-000043750.pt,183,238
step-000043750.pt,184,23
step-000043750.pt,185,1
step-000043750.pt,186,238
step-000043750.pt,187,41
step-000043750.pt,188,239
step-000043750.pt,189,31
step-000043750.pt,190,1
step-000043750.pt,191,238
step-000043750.pt,192,77
step-000043750.pt,193,1
step-000043750.pt,194,14
step-000050000.pt,0,228
step-000050000.pt,1,99
step-000050000.pt,2,107
step-000050000.pt,3,238
step-000050000.pt,4,60
step-000050000.pt,5,239
step-000050000.pt,6,73
step-000050000.pt,7,239
step-000050000.pt,8,58
step-000050000.pt,9,239
step-000050000.pt,10,102
step-000050000.pt,11,239
step-000050000.pt,12,27
step-000050000.pt,13,239
step-000050000.pt,14,16
step-000050000.pt,15,239
step-000050000.pt,16,24
step-000050000.pt,17,239
step-000050000.pt,18,116
step-000050000.pt,19,239
step-000050000.pt,20,40
step-000050000.pt,21,239
step-000050000.pt,22,60
step-000050000.pt,23,239
step-000050000.pt,24,28
step-000050000.pt,25,239
step-000050000.pt,26,43
step-000050000.pt,27,239
step-000050000.pt,28,57
step-000050000.pt,29,239
step-000050000.pt,30,67
step-000050000.pt,31,239
step-000050000.pt,32,62
step-000050000.pt,33,239
step-000050000.pt,34,59
step-000050000.pt,35,239
step-000050000.pt,36,116
step-000050000.pt,37,239
step-000050000.pt,38,157
step-000050000.pt,39,239
step-000050000.pt,40,106
step-000050000.pt,41,239
step-000050000.pt,42,41
step-000050000.pt,43,239
step-000050000.pt,44,169
step-000050000.pt,45,239
step-000050000.pt,46,63
step-000050000.pt,47,239
step-000050000.pt,48,64
step-000050000.pt,49,1
step-000050000.pt,50,238
step-000050000.pt,51,20
step-000050000.pt,52,239
step-000050000.pt,53,176
step-000050000.pt,54,1
step-000050000.pt,55,238
step-000050000.pt,56,20
step-000050000.pt,57,239
step-000050000.pt,58,144
step-000050000.pt,59,239
step-000050000.pt,60,17
step-000050000.pt,61,239
step-000050000.pt,62,48
step-000050000.pt,63,239
step-000050000.pt,64,35
step-000050000.pt,65,239
step-000050000.pt,66,92
step-000050000.pt,67,239
step-000050000.pt,68,39
step-000050000.pt,69,239
step-000050000.pt,70,60
step-000050000.pt,71,239
step-000050000.pt,72,69
step-000050000.pt,73,239
step-000050000.pt,74,116
step-000050000.pt,75,239
step-000050000.pt,76,100
step-000050000.pt,77,239
step-000050000.pt,78,59
step-000050000.pt,79,239
step-000050000.pt,80,118
step-000050000.pt,81,239
step-000050000.pt,82,62
step-000050000.pt,83,239
step-000050000.pt,84,46
step-000050000.pt,85,239
step-000050000.pt,86,44
step-000050000.pt,87,239
step-000050000.pt,88,87
step-000050000.pt,89,239
step-000050000.pt,90,47
step-000050000.pt,91,239
step-000050000.pt,92,69
step-000050000.pt,93,1
step-000050000.pt,94,238
step-000050000.pt,95,152
step-000050000.pt,96,239
step-000050000.pt,97,27
step-000050000.pt,98,239
step-000050000.pt,99,153
step-000050000.pt,100,239
step-000050000.pt,101,132
step-000050000.pt,102,239
step-000050000.pt,103,32
step-000050000.pt,104,239
step-000050000.pt,105,80
step-000050000.pt,106,239
step-000050000.pt,107,185
step-000050000.pt,108,239
step-000050000.pt,109,225
step-000050000.pt,110,239
step-000050000.pt,111,29
step-000050000.pt,112,239
step-000050000.pt,113,321
step-000050000.pt,114,43
step-000050000.pt,115,1
step-000050000.pt,116,238
step-000050000.pt,117,332
step-000050000.pt,118,239
step-000050000.pt,119,32
step-000050000.pt,120,239
step-000050000.pt,121,61
step-000050000.pt,122,239
step-000050000.pt,123,154
step-000050000.pt,124,239
step-000050000.pt,125,33
step-000050000.pt,126,239
step-000050000.pt,127,32
step-000050000.pt,128,1
step-000050000.pt,129,238
step-000050000.pt,130,63
step-000050000.pt,131,239
step-000050000.pt,132,129
step-000050000.pt,133,239
step-000050000.pt,134,72
step-000050000.pt,135,239
step-000050000.pt,136,18
step-000050000.pt,137,239
step-000050000.pt,138,118
step-000050000.pt,139,239
step-000050000.pt,140,28
step-000050000.pt,141,239
step-000050000.pt,142,70
step-000050000.pt,143,239
step-000050000.pt,144,55
step-000050000.pt,145,1
step-000050000.pt,146,238
step-000050000.pt,147,147
step-000050000.pt,148,1
step-000050000.pt,149,238
step-000050000.pt,150,48
step-000050000.pt,151,239
step-000050000.pt,152,36
step-000050000.pt,153,239
step-000050000.pt,154,87
step-000050000.pt,155,239
step-000050000.pt,156,72
step-000050000.pt,157,239
step-000050000.pt,158,49
step-000050000.pt,159,239
step-000050000.pt,160,56
step-000050000.pt,161,1
step-000050000.pt,162,238
step-000050000.pt,163,93
step-000050000.pt,164,239
step-000050000.pt,165,199
step-000050000.pt,166,239
step-000050000.pt,167,45
step-000050000.pt,168,239
step-000050000.pt,169,60
step-000050000.pt,170,239
step-000050000.pt,171,23
step-000050000.pt,172,239
step-000050000.pt,173,41
step-000050000.pt,174,239
step-000050000.pt,175,31
step-000050000.pt,176,1
step-000050000.pt,177,238
step-000050000.pt,178,78
step-000050000.pt,179,14
step-000056250.pt,0,228
step-000056250.pt,1,99
step-000056250.pt,2,107
step-000056250.pt,3,238
step-000056250.pt,4,60
step-000056250.pt,5,239
step-000056250.pt,6,73
step-000056250.pt,7,239
step-000056250.pt,8,58
step-000056250.pt,9,239
step-000056250.pt,10,102
step-000056250.pt,11,239
step-000056250.pt,12,27
step-000056250.pt,13,239
step-000056250.pt,14,16
step-000056250.pt,15,239
step-000056250.pt,16,24
step-000056250.pt,17,239
step-000056250.pt,18,116
step-000056250.pt,19,239
step-000056250.pt,20,40
step-000056250.pt,21,239
step-000056250.pt,22,60
step-000056250.pt,23,239
step-000056250.pt,24,28
step-000056250.pt,25,239
step-000056250.pt,26,43
step-000056250.pt,27,239
step-000056250.pt,28,57
step-000056250.pt,29,239
step-000056250.pt,30,67
step-000056250.pt,31,239
step-000056250.pt,32,62
step-000056250.pt,33,239
step-000056250.pt,34,59
step-000056250.pt,35,239
step-000056250.pt,36,116
step-000056250.pt,37,239
step-000056250.pt,38,157
step-000056250.pt,39,1
step-000056250.pt,40,238
step-000056250.pt,41,106
step-000056250.pt,42,239
step-000056250.pt,43,41
step-000056250.pt,44,239
step-000056250.pt,45,169
step-000056250.pt,46,239
step-000056250.pt,47,63
step-000056250.pt,48,239
step-000056250.pt,49,64
step-000056250.pt,50,1
step-000056250.pt,51,238
step-000056250.pt,52,20
step-000056250.pt,53,1
step-000056250.pt,54,238
step-000056250.pt,55,176
step-000056250.pt,56,1
step-000056250.pt,57,238
step-000056250.pt,58,20
step-000056250.pt,59,239
step-000056250.pt,60,144
step-000056250.pt,61,1
step-000056250.pt,62,238
step-000056250.pt,63,17
step-000056250.pt,64,239
step-000056250.pt,65,48
step-000056250.pt,66,239
step-000056250.pt,67,35
step-000056250.pt,68,239
step-000056250.pt,69,92
step-000056250.pt,70,239
step-000056250.pt,71,39
step-000056250.pt,72,239
step-000056250.pt,73,60
step-000056250.pt,74,239
step-000056250.pt,75,69
step-000056250.pt,76,239
step-000056250.pt,77,116
step-000056250.pt,78,1
step-000056250.pt,79,238
step-000056250.pt,80,100
step-000056250.pt,81,239
step-000056250.pt,82,59
step-000056250.pt,83,239
step-000056250.pt,84,118
step-000056250.pt,85,239
step-000056250.pt,86,62
step-000056250.pt,87,239
step-000056250.pt,88,46
step-000056250.pt,89,239
step-000056250.pt,90,44
step-000056250.pt,91,239
step-000056250.pt,92,87
step-000056250.pt,93,1
step-000056250.pt,94,238
step-000056250.pt,95,47
step-000056250.pt,96,239
step-000056250.pt,97,69
step-000056250.pt,98,1
step-000056250.pt,99,238
step-000056250.pt,100,152
step-000056250.pt,101,1
step-000056250.pt,102,238
step-000056250.pt,103,27
step-000056250.pt,104,239
step-000056250.pt,105,153
step-000056250.pt,106,239
step-000056250.pt,107,132
step-000056250.pt,108,239
step-000056250.pt,109,32
step-000056250.pt,110,239
step-000056250.pt,111,80
step-000056250.pt,112,239
step-000056250.pt,113,185
step-000056250.pt,114,1
step-000056250.pt,115,238
step-000056250.pt,116,225
step-000056250.pt,117,239
step-000056250.pt,118,29
step-000056250.pt,119,239
step-000056250.pt,120,82
step-000056250.pt,121,239
step-000056250.pt,122,43
step-000056250.pt,123,1
step-000056250.pt,124,238
step-000056250.pt,125,332
step-000056250.pt,126,239
step-000056250.pt,127,32
step-000056250.pt,128,239
step-000056250.pt,129,61
step-000056250.pt,130,239
step-000056250.pt,131,154
step-000056250.pt,132,239
step-000056250.pt,133,33
step-000056250.pt,134,239
step-000056250.pt,135,32
step-000056250.pt,136,1
step-000056250.pt,137,238
step-000056250.pt,138,63
step-000056250.pt,139,239
step-000056250.pt,140,129
step-000056250.pt,141,239
step-000056250.pt,142,72
step-000056250.pt,143,239
step-000056250.pt,144,18
step-000056250.pt,145,239
step-000056250.pt,146,118
step-000056250.pt,147,239
step-000056250.pt,148,28
step-000056250.pt,149,239
step-000056250.pt,150,70
step-000056250.pt,151,239
step-000056250.pt,152,55
step-000056250.pt,153,1
step-000056250.pt,154,238
step-000056250.pt,155,147
step-000056250.pt,156,1
step-000056250.pt,157,238
step-000056250.pt,158,48
step-000056250.pt,159,239
step-000056250.pt,160,36
step-000056250.pt,161,239
step-000056250.pt,162,87
step-000056250.pt,163,239
step-000056250.pt,164,72
step-000056250.pt,165,239
step-000056250.pt,166,50
step-000056250.pt,167,238
step-000056250.pt,168,56
step-000056250.pt,169,1
step-000056250.pt,170,238
step-000056250.pt,171,93
step-000056250.pt,172,239
step-000056250.pt,173,199
step-000056250.pt,174,239
step-000056250.pt,175,45
step-000056250.pt,176,239
step-000056250.pt,177,60
step-000056250.pt,178,239
step-000056250.pt,179,23
step-000056250.pt,180,1
step-000056250.pt,181,238
step-000056250.pt,182,41
step-000056250.pt,183,239
step-000056250.pt,184,31
step-000056250.pt,185,1
step-000056250.pt,186,238
step-000056250.pt,187,77
step-000056250.pt,188,1
step-000056250.pt,189,14
step-000062500.pt,0,228
step-000062500.pt,1,99
step-000062500.pt,2,106
step-000062500.pt,3,1
step-000062500.pt,4,238
step-000062500.pt,5,60
step-000062500.pt,6,239
step-000062500.pt,7,73
step-000062500.pt,8,239
step-000062500.pt,9,58
step-000062500.pt,10,239
step-000062500.pt,11,102
step-000062500.pt,12,239
step-000062500.pt,13,27
step-000062500.pt,14,239
step-000062500.pt,15,16
step-000062500.pt,16,239
step-000062500.pt,17,24
step-000062500.pt,18,239
step-000062500.pt,19,116
step-000062500.pt,20,239
step-000062500.pt,21,40
step-000062500.pt,22,239
step-000062500.pt,23,60
step-000062500.pt,24,239
step-000062500.pt,25,28
step-000062500.pt,26,239
step-000062500.pt,27,43
step-000062500.pt,28,239
step-000062500.pt,29,57
step-000062500.pt,30,239
step-000062500.pt,31,67
step-000062500.pt,32,239
step-000062500.pt,33,62
step-000062500.pt,34,239
step-000062500.pt,35,59
step-000062500.pt,36,239
step-000062500.pt,37,116
step-000062500.pt,38,239
step-000062500.pt,39,157
step-000062500.pt,40,239
step-000062500.pt,41,106
step-000062500.pt,42,239
step-000062500.pt,43,41
step-000062500.pt,44,239
step-000062500.pt,45,169
step-000062500.pt,46,239
step-000062500.pt,47,63
step-000062500.pt,48,239
step-000062500.pt,49,64
step-000062500.pt,50,239
step-000062500.pt,51,20
step-000062500.pt,52,239
step-000062500.pt,53,176
step-000062500.pt,54,239
step-000062500.pt,55,20
step-000062500.pt,56,239
step-000062500.pt,57,383
step-000062500.pt,58,17
step-000062500.pt,59,239
step-000062500.pt,60,48
step-000062500.pt,61,239
step-000062500.pt,62,35
step-000062500.pt,63,239
step-000062500.pt,64,92
step-000062500.pt,65,239
step-000062500.pt,66,39
step-000062500.pt,67,239
step-000062500.pt,68,60
step-000062500.pt,69,239
step-000062500.pt,70,69
step-000062500.pt,71,239
step-000062500.pt,72,116
step-000062500.pt,73,239
step-000062500.pt,74,100
step-000062500.pt,75,239
step-000062500.pt,76,59
step-000062500.pt,77,239
step-000062500.pt,78,118
step-000062500.pt,79,239
step-000062500.pt,80,62
step-000062500.pt,81,239
step-000062500.pt,82,46
step-000062500.pt,83,239
step-000062500.pt,84,44
step-000062500.pt,85,239
step-000062500.pt,86,87
step-000062500.pt,87,239
step-000062500.pt,88,47
step-000062500.pt,89,239
step-000062500.pt,90,69
step-000062500.pt,91,239
step-000062500.pt,92,152
step-000062500.pt,93,239
step-000062500.pt,94,27
step-000062500.pt,95,239
step-000062500.pt,96,153
step-000062500.pt,97,239
step-000062500.pt,98,132
step-000062500.pt,99,239
step-000062500.pt,100,32
step-000062500.pt,101,239
step-000062500.pt,102,80
step-000062500.pt,103,239
step-000062500.pt,104,185
step-000062500.pt,105,239
step-000062500.pt,106,225
step-000062500.pt,107,239
step-000062500.pt,108,29
step-000062500.pt,109,239
step-000062500.pt,110,321
step-000062500.pt,111,43
step-000062500.pt,112,1
step-000062500.pt,113,238
step-000062500.pt,114,332
step-000062500.pt,115,239
step-000062500.pt,116,32
step-000062500.pt,117,239
step-000062500.pt,118,61
step-000062500.pt,119,239
step-000062500.pt,120,154
step-000062500.pt,121,239
step-000062500.pt,122,33
step-000062500.pt,123,239
step-000062500.pt,124,32
step-000062500.pt,125,1
step-000062500.pt,126,238
step-000062500.pt,127,63
step-000062500.pt,128,239
step-000062500.pt,129,129
step-000062500.pt,130,239
step-000062500.pt,131,72
step-000062500.pt,132,239
step-000062500.pt,133,18
step-000062500.pt,134,239
step-000062500.pt,135,118
step-000062500.pt,136,239
step-000062500.pt,137,267
step-000062500.pt,138,70
step-000062500.pt,139,239
step-000062500.pt,140,55
step-000062500.pt,141,239
step-000062500.pt,142,147
step-000062500.pt,143,239
step-000062500.pt,144,48
step-000062500.pt,145,239
step-000062500.pt,146,36
step-000062500.pt,147,239
step-000062500.pt,148,87
step-000062500.pt,149,239
step-000062500.pt,150,72
step-000062500.pt,151,239
step-000062500.pt,152,49
step-000062500.pt,153,239
step-000062500.pt,154,56
step-000062500.pt,155,239
step-000062500.pt,156,93
step-000062500.pt,157,239
step-000062500.pt,158,199
step-000062500.pt,159,239
step-000062500.pt,160,45
step-000062500.pt,161,239
step-000062500.pt,162,60
step-000062500.pt,163,239
step-000062500.pt,164,23
step-000062500.pt,165,239
step-000062500.pt,166,41
step-000062500.pt,167,239
step-000062500.pt,168,31
step-000062500.pt,169,239
step-000062500.pt,170,77
step-000062500.pt,171,15
step-000068750.pt,0,228
step-000068750.pt,1,99
step-000068750.pt,2,106
step-000068750.pt,3,1
step-000068750.pt,4,238
step-000068750.pt,5,60
step-000068750.pt,6,239
step-000068750.pt,7,73
step-000068750.pt,8,239
step-000068750.pt,9,58
step-000068750.pt,10,239
step-000068750.pt,11,102
step-000068750.pt,12,239
step-000068750.pt,13,27
step-000068750.pt,14,239
step-000068750.pt,15,16
step-000068750.pt,16,239
step-000068750.pt,17,24
step-000068750.pt,18,239
step-000068750.pt,19,116
step-000068750.pt,20,239
step-000068750.pt,21,40
step-000068750.pt,22,239
step-000068750.pt,23,60
step-000068750.pt,24,239
step-000068750.pt,25,28
step-000068750.pt,26,239
step-000068750.pt,27,43
step-000068750.pt,28,239
step-000068750.pt,29,57
step-000068750.pt,30,239
step-000068750.pt,31,67
step-000068750.pt,32,239
step-000068750.pt,33,62
step-000068750.pt,34,239
step-000068750.pt,35,59
step-000068750.pt,36,239
step-000068750.pt,37,116
step-000068750.pt,38,239
step-000068750.pt,39,157
step-000068750.pt,40,239
step-000068750.pt,41,106
step-000068750.pt,42,239
step-000068750.pt,43,41
step-000068750.pt,44,239
step-000068750.pt,45,169
step-000068750.pt,46,239
step-000068750.pt,47,63
step-000068750.pt,48,239
step-000068750.pt,49,64
step-000068750.pt,50,239
step-000068750.pt,51,20
step-000068750.pt,52,239
step-000068750.pt,53,176
step-000068750.pt,54,239
step-000068750.pt,55,20
step-000068750.pt,56,239
step-000068750.pt,57,383
step-000068750.pt,58,17
step-000068750.pt,59,239
step-000068750.pt,60,48
step-000068750.pt,61,239
step-000068750.pt,62,35
step-000068750.pt,63,239
step-000068750.pt,64,92
step-000068750.pt,65,239
step-000068750.pt,66,39
step-000068750.pt,67,239
step-000068750.pt,68,60
step-000068750.pt,69,239
step-000068750.pt,70,69
step-000068750.pt,71,239
step-000068750.pt,72,116
step-000068750.pt,73,239
step-000068750.pt,74,100
step-000068750.pt,75,239
step-000068750.pt,76,59
step-000068750.pt,77,239
step-000068750.pt,78,118
step-000068750.pt,79,239
step-000068750.pt,80,62
step-000068750.pt,81,239
step-000068750.pt,82,46
step-000068750.pt,83,239
step-000068750.pt,84,44
step-000068750.pt,85,239
step-000068750.pt,86,87
step-000068750.pt,87,239
step-000068750.pt,88,47
step-000068750.pt,89,239
step-000068750.pt,90,69
step-000068750.pt,91,239
step-000068750.pt,92,152
step-000068750.pt,93,239
step-000068750.pt,94,27
step-000068750.pt,95,239
step-000068750.pt,96,153
step-000068750.pt,97,239
step-000068750.pt,98,132
step-000068750.pt,99,239
step-000068750.pt,100,32
step-000068750.pt,101,239
step-000068750.pt,102,80
step-000068750.pt,103,239
step-000068750.pt,104,185
step-000068750.pt,105,239
step-000068750.pt,106,225
step-000068750.pt,107,239
step-000068750.pt,108,29
step-000068750.pt,109,239
step-000068750.pt,110,82
step-000068750.pt,111,239
step-000068750.pt,112,43
step-000068750.pt,113,239
step-000068750.pt,114,332
step-000068750.pt,115,239
step-000068750.pt,116,32
step-000068750.pt,117,239
step-000068750.pt,118,61
step-000068750.pt,119,239
step-000068750.pt,120,154
step-000068750.pt,121,239
step-000068750.pt,122,33
step-000068750.pt,123,239
step-000068750.pt,124,32
step-000068750.pt,125,239
step-000068750.pt,126,63
step-000068750.pt,127,239
step-000068750.pt,128,129
step-000068750.pt,129,239
step-000068750.pt,130,72
step-000068750.pt,131,239
step-000068750.pt,132,18
step-000068750.pt,133,239
step-000068750.pt,134,118
step-000068750.pt,135,239
step-000068750.pt,136,28
step-000068750.pt,137,239
step-000068750.pt,138,70
step-000068750.pt,139,239
step-000068750.pt,140,55
step-000068750.pt,141,239
step-000068750.pt,142,147
step-000068750.pt,143,239
step-000068750.pt,144,48
step-000068750.pt,145,239
step-000068750.pt,146,36
step-000068750.pt,147,239
step-000068750.pt,148,87
step-000068750.pt,149,239
step-000068750.pt,150,72
step-000068750.pt,151,239
step-000068750.pt,152,49
step-000068750.pt,153,239
step-000068750.pt,154,56
step-000068750.pt,155,239
step-000068750.pt,156,93
step-000068750.pt,157,239
step-000068750.pt,158,199
step-000068750.pt,159,239
step-000068750.pt,160,45
step-000068750.pt,161,239
step-000068750.pt,162,60
step-000068750.pt,163,239
step-000068750.pt,164,23
step-000068750.pt,165,239
step-000068750.pt,166,41
step-000068750.pt,167,239
step-000068750.pt,168,31
step-000068750.pt,169,239
step-000068750.pt,170,77
step-000068750.pt,171,1
step-000068750.pt,172,14
step-000075000.pt,0,228
step-000075000.pt,1,99
step-000075000.pt,2,106
step-000075000.pt,3,239
step-000075000.pt,4,60
step-000075000.pt,5,239
step-000075000.pt,6,73
step-000075000.pt,7,239
step-000075000.pt,8,58
step-000075000.pt,9,239
step-000075000.pt,10,102
step-000075000.pt,11,239
step-000075000.pt,12,27
step-000075000.pt,13,239
step-000075000.pt,14,16
step-000075000.pt,15,239
step-000075000.pt,16,24
step-000075000.pt,17,239
step-000075000.pt,18,116
step-000075000.pt,19,239
step-000075000.pt,20,40
step-000075000.pt,21,239
step-000075000.pt,22,60
step-000075000.pt,23,239
step-000075000.pt,24,28
step-000075000.pt,25,239
step-000075000.pt,26,43
step-000075000.pt,27,239
step-000075000.pt,28,57
step-000075000.pt,29,239
step-000075000.pt,30,67
step-000075000.pt,31,239
step-000075000.pt,32,62
step-000075000.pt,33,239
step-000075000.pt,34,59
step-000075000.pt,35,239
step-000075000.pt,36,116
step-000075000.pt,37,239
step-000075000.pt,38,157
step-000075000.pt,39,239
step-000075000.pt,40,106
step-000075000.pt,41,239
step-000075000.pt,42,41
step-000075000.pt,43,239
step-000075000.pt,44,169
step-000075000.pt,45,239
step-000075000.pt,46,63
step-000075000.pt,47,239
step-000075000.pt,48,64
step-000075000.pt,49,239
step-000075000.pt,50,20
step-000075000.pt,51,239
step-000075000.pt,52,176
step-000075000.pt,53,239
step-000075000.pt,54,20
step-000075000.pt,55,239
step-000075000.pt,56,383
step-000075000.pt,57,17
step-000075000.pt,58,239
step-000075000.pt,59,48
step-000075000.pt,60,239
step-000075000.pt,61,35
step-000075000.pt,62,239
step-000075000.pt,63,92
step-000075000.pt,64,239
step-000075000.pt,65,39
step-000075000.pt,66,239
step-000075000.pt,67,60
step-000075000.pt,68,239
step-000075000.pt,69,69
step-000075000.pt,70,239
step-000075000.pt,71,116
step-000075000.pt,72,239
step-000075000.pt,73,100
step-000075000.pt,74,239
step-000075000.pt,75,59
step-000075000.pt,76,239
step-000075000.pt,77,118
step-000075000.pt,78,239
step-000075000.pt,79,62
step-000075000.pt,80,239
step-000075000.pt,81,46
step-000075000.pt,82,239
step-000075000.pt,83,44
step-000075000.pt,84,239
step-000075000.pt,85,87
step-000075000.pt,86,239
step-000075000.pt,87,47
step-000075000.pt,88,239
step-000075000.pt,89,69
step-000075000.pt,90,239
step-000075000.pt,91,152
step-000075000.pt,92,239
step-000075000.pt,93,27
step-000075000.pt,94,239
step-000075000.pt,95,153
step-000075000.pt,96,239
step-000075000.pt,97,132
step-000075000.pt,98,239
step-000075000.pt,99,32
step-000075000.pt,100,239
step-000075000.pt,101,80
step-000075000.pt,102,239
step-000075000.pt,103,185
step-000075000.pt,104,239
step-000075000.pt,105,225
step-000075000.pt,106,239
step-000075000.pt,107,29
step-000075000.pt,108,239
step-000075000.pt,109,321
step-000075000.pt,110,43
step-000075000.pt,111,239
step-000075000.pt,112,332
step-000075000.pt,113,239
step-000075000.pt,114,32
step-000075000.pt,115,239
step-000075000.pt,116,61
step-000075000.pt,117,239
step-000075000.pt,118,154
step-000075000.pt,119,239
step-000075000.pt,120,33
step-000075000.pt,121,239
step-000075000.pt,122,32
step-000075000.pt,123,1
step-000075000.pt,124,238
step-000075000.pt,125,63
step-000075000.pt,126,239
step-000075000.pt,127,129
step-000075000.pt,128,239
step-000075000.pt,129,72
step-000075000.pt,130,239
step-000075000.pt,131,18
step-000075000.pt,132,239
step-000075000.pt,133,118
step-000075000.pt,134,239
step-000075000.pt,135,28
step-000075000.pt,136,309
step-000075000.pt,137,239
step-000075000.pt,138,55
step-000075000.pt,139,239
step-000075000.pt,140,147
step-000075000.pt,141,239
step-000075000.pt,142,48
step-000075000.pt,143,239
step-000075000.pt,144,36
step-000075000.pt,145,239
step-000075000.pt,146,87
step-000075000.pt,147,239
step-000075000.pt,148,72
step-000075000.pt,149,239
step-000075000.pt,150,49
step-000075000.pt,151,239
step-000075000.pt,152,56
step-000075000.pt,153,239
step-000075000.pt,154,93
step-000075000.pt,155,239
step-000075000.pt,156,199
step-000075000.pt,157,239
step-000075000.pt,158,45
step-000075000.pt,159,239
step-000075000.pt,160,60
step-000075000.pt,161,239
step-000075000.pt,162,23
step-000075000.pt,163,239
step-000075000.pt,164,41
step-000075000.pt,165,239
step-000075000.pt,166,31
step-000075000.pt,167,239
step-000075000.pt,168,77
step-000075000.pt,169,1
step-000075000.pt,170,14
step-000081250.pt,0,228
step-000081250.pt,1,99
step-000081250.pt,2,106
step-000081250.pt,3,1
step-000081250.pt,4,238
step-000081250.pt,5,60
step-000081250.pt,6,239
step-000081250.pt,7,73
step-000081250.pt,8,239
step-000081250.pt,9,58
step-000081250.pt,10,239
step-000081250.pt,11,102
step-000081250.pt,12,239
step-000081250.pt,13,27
step-000081250.pt,14,239
step-000081250.pt,15,16
step-000081250.pt,16,239
step-000081250.pt,17,24
step-000081250.pt,18,239
step-000081250.pt,19,116
step-000081250.pt,20,239
step-000081250.pt,21,40
step-000081250.pt,22,239
step-000081250.pt,23,60
step-000081250.pt,24,239
step-000081250.pt,25,28
step-000081250.pt,26,239
step-000081250.pt,27,43
step-000081250.pt,28,239
step-000081250.pt,29,57
step-000081250.pt,30,239
step-000081250.pt,31,67
step-000081250.pt,32,239
step-000081250.pt,33,62
step-000081250.pt,34,239
step-000081250.pt,35,59
step-000081250.pt,36,239
step-000081250.pt,37,116
step-000081250.pt,38,239
step-000081250.pt,39,157
step-000081250.pt,40,1
step-000081250.pt,41,238
step-000081250.pt,42,106
step-000081250.pt,43,239
step-000081250.pt,44,41
step-000081250.pt,45,239
step-000081250.pt,46,169
step-000081250.pt,47,239
step-000081250.pt,48,63
step-000081250.pt,49,239
step-000081250.pt,50,64
step-000081250.pt,51,239
step-000081250.pt,52,20
step-000081250.pt,53,239
step-000081250.pt,54,176
step-000081250.pt,55,1
step-000081250.pt,56,238
step-000081250.pt,57,20
step-000081250.pt,58,239
step-000081250.pt,59,383
step-000081250.pt,60,17
step-000081250.pt,61,239
step-000081250.pt,62,48
step-000081250.pt,63,239
step-000081250.pt,64,35
step-000081250.pt,65,239
step-000081250.pt,66,92
step-000081250.pt,67,239
step-000081250.pt,68,39
step-000081250.pt,69,239
step-000081250.pt,70,60
step-000081250.pt,71,239
step-000081250.pt,72,69
step-000081250.pt,73,239
step-000081250.pt,74,355
step-000081250.pt,75,100
step-000081250.pt,76,239
step-000081250.pt,77,59
step-000081250.pt,78,239
step-000081250.pt,79,118
step-000081250.pt,80,239
step-000081250.pt,81,62
step-000081250.pt,82,239
step-000081250.pt,83,46
step-000081250.pt,84,239
step-000081250.pt,85,44
step-000081250.pt,86,239
step-000081250.pt,87,87
step-000081250.pt,88,239
step-000081250.pt,89,47
step-000081250.pt,90,239
step-000081250.pt,91,69
step-000081250.pt,92,1
step-000081250.pt,93,238
step-000081250.pt,94,152
step-000081250.pt,95,1
step-000081250.pt,96,238
step-000081250.pt,97,27
step-000081250.pt,98,239
step-000081250.pt,99,153
step-000081250.pt,100,239
step-000081250.pt,101,132
step-000081250.pt,102,239
step-000081250.pt,103,32
step-000081250.pt,104,239
step-000081250.pt,105,80
step-000081250.pt,106,239
step-000081250.pt,107,185
step-000081250.pt,108,239
step-000081250.pt,109,225
step-000081250.pt,110,239
step-000081250.pt,111,29
step-000081250.pt,112,239
step-000081250.pt,113,82
step-000081250.pt,114,239
step-000081250.pt,115,43
step-000081250.pt,116,239
step-000081250.pt,117,332
step-000081250.pt,118,239
step-000081250.pt,119,32
step-000081250.pt,120,239
step-000081250.pt,121,61
step-000081250.pt,122,239
step-000081250.pt,123,154
step-000081250.pt,124,239
step-000081250.pt,125,33
step-000081250.pt,126,239
step-000081250.pt,127,32
step-000081250.pt,128,1
step-000081250.pt,129,238
step-000081250.pt,130,63
step-000081250.pt,131,239
step-000081250.pt,132,129
step-000081250.pt,133,239
step-000081250.pt,134,72
step-000081250.pt,135,239
step-000081250.pt,136,18
step-000081250.pt,137,239
step-000081250.pt,138,118
step-000081250.pt,139,239
step-000081250.pt,140,28
step-000081250.pt,141,239
step-000081250.pt,142,70
step-000081250.pt,143,239
step-000081250.pt,144,55
step-000081250.pt,145,239
step-000081250.pt,146,147
step-000081250.pt,147,1
step-000081250.pt,148,238
step-000081250.pt,149,48
step-000081250.pt,150,239
step-000081250.pt,151,36
step-000081250.pt,152,239
step-000081250.pt,153,87
step-000081250.pt,154,239
step-000081250.pt,155,72
step-000081250.pt,156,239
step-000081250.pt,157,49
step-000081250.pt,158,239
step-000081250.pt,159,56
step-000081250.pt,160,1
step-000081250.pt,161,238
step-000081250.pt,162,93
step-000081250.pt,163,239
step-000081250.pt,164,199
step-000081250.pt,165,239
step-000081250.pt,166,45
step-000081250.pt,167,239
step-000081250.pt,168,60
step-000081250.pt,169,239
step-000081250.pt,170,23
step-000081250.pt,171,239
step-000081250.pt,172,41
step-000081250.pt,173,239
step-000081250.pt,174,31
step-000081250.pt,175,239
step-000081250.pt,176,77
step-000081250.pt,177,1
step-000081250.pt,178,14
step-000087500.pt,0,228
step-000087500.pt,1,99
step-000087500.pt,2,106
step-000087500.pt,3,1
step-000087500.pt,4,238
step-000087500.pt,5,60
step-000087500.pt,6,239
step-000087500.pt,7,73
step-000087500.pt,8,239
step-000087500.pt,9,58
step-000087500.pt,10,239
step-000087500.pt,11,102
step-000087500.pt,12,239
step-000087500.pt,13,27
step-000087500.pt,14,239
step-000087500.pt,15,16
step-000087500.pt,16,239
step-000087500.pt,17,24
step-000087500.pt,18,239
step-000087500.pt,19,116
step-000087500.pt,20,279
step-000087500.pt,21,299
step-000087500.pt,22,239
step-000087500.pt,23,28
step-000087500.pt,24,239
step-000087500.pt,25,43
step-000087500.pt,26,296
step-000087500.pt,27,239
step-000087500.pt,28,67
step-000087500.pt,29,239
step-000087500.pt,30,62
step-000087500.pt,31,239
step-000087500.pt,32,59
step-000087500.pt,33,239
step-000087500.pt,34,116
step-000087500.pt,35,239
step-000087500.pt,36,157
step-000087500.pt,37,239
step-000087500.pt,38,106
step-000087500.pt,39,239
step-000087500.pt,40,41
step-000087500.pt,41,239
step-000087500.pt,42,169
step-000087500.pt,43,239
step-000087500.pt,44,63
step-000087500.pt,45,239
step-000087500.pt,46,64
step-000087500.pt,47,239
step-000087500.pt,48,20
step-000087500.pt,49,239
step-000087500.pt,50,176
step-000087500.pt,51,239
step-000087500.pt,52,20
step-000087500.pt,53,239
step-000087500.pt,54,383
step-000087500.pt,55,17
step-000087500.pt,56,239
step-000087500.pt,57,48
step-000087500.pt,58,239
step-000087500.pt,59,35
step-000087500.pt,60,239
step-000087500.pt,61,92
step-000087500.pt,62,239
step-000087500.pt,63,39
step-000087500.pt,64,239
step-000087500.pt,65,60
step-000087500.pt,66,239
step-000087500.pt,67,69
step-000087500.pt,68,239
step-000087500.pt,69,116
step-000087500.pt,70,239
step-000087500.pt,71,100
step-000087500.pt,72,239
step-000087500.pt,73,59
step-000087500.pt,74,357
step-000087500.pt,75,239
step-000087500.pt,76,62
step-000087500.pt,77,239
step-000087500.pt,78,46
step-000087500.pt,79,239
step-000087500.pt,80,44
step-000087500.pt,81,239
step-000087500.pt,82,87
step-000087500.pt,83,239
step-000087500.pt,84,47
step-000087500.pt,85,239
step-000087500.pt,86,69
step-000087500.pt,87,239
step-000087500.pt,88,152
step-000087500.pt,89,239
step-000087500.pt,90,27
step-000087500.pt,91,239
step-000087500.pt,92,153
step-000087500.pt,93,239
step-000087500.pt,94,132
step-000087500.pt,95,239
step-000087500.pt,96,32
step-000087500.pt,97,319
step-000087500.pt,98,239
step-000087500.pt,99,185
step-000087500.pt,100,239
step-000087500.pt,101,225
step-000087500.pt,102,239
step-000087500.pt,103,29
step-000087500.pt,104,239
step-000087500.pt,105,82
step-000087500.pt,106,282
step-000087500.pt,107,239
step-000087500.pt,108,332
step-000087500.pt,109,239
step-000087500.pt,110,32
step-000087500.pt,111,300
step-000087500.pt,112,239
step-000087500.pt,113,154
step-000087500.pt,114,239
step-000087500.pt,115,33
step-000087500.pt,116,271
step-000087500.pt,117,239
step-000087500.pt,118,63
step-000087500.pt,119,239
step-000087500.pt,120,129
step-000087500.pt,121,311
step-000087500.pt,122,239
step-000087500.pt,123,18
step-000087500.pt,124,239
step-000087500.pt,125,118
step-000087500.pt,126,239
step-000087500.pt,127,28
step-000087500.pt,128,309
step-000087500.pt,129,239
step-000087500.pt,130,55
step-000087500.pt,131,239
step-000087500.pt,132,147
step-000087500.pt,133,239
step-000087500.pt,134,48
step-000087500.pt,135,239
step-000087500.pt,136,36
step-000087500.pt,137,239
step-000087500.pt,138,87
step-000087500.pt,139,239
step-000087500.pt,140,72
step-000087500.pt,141,239
step-000087500.pt,142,49
step-000087500.pt,143,239
step-000087500.pt,144,56
step-000087500.pt,145,239
step-000087500.pt,146,93
step-000087500.pt,147,239
step-000087500.pt,148,199
step-000087500.pt,149,239
step-000087500.pt,150,45
step-000087500.pt,151,239
step-000087500.pt,152,60
step-000087500.pt,153,239
step-000087500.pt,154,23
step-000087500.pt,155,239
step-000087500.pt,156,41
step-000087500.pt,157,239
step-000087500.pt,158,31
step-000087500.pt,159,239
step-000087500.pt,160,77
step-000087500.pt,161,1
step-000087500.pt,162,14
step-000093750.pt,0,228
step-000093750.pt,1,99
step-000093750.pt,2,106
step-000093750.pt,3,1
step-000093750.pt,4,238
step-000093750.pt,5,60
step-000093750.pt,6,239
step-000093750.pt,7,73
step-000093750.pt,8,239
step-000093750.pt,9,58
step-000093750.pt,10,239
step-000093750.pt,11,102
step-000093750.pt,12,239
step-000093750.pt,13,27
step-000093750.pt,14,239
step-000093750.pt,15,16
step-000093750.pt,16,239
step-000093750.pt,17,24
step-000093750.pt,18,239
step-000093750.pt,19,116
step-000093750.pt,20,279
step-000093750.pt,21,299
step-000093750.pt,22,239
step-000093750.pt,23,28
step-000093750.pt,24,239
step-000093750.pt,25,43
step-000093750.pt,26,239
step-000093750.pt,27,57
step-000093750.pt,28,239
step-000093750.pt,29,67
step-000093750.pt,30,239
step-000093750.pt,31,62
step-000093750.pt,32,239
step-000093750.pt,33,59
step-000093750.pt,34,239
step-000093750.pt,35,116
step-000093750.pt,36,239
step-000093750.pt,37,157
step-000093750.pt,38,239
step-000093750.pt,39,106
step-000093750.pt,40,239
step-000093750.pt,41,41
step-000093750.pt,42,239
step-000093750.pt,43,169
step-000093750.pt,44,239
step-000093750.pt,45,63
step-000093750.pt,46,239
step-000093750.pt,47,64
step-000093750.pt,48,239
step-000093750.pt,49,20
step-000093750.pt,50,239
step-000093750.pt,51,176
step-000093750.pt,52,239
step-000093750.pt,53,20
step-000093750.pt,54,239
step-000093750.pt,55,383
step-000093750.pt,56,17
step-000093750.pt,57,239
step-000093750.pt,58,48
step-000093750.pt,59,239
step-000093750.pt,60,35
step-000093750.pt,61,239
step-000093750.pt,62,92
step-000093750.pt,63,239
step-000093750.pt,64,39
step-000093750.pt,65,239
step-000093750.pt,66,60
step-000093750.pt,67,239
step-000093750.pt,68,69
step-000093750.pt,69,239
step-000093750.pt,70,116
step-000093750.pt,71,239
step-000093750.pt,72,100
step-000093750.pt,73,239
step-000093750.pt,74,59
step-000093750.pt,75,239
step-000093750.pt,76,118
step-000093750.pt,77,239
step-000093750.pt,78,62
step-000093750.pt,79,239
step-000093750.pt,80,46
step-000093750.pt,81,239
step-000093750.pt,82,44
step-000093750.pt,83,239
step-000093750.pt,84,87
step-000093750.pt,85,239
step-000093750.pt,86,47
step-000093750.pt,87,239
step-000093750.pt,88,69
step-000093750.pt,89,1
step-000093750.pt,90,238
step-000093750.pt,91,152
step-000093750.pt,92,239
step-000093750.pt,93,27
step-000093750.pt,94,239
step-000093750.pt,95,153
step-000093750.pt,96,239
step-000093750.pt,97,132
step-000093750.pt,98,239
step-000093750.pt,99,32
step-000093750.pt,100,319
step-000093750.pt,101,239
step-000093750.pt,102,185
step-000093750.pt,103,239
step-000093750.pt,104,225
step-000093750.pt,105,239
step-000093750.pt,106,29
step-000093750.pt,107,239
step-000093750.pt,108,82
step-000093750.pt,109,282
step-000093750.pt,110,239
step-000093750.pt,111,332
step-000093750.pt,112,239
step-000093750.pt,113,32
step-000093750.pt,114,300
step-000093750.pt,115,239
step-000093750.pt,116,154
step-000093750.pt,117,239
step-000093750.pt,118,33
step-000093750.pt,119,271
step-000093750.pt,120,1
step-000093750.pt,121,238
step-000093750.pt,122,63
step-000093750.pt,123,239
step-000093750.pt,124,129
step-000093750.pt,125,311
step-000093750.pt,126,239
step-000093750.pt,127,18
step-000093750.pt,128,239
step-000093750.pt,129,118
step-000093750.pt,130,239
step-000093750.pt,131,28
step-000093750.pt,132,239
step-000093750.pt,133,70
step-000093750.pt,134,239
step-000093750.pt,135,55
step-000093750.pt,136,239
step-000093750.pt,137,147
step-000093750.pt,138,1
step-000093750.pt,139,238
step-000093750.pt,140,48
step-000093750.pt,141,239
step-000093750.pt,142,36
step-000093750.pt,143,239
step-000093750.pt,144,87
step-000093750.pt,145,239
step-000093750.pt,146,72
step-000093750.pt,147,239
step-000093750.pt,148,49
step-000093750.pt,149,239
step-000093750.pt,150,295
step-000093750.pt,151,93
step-000093750.pt,152,239
step-000093750.pt,153,199
step-000093750.pt,154,239
step-000093750.pt,155,45
step-000093750.pt,156,239
step-000093750.pt,157,60
step-000093750.pt,158,239
step-000093750.pt,159,23
step-000093750.pt,160,239
step-000093750.pt,161,41
step-000093750.pt,162,239
step-000093750.pt,163,31
step-000093750.pt,164,239
step-000093750.pt,165,77
step-000093750.pt,166,1
step-000093750.pt,167,14
step-000100000.pt,0,228
step-000100000.pt,1,99
step-000100000.pt,2,106
step-000100000.pt,3,1
step-000100000.pt,4,238
step-000100000.pt,5,60
step-000100000.pt,6,239
step-000100000.pt,7,73
step-000100000.pt,8,239
step-000100000.pt,9,58
step-000100000.pt,10,239
step-000100000.pt,11,102
step-000100000.pt,12,239
step-000100000.pt,13,27
step-000100000.pt,14,239
step-000100000.pt,15,16
step-000100000.pt,16,239
step-000100000.pt,17,24
step-000100000.pt,18,239
step-000100000.pt,19,116
step-000100000.pt,20,239
step-000100000.pt,21,40
step-000100000.pt,22,239
step-000100000.pt,23,60
step-000100000.pt,24,239
step-000100000.pt,25,28
step-000100000.pt,26,239
step-000100000.pt,27,43
step-000100000.pt,28,239
step-000100000.pt,29,57
step-000100000.pt,30,239
step-000100000.pt,31,67
step-000100000.pt,32,239
step-000100000.pt,33,62
step-000100000.pt,34,239
step-000100000.pt,35,59
step-000100000.pt,36,239
step-000100000.pt,37,116
step-000100000.pt,38,1
step-000100000.pt,39,238
step-000100000.pt,40,157
step-000100000.pt,41,1
step-000100000.pt,42,238
step-000100000.pt,43,106
step-000100000.pt,44,239
step-000100000.pt,45,41
step-000100000.pt,46,239
step-000100000.pt,47,169
step-000100000.pt,48,239
step-000100000.pt,49,63
step-000100000.pt,50,239
step-000100000.pt,51,64
step-000100000.pt,52,1
step-000100000.pt,53,238
step-000100000.pt,54,20
step-000100000.pt,55,1
step-000100000.pt,56,238
step-000100000.pt,57,176
step-000100000.pt,58,1
step-000100000.pt,59,238
step-000100000.pt,60,20
step-000100000.pt,61,239
step-000100000.pt,62,144
step-000100000.pt,63,1
step-000100000.pt,64,238
step-000100000.pt,65,17
step-000100000.pt,66,239
step-000100000.pt,67,48
step-000100000.pt,68,239
step-000100000.pt,69,35
step-000100000.pt,70,239
step-000100000.pt,71,92
step-000100000.pt,72,239
step-000100000.pt,73,39
step-000100000.pt,74,239
step-000100000.pt,75,60
step-000100000.pt,76,239
step-000100000.pt,77,69
step-000100000.pt,78,239
step-000100000.pt,79,116
step-000100000.pt,80,1
step-000100000.pt,81,238
step-000100000.pt,82,100
step-000100000.pt,83,239
step-000100000.pt,84,59
step-000100000.pt,85,239
step-000100000.pt,86,118
step-000100000.pt,87,239
step-000100000.pt,88,62
step-000100000.pt,89,239
step-000100000.pt,90,46
step-000100000.pt,91,239
step-000100000.pt,92,44
step-000100000.pt,93,239
step-000100000.pt,94,87
step-000100000.pt,95,1
step-000100000.pt,96,238
step-000100000.pt,97,47
step-000100000.pt,98,239
step-000100000.pt,99,69
step-000100000.pt,100,1
step-000100000.pt,101,238
step-000100000.pt,102,152
step-000100000.pt,103,1
step-000100000.pt,104,238
step-000100000.pt,105,27
step-000100000.pt,106,239
step-000100000.pt,107,153
step-000100000.pt,108,239
step-000100000.pt,109,132
step-000100000.pt,110,239
step-000100000.pt,111,32
step-000100000.pt,112,239
step-000100000.pt,113,80
step-000100000.pt,114,239
step-000100000.pt,115,185
step-000100000.pt,116,1
step-000100000.pt,117,238
step-000100000.pt,118,225
step-000100000.pt,119,239
step-000100000.pt,120,29
step-000100000.pt,121,239
step-000100000.pt,122,82
step-000100000.pt,123,239
step-000100000.pt,124,43
step-000100000.pt,125,1
step-000100000.pt,126,238
step-000100000.pt,127,332
step-000100000.pt,128,239
step-000100000.pt,129,32
step-000100000.pt,130,239
step-000100000.pt,131,61
step-000100000.pt,132,239
step-000100000.pt,133,154
step-000100000.pt,134,239
step-000100000.pt,135,33
step-000100000.pt,136,239
step-000100000.pt,137,32
step-000100000.pt,138,1
step-000100000.pt,139,238
step-000100000.pt,140,63
step-000100000.pt,141,239
step-000100000.pt,142,129
step-000100000.pt,143,239
step-000100000.pt,144,72
step-000100000.pt,145,239
step-000100000.pt,146,18
step-000100000.pt,147,239
step-000100000.pt,148,118
step-000100000.pt,149,239
step-000100000.pt,150,28
step-000100000.pt,151,239
step-000100000.pt,152,70
step-000100000.pt,153,239
step-000100000.pt,154,55
step-000100000.pt,155,1
step-000100000.pt,156,238
step-000100000.pt,157,147
step-000100000.pt,158,1
step-000100000.pt,159,238
step-000100000.pt,160,48
step-000100000.pt,161,239
step-000100000.pt,162,36
step-000100000.pt,163,239
step-000100000.pt,164,87
step-000100000.pt,165,239
step-000100000.pt,166,72
step-000100000.pt,167,239
step-000100000.pt,168,49
step-000100000.pt,169,1
step-000100000.pt,170,238
step-000100000.pt,171,56
step-000100000.pt,172,1
step-000100000.pt,173,238
step-000100000.pt,174,93
step-000100000.pt,175,239
step-000100000.pt,176,199
step-000100000.pt,177,239
step-000100000.pt,178,45
step-000100000.pt,179,239
step-000100000.pt,180,60
step-000100000.pt,181,239
step-000100000.pt,182,23
step-000100000.pt,183,1
step-000100000.pt,184,238
step-000100000.pt,185,41
step-000100000.pt,186,239
step-000100000.pt,187,31
step-000100000.pt,188,239
step-000100000.pt,189,77
step-000100000.pt,190,1
step-000100000.pt,191,14
latest.pt,0,228
latest.pt,1,99
latest.pt,2,106
latest.pt,3,1
latest.pt,4,238
latest.pt,5,60
latest.pt,6,239
latest.pt,7,73
latest.pt,8,239
latest.pt,9,58
latest.pt,10,239
latest.pt,11,102
latest.pt,12,239
latest.pt,13,27
latest.pt,14,239
latest.pt,15,16
latest.pt,16,239
latest.pt,17,24
latest.pt,18,239
latest.pt,19,116
latest.pt,20,239
latest.pt,21,40
latest.pt,22,239
latest.pt,23,60
latest.pt,24,239
latest.pt,25,28
latest.pt,26,239
latest.pt,27,43
latest.pt,28,239
latest.pt,29,57
latest.pt,30,239
latest.pt,31,67
latest.pt,32,239
latest.pt,33,62
latest.pt,34,239
latest.pt,35,59
latest.pt,36,239
latest.pt,37,116
latest.pt,38,239
latest.pt,39,157
latest.pt,40,1
latest.pt,41,238
latest.pt,42,106
latest.pt,43,239
latest.pt,44,41
latest.pt,45,239
latest.pt,46,169
latest.pt,47,239
latest.pt,48,63
latest.pt,49,239
latest.pt,50,64
latest.pt,51,1
latest.pt,52,238
latest.pt,53,20
latest.pt,54,239
latest.pt,55,176
latest.pt,56,239
latest.pt,57,20
latest.pt,58,239
latest.pt,59,145
latest.pt,60,238
latest.pt,61,17
latest.pt,62,239
latest.pt,63,48
latest.pt,64,239
latest.pt,65,35
latest.pt,66,239
latest.pt,67,92
latest.pt,68,239
latest.pt,69,39
latest.pt,70,239
latest.pt,71,60
latest.pt,72,239
latest.pt,73,69
latest.pt,74,239
latest.pt,75,116
latest.pt,76,239
latest.pt,77,100
latest.pt,78,239
latest.pt,79,59
latest.pt,80,239
latest.pt,81,118
latest.pt,82,239
latest.pt,83,62
latest.pt,84,239
latest.pt,85,46
latest.pt,86,239
latest.pt,87,44
latest.pt,88,239
latest.pt,89,87
latest.pt,90,1
latest.pt,91,238
latest.pt,92,47
latest.pt,93,239
latest.pt,94,69
latest.pt,95,1
latest.pt,96,238
latest.pt,97,152
latest.pt,98,1
latest.pt,99,238
latest.pt,100,27
latest.pt,101,239
latest.pt,102,153
latest.pt,103,239
latest.pt,104,132
latest.pt,105,239
latest.pt,106,32
latest.pt,107,239
latest.pt,108,80
latest.pt,109,239
latest.pt,110,185
latest.pt,111,239
latest.pt,112,225
latest.pt,113,239
latest.pt,114,29
latest.pt,115,239
latest.pt,116,82
latest.pt,117,239
latest.pt,118,43
latest.pt,119,239
latest.pt,120,332
latest.pt,121,239
latest.pt,122,32
latest.pt,123,239
latest.pt,124,61
latest.pt,125,239
latest.pt,126,154
latest.pt,127,239
latest.pt,128,33
latest.pt,129,239
latest.pt,130,32
latest.pt,131,1
latest.pt,132,238
latest.pt,133,63
latest.pt,134,239
latest.pt,135,129
latest.pt,136,239
latest.pt,137,72
latest.pt,138,239
latest.pt,139,18
latest.pt,140,239
latest.pt,141,118
latest.pt,142,239
latest.pt,143,28
latest.pt,144,239
latest.pt,145,70
latest.pt,146,239
latest.pt,147,55
latest.pt,148,239
latest.pt,149,147
latest.pt,150,1
latest.pt,151,238
latest.pt,152,48
latest.pt,153,239
latest.pt,154,36
latest.pt,155,239
latest.pt,156,87
latest.pt,157,239
latest.pt,158,72
latest.pt,159,239
latest.pt,160,49
latest.pt,161,1
latest.pt,162,238
latest.pt,163,56
latest.pt,164,239
latest.pt,165,93
latest.pt,166,239
latest.pt,167,199
latest.pt,168,239
latest.pt,169,45
latest.pt,170,239
latest.pt,171,60
latest.pt,172,239
latest.pt,173,23
latest.pt,174,239
latest.pt,175,41
latest.pt,176,239
latest.pt,177,31
latest.pt,178,239
latest.pt,179,77
latest.pt,180,1
latest.pt,181,14
